2026-04-08 14:59:45.741 | WARNING  | pipeline.phase1_acquisition:<module>:19 - Không tìm thấy GITHUB_TOKEN trong .env. Quá trình fetch API có thể bị giới hạn.
2026-04-08 14:59:46.139 | INFO     | __main__:main:15 - 🔥 KHỞI CHẠY PIPELINE CODE SMELL (ASYNC & MULTIPROCESSING) 🔥
2026-04-08 14:59:46.139 | INFO     | __main__:main:25 - >>> START PHASE 1: DATA ACQUISITION
2026-04-08 14:59:46.140 | INFO     | pipeline.phase1_acquisition:crawl_repositories:67 - Đang fetch repositories với query: language:C++ language:C stars:>10 topic:algorithm
2026-04-08 14:59:51.333 | INFO     | pipeline.phase1_acquisition:crawl_repositories:67 - Đang fetch repositories với query: language:C++ language:C stars:>10 topic:driver
2026-04-08 14:59:51.333 | INFO     | pipeline.phase1_acquisition:crawl_repositories:67 - Đang fetch repositories với query: language:C++ language:C stars:>10 topic:embedded
2026-04-08 14:59:51.334 | INFO     | pipeline.phase1_acquisition:crawl_repositories:90 - Hoàn thành crawl 10 repos.
2026-04-08 14:59:51.334 | INFO     | pipeline.phase1_acquisition:run_phase1_acquisition:127 - Bắt đầu clone các repo đã thu thập...
2026-04-08 14:59:51.335 | INFO     | pipeline.phase1_acquisition:clone_repository:95 - Đang shallow clone interview...
2026-04-08 14:59:51.336 | INFO     | pipeline.phase1_acquisition:clone_repository:95 - Đang shallow clone C-Plus-Plus...
2026-04-08 14:59:51.337 | INFO     | pipeline.phase1_acquisition:clone_repository:95 - Đang shallow clone cosmos...
2026-04-08 14:59:53.354 | INFO     | pipeline.phase1_acquisition:clone_repository:116 - Clone C-Plus-Plus thành công.
2026-04-08 14:59:53.360 | INFO     | pipeline.phase1_acquisition:clone_repository:95 - Đang shallow clone MyTinySTL...
2026-04-08 14:59:54.934 | INFO     | pipeline.phase1_acquisition:clone_repository:116 - Clone MyTinySTL thành công.
2026-04-08 14:59:54.941 | INFO     | pipeline.phase1_acquisition:clone_repository:95 - Đang shallow clone Learn-Algorithms...
2026-04-08 14:59:56.801 | INFO     | pipeline.phase1_acquisition:clone_repository:116 - Clone Learn-Algorithms thành công.
2026-04-08 14:59:56.807 | INFO     | pipeline.phase1_acquisition:clone_repository:95 - Đang shallow clone trader...
2026-04-08 14:59:57.076 | INFO     | pipeline.phase1_acquisition:clone_repository:116 - Clone interview thành công.
2026-04-08 14:59:57.083 | INFO     | pipeline.phase1_acquisition:clone_repository:95 - Đang shallow clone algorithms_and_data_structures...
2026-04-08 14:59:58.370 | INFO     | pipeline.phase1_acquisition:clone_repository:116 - Clone algorithms_and_data_structures thành công.
2026-04-08 14:59:58.376 | INFO     | pipeline.phase1_acquisition:clone_repository:95 - Đang shallow clone LeetCode-Solutions...
2026-04-08 14:59:59.906 | INFO     | pipeline.phase1_acquisition:clone_repository:116 - Clone trader thành công.
2026-04-08 14:59:59.912 | INFO     | pipeline.phase1_acquisition:clone_repository:95 - Đang shallow clone tbox...
2026-04-08 15:00:01.258 | INFO     | pipeline.phase1_acquisition:clone_repository:116 - Clone LeetCode-Solutions thành công.
2026-04-08 15:00:01.263 | INFO     | pipeline.phase1_acquisition:clone_repository:95 - Đang shallow clone klib...
2026-04-08 15:00:02.490 | INFO     | pipeline.phase1_acquisition:clone_repository:116 - Clone tbox thành công.
2026-04-08 15:00:04.703 | INFO     | pipeline.phase1_acquisition:clone_repository:116 - Clone klib thành công.
2026-04-08 15:00:45.318 | INFO     | pipeline.phase1_acquisition:clone_repository:116 - Clone cosmos thành công.
2026-04-08 15:00:45.325 | INFO     | pipeline.phase1_acquisition:run_phase1_acquisition:141 - Hoàn thành Giai đoạn 1 (Data Acquisition).
2026-04-08 15:00:45.326 | INFO     | __main__:main:31 - >>> START PHASE 2: ENGINEERING
2026-04-08 15:00:45.326 | INFO     | pipeline.phase2_engineering:run_phase2_engineering:99 - Phase 2: Bắt đầu xử lý 10 repository.
2026-04-08 15:00:45.326 | INFO     | pipeline.phase2_engineering:__init__:26 - Kết nối Joern Server tại localhost:9000 thành công.
2026-04-08 15:00:45.329 | INFO     | pipeline.phase2_engineering:extract_features:37 - Yêu cầu Joern Server import dự án temp_data/interview
2026-04-08 15:00:45.329 | ERROR    | pipeline.phase2_engineering:extract_features:63 - Lỗi extract joern cpgqls: This event loop is already running
2026-04-08 15:00:45.339 | INFO     | pipeline.phase2_engineering:extract_features:37 - Yêu cầu Joern Server import dự án temp_data/C-Plus-Plus
2026-04-08 15:00:45.339 | ERROR    | pipeline.phase2_engineering:extract_features:63 - Lỗi extract joern cpgqls: This event loop is already running
2026-04-08 15:00:45.344 | INFO     | pipeline.phase2_engineering:extract_features:37 - Yêu cầu Joern Server import dự án temp_data/cosmos
2026-04-08 15:00:45.345 | ERROR    | pipeline.phase2_engineering:extract_features:63 - Lỗi extract joern cpgqls: This event loop is already running
2026-04-08 15:00:45.350 | INFO     | pipeline.phase2_engineering:extract_features:37 - Yêu cầu Joern Server import dự án temp_data/MyTinySTL
2026-04-08 15:00:45.350 | ERROR    | pipeline.phase2_engineering:extract_features:63 - Lỗi extract joern cpgqls: This event loop is already running
2026-04-08 15:00:45.356 | INFO     | pipeline.phase2_engineering:extract_features:37 - Yêu cầu Joern Server import dự án temp_data/Learn-Algorithms
2026-04-08 15:00:45.356 | ERROR    | pipeline.phase2_engineering:extract_features:63 - Lỗi extract joern cpgqls: This event loop is already running
2026-04-08 15:00:45.361 | INFO     | pipeline.phase2_engineering:extract_features:37 - Yêu cầu Joern Server import dự án temp_data/trader
2026-04-08 15:00:45.361 | ERROR    | pipeline.phase2_engineering:extract_features:63 - Lỗi extract joern cpgqls: This event loop is already running
2026-04-08 15:00:45.366 | INFO     | pipeline.phase2_engineering:extract_features:37 - Yêu cầu Joern Server import dự án temp_data/algorithms_and_data_structures
2026-04-08 15:00:45.367 | ERROR    | pipeline.phase2_engineering:extract_features:63 - Lỗi extract joern cpgqls: This event loop is already running
2026-04-08 15:00:45.372 | INFO     | pipeline.phase2_engineering:extract_features:37 - Yêu cầu Joern Server import dự án temp_data/LeetCode-Solutions
2026-04-08 15:00:45.372 | ERROR    | pipeline.phase2_engineering:extract_features:63 - Lỗi extract joern cpgqls: This event loop is already running
2026-04-08 15:00:45.378 | INFO     | pipeline.phase2_engineering:extract_features:37 - Yêu cầu Joern Server import dự án temp_data/tbox
2026-04-08 15:00:45.378 | ERROR    | pipeline.phase2_engineering:extract_features:63 - Lỗi extract joern cpgqls: This event loop is already running
2026-04-08 15:00:45.384 | INFO     | pipeline.phase2_engineering:extract_features:37 - Yêu cầu Joern Server import dự án temp_data/klib
2026-04-08 15:00:45.384 | ERROR    | pipeline.phase2_engineering:extract_features:63 - Lỗi extract joern cpgqls: This event loop is already running
2026-04-08 15:00:45.389 | INFO     | pipeline.phase2_engineering:run_phase2_engineering:167 - Hoàn thành Giai đoạn 2 (Engineering).
2026-04-08 15:00:45.390 | INFO     | __main__:main:40 - >>> START PHASE 3: AI SYNTHESIS
2026-04-08 15:00:45.390 | INFO     | pipeline.phase3_synthesis:run_phase3_synthesis:97 - Phase 3: Bắt đầu gửi API cho 10 repository.
2026-04-08 15:00:45.390 | ERROR    | pipeline.phase3_synthesis:__init__:31 - DEEPSEEK_API key is missing in .env
2026-04-08 15:00:45.504 | INFO     | pipeline.phase3_synthesis:run_phase3_synthesis:132 - Hoàn thành Giai đoạn 3 (AI Synthesis).
2026-04-08 15:00:45.504 | INFO     | __main__:main:49 - >>> START PHASE 4: QA VALIDATION
2026-04-08 15:00:45.504 | INFO     | pipeline.phase4_validation:run_phase4_validation:57 - Phase 4: Bắt đầu Validating logic cho 10 repository.
2026-04-08 15:00:45.569 | INFO     | pipeline.phase4_validation:run_phase4_validation:100 - Hoàn thành Giai đoạn 4 (QA & Refinement).
2026-04-08 15:00:45.569 | INFO     | __main__:main:56 - 🎉 TOÀN BỘ TIẾN TRÌNH DATASET ĐÃ HOÀN TẤT 🎉
2026-04-08 15:06:15.079 | WARNING  | pipeline.phase1_acquisition:<module>:19 - Không tìm thấy GITHUB_TOKEN trong .env. Quá trình fetch API có thể bị giới hạn.
2026-04-08 15:06:15.246 | INFO     | __main__:main:18 - 🔥 KHỞI CHẠY PIPELINE CODE SMELL (ASYNC & MULTIPROCESSING) 🔥
2026-04-08 15:06:15.247 | INFO     | __main__:main:28 - >>> START PHASE 1: DATA ACQUISITION
2026-04-08 15:06:15.248 | INFO     | pipeline.phase1_acquisition:crawl_repositories:67 - Đang fetch repositories với query: language:C++ language:C stars:>10 topic:algorithm
2026-04-08 15:06:21.150 | INFO     | pipeline.phase1_acquisition:crawl_repositories:67 - Đang fetch repositories với query: language:C++ language:C stars:>10 topic:driver
2026-04-08 15:06:21.150 | INFO     | pipeline.phase1_acquisition:crawl_repositories:67 - Đang fetch repositories với query: language:C++ language:C stars:>10 topic:embedded
2026-04-08 15:06:21.151 | INFO     | pipeline.phase1_acquisition:crawl_repositories:90 - Hoàn thành crawl 10 repos.
2026-04-08 15:06:21.151 | INFO     | pipeline.phase1_acquisition:run_phase1_acquisition:127 - Bắt đầu clone các repo đã thu thập...
2026-04-08 15:06:21.151 | INFO     | pipeline.phase1_acquisition:clone_repository:95 - Đang shallow clone interview...
2026-04-08 15:06:21.151 | INFO     | pipeline.phase1_acquisition:clone_repository:98 - Repo interview đã tồn tại, skip clone.
2026-04-08 15:06:21.158 | INFO     | pipeline.phase1_acquisition:clone_repository:95 - Đang shallow clone C-Plus-Plus...
2026-04-08 15:06:21.158 | INFO     | pipeline.phase1_acquisition:clone_repository:98 - Repo C-Plus-Plus đã tồn tại, skip clone.
2026-04-08 15:06:21.164 | INFO     | pipeline.phase1_acquisition:clone_repository:95 - Đang shallow clone cosmos...
2026-04-08 15:06:21.164 | INFO     | pipeline.phase1_acquisition:clone_repository:98 - Repo cosmos đã tồn tại, skip clone.
2026-04-08 15:06:21.170 | INFO     | pipeline.phase1_acquisition:clone_repository:95 - Đang shallow clone MyTinySTL...
2026-04-08 15:06:21.170 | INFO     | pipeline.phase1_acquisition:clone_repository:98 - Repo MyTinySTL đã tồn tại, skip clone.
2026-04-08 15:06:21.177 | INFO     | pipeline.phase1_acquisition:clone_repository:95 - Đang shallow clone Learn-Algorithms...
2026-04-08 15:06:21.177 | INFO     | pipeline.phase1_acquisition:clone_repository:98 - Repo Learn-Algorithms đã tồn tại, skip clone.
2026-04-08 15:06:21.183 | INFO     | pipeline.phase1_acquisition:clone_repository:95 - Đang shallow clone trader...
2026-04-08 15:06:21.183 | INFO     | pipeline.phase1_acquisition:clone_repository:98 - Repo trader đã tồn tại, skip clone.
2026-04-08 15:06:21.189 | INFO     | pipeline.phase1_acquisition:clone_repository:95 - Đang shallow clone algorithms_and_data_structures...
2026-04-08 15:06:21.189 | INFO     | pipeline.phase1_acquisition:clone_repository:98 - Repo algorithms_and_data_structures đã tồn tại, skip clone.
2026-04-08 15:06:21.195 | INFO     | pipeline.phase1_acquisition:clone_repository:95 - Đang shallow clone LeetCode-Solutions...
2026-04-08 15:06:21.195 | INFO     | pipeline.phase1_acquisition:clone_repository:98 - Repo LeetCode-Solutions đã tồn tại, skip clone.
2026-04-08 15:06:21.201 | INFO     | pipeline.phase1_acquisition:clone_repository:95 - Đang shallow clone tbox...
2026-04-08 15:06:21.201 | INFO     | pipeline.phase1_acquisition:clone_repository:98 - Repo tbox đã tồn tại, skip clone.
2026-04-08 15:06:21.207 | INFO     | pipeline.phase1_acquisition:clone_repository:95 - Đang shallow clone klib...
2026-04-08 15:06:21.207 | INFO     | pipeline.phase1_acquisition:clone_repository:98 - Repo klib đã tồn tại, skip clone.
2026-04-08 15:06:21.213 | INFO     | pipeline.phase1_acquisition:run_phase1_acquisition:141 - Hoàn thành Giai đoạn 1 (Data Acquisition).
2026-04-08 15:06:21.213 | INFO     | __main__:main:34 - >>> START PHASE 2: ENGINEERING
2026-04-08 15:06:21.213 | INFO     | pipeline.phase2_engineering:run_phase2_engineering:99 - Phase 2: Bắt đầu xử lý 10 repository.
2026-04-08 15:06:21.214 | INFO     | pipeline.phase2_engineering:__init__:26 - Kết nối Joern Server tại localhost:9000 thành công.
2026-04-08 15:06:21.215 | INFO     | pipeline.phase2_engineering:extract_features:37 - Yêu cầu Joern Server import dự án temp_data/interview
2026-04-08 15:06:31.280 | ERROR    | pipeline.phase2_engineering:extract_features:63 - Lỗi extract joern cpgqls: Multiple exceptions: [Errno 111] Connect call failed ('::1', 9000, 0, 0), [Errno 111] Connect call failed ('127.0.0.1', 9000)
2026-04-08 15:06:31.287 | INFO     | pipeline.phase2_engineering:extract_features:37 - Yêu cầu Joern Server import dự án temp_data/C-Plus-Plus
2026-04-08 15:06:31.288 | ERROR    | pipeline.phase2_engineering:extract_features:63 - Lỗi extract joern cpgqls: Multiple exceptions: [Errno 111] Connect call failed ('::1', 9000, 0, 0), [Errno 111] Connect call failed ('127.0.0.1', 9000)
2026-04-08 15:06:31.294 | INFO     | pipeline.phase2_engineering:extract_features:37 - Yêu cầu Joern Server import dự án temp_data/cosmos
2026-04-08 15:06:41.307 | ERROR    | pipeline.phase2_engineering:extract_features:63 - Lỗi extract joern cpgqls: Multiple exceptions: [Errno 111] Connect call failed ('::1', 9000, 0, 0), [Errno 111] Connect call failed ('127.0.0.1', 9000)
2026-04-08 15:06:41.315 | INFO     | pipeline.phase2_engineering:extract_features:37 - Yêu cầu Joern Server import dự án temp_data/MyTinySTL
2026-04-08 15:06:51.326 | ERROR    | pipeline.phase2_engineering:extract_features:63 - Lỗi extract joern cpgqls: Multiple exceptions: [Errno 111] Connect call failed ('::1', 9000, 0, 0), [Errno 111] Connect call failed ('127.0.0.1', 9000)
2026-04-08 15:06:51.334 | INFO     | pipeline.phase2_engineering:extract_features:37 - Yêu cầu Joern Server import dự án temp_data/Learn-Algorithms
2026-04-08 15:07:01.346 | ERROR    | pipeline.phase2_engineering:extract_features:63 - Lỗi extract joern cpgqls: Multiple exceptions: [Errno 111] Connect call failed ('::1', 9000, 0, 0), [Errno 111] Connect call failed ('127.0.0.1', 9000)
2026-04-08 15:07:01.355 | INFO     | pipeline.phase2_engineering:extract_features:37 - Yêu cầu Joern Server import dự án temp_data/trader
2026-04-08 15:07:11.366 | ERROR    | pipeline.phase2_engineering:extract_features:63 - Lỗi extract joern cpgqls: Multiple exceptions: [Errno 111] Connect call failed ('::1', 9000, 0, 0), [Errno 111] Connect call failed ('127.0.0.1', 9000)
2026-04-08 15:07:11.373 | INFO     | pipeline.phase2_engineering:extract_features:37 - Yêu cầu Joern Server import dự án temp_data/algorithms_and_data_structures
2026-04-08 15:07:21.384 | ERROR    | pipeline.phase2_engineering:extract_features:63 - Lỗi extract joern cpgqls: Multiple exceptions: [Errno 111] Connect call failed ('::1', 9000, 0, 0), [Errno 111] Connect call failed ('127.0.0.1', 9000)
2026-04-08 15:07:21.392 | INFO     | pipeline.phase2_engineering:extract_features:37 - Yêu cầu Joern Server import dự án temp_data/LeetCode-Solutions
2026-04-08 15:07:21.395 | ERROR    | pipeline.phase2_engineering:extract_features:63 - Lỗi extract joern cpgqls: Multiple exceptions: [Errno 111] Connect call failed ('::1', 9000, 0, 0), [Errno 111] Connect call failed ('127.0.0.1', 9000)
2026-04-08 15:07:21.401 | INFO     | pipeline.phase2_engineering:extract_features:37 - Yêu cầu Joern Server import dự án temp_data/tbox
2026-04-08 15:07:31.412 | ERROR    | pipeline.phase2_engineering:extract_features:63 - Lỗi extract joern cpgqls: Multiple exceptions: [Errno 111] Connect call failed ('::1', 9000, 0, 0), [Errno 111] Connect call failed ('127.0.0.1', 9000)
2026-04-08 15:07:31.419 | INFO     | pipeline.phase2_engineering:extract_features:37 - Yêu cầu Joern Server import dự án temp_data/klib
2026-04-08 15:07:41.430 | ERROR    | pipeline.phase2_engineering:extract_features:63 - Lỗi extract joern cpgqls: Multiple exceptions: [Errno 111] Connect call failed ('::1', 9000, 0, 0), [Errno 111] Connect call failed ('127.0.0.1', 9000)
2026-04-08 15:07:41.437 | INFO     | pipeline.phase2_engineering:run_phase2_engineering:167 - Hoàn thành Giai đoạn 2 (Engineering).
2026-04-08 15:07:41.438 | INFO     | __main__:main:43 - >>> START PHASE 3: AI SYNTHESIS
2026-04-08 15:07:41.438 | INFO     | pipeline.phase3_synthesis:run_phase3_synthesis:94 - Không có Repos nào chờ AI Phase 3.
2026-04-08 15:07:41.438 | INFO     | __main__:main:52 - >>> START PHASE 4: QA VALIDATION
2026-04-08 15:07:41.439 | INFO     | pipeline.phase4_validation:run_phase4_validation:54 - Không có Repos nào chờ Phase 4.
2026-04-08 15:07:41.439 | INFO     | __main__:main:59 - 🎉 TOÀN BỘ TIẾN TRÌNH DATASET ĐÃ HOÀN TẤT 🎉
2026-04-08 15:15:00.715 | WARNING  | pipeline.phase1_acquisition:<module>:19 - Không tìm thấy GITHUB_TOKEN trong .env. Quá trình fetch API có thể bị giới hạn.
2026-04-08 15:15:00.855 | INFO     | __main__:main:18 - 🔥 KHỞI CHẠY PIPELINE CODE SMELL (ASYNC & MULTIPROCESSING) 🔥
2026-04-08 15:15:00.855 | INFO     | __main__:main:28 - >>> START PHASE 1: DATA ACQUISITION
2026-04-08 15:15:00.856 | INFO     | pipeline.phase1_acquisition:crawl_repositories:67 - Đang fetch repositories với query: language:C++ language:C stars:>10 topic:algorithm
2026-04-08 15:15:07.444 | INFO     | pipeline.phase1_acquisition:crawl_repositories:67 - Đang fetch repositories với query: language:C++ language:C stars:>10 topic:driver
2026-04-08 15:15:07.444 | INFO     | pipeline.phase1_acquisition:crawl_repositories:67 - Đang fetch repositories với query: language:C++ language:C stars:>10 topic:embedded
2026-04-08 15:15:07.445 | INFO     | pipeline.phase1_acquisition:crawl_repositories:90 - Hoàn thành crawl 10 repos.
2026-04-08 15:15:07.445 | INFO     | pipeline.phase1_acquisition:run_phase1_acquisition:127 - Bắt đầu clone các repo đã thu thập...
2026-04-08 15:15:07.446 | INFO     | pipeline.phase1_acquisition:clone_repository:95 - Đang shallow clone interview...
2026-04-08 15:15:07.446 | INFO     | pipeline.phase1_acquisition:clone_repository:98 - Repo interview đã tồn tại, skip clone.
2026-04-08 15:15:07.453 | INFO     | pipeline.phase1_acquisition:clone_repository:95 - Đang shallow clone C-Plus-Plus...
2026-04-08 15:15:07.453 | INFO     | pipeline.phase1_acquisition:clone_repository:98 - Repo C-Plus-Plus đã tồn tại, skip clone.
2026-04-08 15:15:07.458 | INFO     | pipeline.phase1_acquisition:clone_repository:95 - Đang shallow clone cosmos...
2026-04-08 15:15:07.459 | INFO     | pipeline.phase1_acquisition:clone_repository:98 - Repo cosmos đã tồn tại, skip clone.
2026-04-08 15:15:07.464 | INFO     | pipeline.phase1_acquisition:clone_repository:95 - Đang shallow clone MyTinySTL...
2026-04-08 15:15:07.465 | INFO     | pipeline.phase1_acquisition:clone_repository:98 - Repo MyTinySTL đã tồn tại, skip clone.
2026-04-08 15:15:07.470 | INFO     | pipeline.phase1_acquisition:clone_repository:95 - Đang shallow clone Learn-Algorithms...
2026-04-08 15:15:07.471 | INFO     | pipeline.phase1_acquisition:clone_repository:98 - Repo Learn-Algorithms đã tồn tại, skip clone.
2026-04-08 15:15:07.476 | INFO     | pipeline.phase1_acquisition:clone_repository:95 - Đang shallow clone trader...
2026-04-08 15:15:07.477 | INFO     | pipeline.phase1_acquisition:clone_repository:98 - Repo trader đã tồn tại, skip clone.
2026-04-08 15:15:07.482 | INFO     | pipeline.phase1_acquisition:clone_repository:95 - Đang shallow clone algorithms_and_data_structures...
2026-04-08 15:15:07.483 | INFO     | pipeline.phase1_acquisition:clone_repository:98 - Repo algorithms_and_data_structures đã tồn tại, skip clone.
2026-04-08 15:15:07.488 | INFO     | pipeline.phase1_acquisition:clone_repository:95 - Đang shallow clone LeetCode-Solutions...
2026-04-08 15:15:07.488 | INFO     | pipeline.phase1_acquisition:clone_repository:98 - Repo LeetCode-Solutions đã tồn tại, skip clone.
2026-04-08 15:15:07.494 | INFO     | pipeline.phase1_acquisition:clone_repository:95 - Đang shallow clone tbox...
2026-04-08 15:15:07.495 | INFO     | pipeline.phase1_acquisition:clone_repository:98 - Repo tbox đã tồn tại, skip clone.
2026-04-08 15:15:07.501 | INFO     | pipeline.phase1_acquisition:clone_repository:95 - Đang shallow clone klib...
2026-04-08 15:15:07.501 | INFO     | pipeline.phase1_acquisition:clone_repository:98 - Repo klib đã tồn tại, skip clone.
2026-04-08 15:15:07.507 | INFO     | pipeline.phase1_acquisition:run_phase1_acquisition:141 - Hoàn thành Giai đoạn 1 (Data Acquisition).
2026-04-08 15:15:07.507 | INFO     | __main__:main:34 - >>> START PHASE 2: ENGINEERING
2026-04-08 15:15:07.507 | INFO     | pipeline.phase2_engineering:run_phase2_engineering:99 - Phase 2: Bắt đầu xử lý 10 repository.
2026-04-08 15:15:07.507 | INFO     | pipeline.phase2_engineering:__init__:26 - Kết nối Joern Server tại localhost:9000 thành công.
2026-04-08 15:15:07.509 | INFO     | pipeline.phase2_engineering:extract_features:37 - Yêu cầu Joern Server import dự án temp_data/interview
2026-04-08 15:15:17.530 | ERROR    | pipeline.phase2_engineering:extract_features:63 - Lỗi extract joern cpgqls: Multiple exceptions: [Errno 111] Connect call failed ('::1', 9000, 0, 0), [Errno 111] Connect call failed ('127.0.0.1', 9000)
2026-04-08 15:15:17.543 | INFO     | pipeline.phase2_engineering:extract_features:37 - Yêu cầu Joern Server import dự án temp_data/C-Plus-Plus
2026-04-08 15:15:27.554 | ERROR    | pipeline.phase2_engineering:extract_features:63 - Lỗi extract joern cpgqls: Multiple exceptions: [Errno 111] Connect call failed ('::1', 9000, 0, 0), [Errno 111] Connect call failed ('127.0.0.1', 9000)
2026-04-08 15:15:27.561 | INFO     | pipeline.phase2_engineering:extract_features:37 - Yêu cầu Joern Server import dự án temp_data/cosmos
2026-04-08 15:15:27.563 | ERROR    | pipeline.phase2_engineering:extract_features:63 - Lỗi extract joern cpgqls: Multiple exceptions: [Errno 111] Connect call failed ('::1', 9000, 0, 0), [Errno 111] Connect call failed ('127.0.0.1', 9000)
2026-04-08 15:15:27.570 | INFO     | pipeline.phase2_engineering:extract_features:37 - Yêu cầu Joern Server import dự án temp_data/MyTinySTL
2026-04-08 15:15:27.572 | ERROR    | pipeline.phase2_engineering:extract_features:63 - Lỗi extract joern cpgqls: Multiple exceptions: [Errno 111] Connect call failed ('::1', 9000, 0, 0), [Errno 111] Connect call failed ('127.0.0.1', 9000)
2026-04-08 15:15:27.577 | INFO     | pipeline.phase2_engineering:extract_features:37 - Yêu cầu Joern Server import dự án temp_data/Learn-Algorithms
2026-04-08 15:15:27.578 | ERROR    | pipeline.phase2_engineering:extract_features:63 - Lỗi extract joern cpgqls: Multiple exceptions: [Errno 111] Connect call failed ('::1', 9000, 0, 0), [Errno 111] Connect call failed ('127.0.0.1', 9000)
2026-04-08 15:15:27.584 | INFO     | pipeline.phase2_engineering:extract_features:37 - Yêu cầu Joern Server import dự án temp_data/trader
2026-04-08 15:15:37.594 | ERROR    | pipeline.phase2_engineering:extract_features:63 - Lỗi extract joern cpgqls: Multiple exceptions: [Errno 111] Connect call failed ('::1', 9000, 0, 0), [Errno 111] Connect call failed ('127.0.0.1', 9000)
2026-04-08 15:15:37.601 | INFO     | pipeline.phase2_engineering:extract_features:37 - Yêu cầu Joern Server import dự án temp_data/algorithms_and_data_structures
2026-04-08 15:15:47.614 | ERROR    | pipeline.phase2_engineering:extract_features:63 - Lỗi extract joern cpgqls: Multiple exceptions: [Errno 111] Connect call failed ('::1', 9000, 0, 0), [Errno 111] Connect call failed ('127.0.0.1', 9000)
2026-04-08 15:15:47.620 | INFO     | pipeline.phase2_engineering:extract_features:37 - Yêu cầu Joern Server import dự án temp_data/LeetCode-Solutions
2026-04-08 15:15:47.621 | ERROR    | pipeline.phase2_engineering:extract_features:63 - Lỗi extract joern cpgqls: Multiple exceptions: [Errno 111] Connect call failed ('::1', 9000, 0, 0), [Errno 111] Connect call failed ('127.0.0.1', 9000)
2026-04-08 15:15:47.627 | INFO     | pipeline.phase2_engineering:extract_features:37 - Yêu cầu Joern Server import dự án temp_data/tbox
2026-04-08 15:15:47.628 | ERROR    | pipeline.phase2_engineering:extract_features:63 - Lỗi extract joern cpgqls: Multiple exceptions: [Errno 111] Connect call failed ('::1', 9000, 0, 0), [Errno 111] Connect call failed ('127.0.0.1', 9000)
2026-04-08 15:15:47.635 | INFO     | pipeline.phase2_engineering:extract_features:37 - Yêu cầu Joern Server import dự án temp_data/klib
2026-04-08 15:15:52.924 | WARNING  | pipeline.phase1_acquisition:<module>:19 - Không tìm thấy GITHUB_TOKEN trong .env. Quá trình fetch API có thể bị giới hạn.
2026-04-08 15:15:53.019 | INFO     | __main__:main:18 - 🔥 KHỞI CHẠY PIPELINE CODE SMELL (ASYNC & MULTIPROCESSING) 🔥
2026-04-08 15:15:53.019 | INFO     | __main__:main:28 - >>> START PHASE 1: DATA ACQUISITION
2026-04-08 15:15:53.019 | INFO     | pipeline.phase1_acquisition:crawl_repositories:67 - Đang fetch repositories với query: language:C++ language:C stars:>10 topic:algorithm
2026-04-08 15:15:58.531 | INFO     | pipeline.phase1_acquisition:crawl_repositories:67 - Đang fetch repositories với query: language:C++ language:C stars:>10 topic:driver
2026-04-08 15:15:58.532 | INFO     | pipeline.phase1_acquisition:crawl_repositories:67 - Đang fetch repositories với query: language:C++ language:C stars:>10 topic:embedded
2026-04-08 15:15:58.533 | INFO     | pipeline.phase1_acquisition:crawl_repositories:90 - Hoàn thành crawl 10 repos.
2026-04-08 15:15:58.533 | INFO     | pipeline.phase1_acquisition:run_phase1_acquisition:127 - Bắt đầu clone các repo đã thu thập...
2026-04-08 15:15:58.534 | INFO     | pipeline.phase1_acquisition:clone_repository:95 - Đang shallow clone interview...
2026-04-08 15:15:58.534 | INFO     | pipeline.phase1_acquisition:clone_repository:98 - Repo interview đã tồn tại, skip clone.
2026-04-08 15:15:58.542 | INFO     | pipeline.phase1_acquisition:clone_repository:95 - Đang shallow clone C-Plus-Plus...
2026-04-08 15:15:58.542 | INFO     | pipeline.phase1_acquisition:clone_repository:98 - Repo C-Plus-Plus đã tồn tại, skip clone.
2026-04-08 15:15:58.548 | INFO     | pipeline.phase1_acquisition:clone_repository:95 - Đang shallow clone cosmos...
2026-04-08 15:15:58.548 | INFO     | pipeline.phase1_acquisition:clone_repository:98 - Repo cosmos đã tồn tại, skip clone.
2026-04-08 15:15:58.555 | INFO     | pipeline.phase1_acquisition:clone_repository:95 - Đang shallow clone MyTinySTL...
2026-04-08 15:15:58.555 | INFO     | pipeline.phase1_acquisition:clone_repository:98 - Repo MyTinySTL đã tồn tại, skip clone.
2026-04-08 15:15:58.560 | INFO     | pipeline.phase1_acquisition:clone_repository:95 - Đang shallow clone Learn-Algorithms...
2026-04-08 15:15:58.561 | INFO     | pipeline.phase1_acquisition:clone_repository:98 - Repo Learn-Algorithms đã tồn tại, skip clone.
2026-04-08 15:15:58.566 | INFO     | pipeline.phase1_acquisition:clone_repository:95 - Đang shallow clone trader...
2026-04-08 15:15:58.566 | INFO     | pipeline.phase1_acquisition:clone_repository:98 - Repo trader đã tồn tại, skip clone.
2026-04-08 15:15:58.572 | INFO     | pipeline.phase1_acquisition:clone_repository:95 - Đang shallow clone algorithms_and_data_structures...
2026-04-08 15:15:58.572 | INFO     | pipeline.phase1_acquisition:clone_repository:98 - Repo algorithms_and_data_structures đã tồn tại, skip clone.
2026-04-08 15:15:58.578 | INFO     | pipeline.phase1_acquisition:clone_repository:95 - Đang shallow clone LeetCode-Solutions...
2026-04-08 15:15:58.579 | INFO     | pipeline.phase1_acquisition:clone_repository:98 - Repo LeetCode-Solutions đã tồn tại, skip clone.
2026-04-08 15:15:58.584 | INFO     | pipeline.phase1_acquisition:clone_repository:95 - Đang shallow clone tbox...
2026-04-08 15:15:58.585 | INFO     | pipeline.phase1_acquisition:clone_repository:98 - Repo tbox đã tồn tại, skip clone.
2026-04-08 15:15:58.591 | INFO     | pipeline.phase1_acquisition:clone_repository:95 - Đang shallow clone klib...
2026-04-08 15:15:58.591 | INFO     | pipeline.phase1_acquisition:clone_repository:98 - Repo klib đã tồn tại, skip clone.
2026-04-08 15:15:58.597 | INFO     | pipeline.phase1_acquisition:run_phase1_acquisition:141 - Hoàn thành Giai đoạn 1 (Data Acquisition).
2026-04-08 15:15:58.598 | INFO     | __main__:main:34 - >>> START PHASE 2: ENGINEERING
2026-04-08 15:15:58.598 | INFO     | pipeline.phase2_engineering:run_phase2_engineering:99 - Phase 2: Bắt đầu xử lý 10 repository.
2026-04-08 15:15:58.598 | INFO     | pipeline.phase2_engineering:__init__:26 - Kết nối Joern Server tại localhost:8080 thành công.
2026-04-08 15:15:58.600 | INFO     | pipeline.phase2_engineering:extract_features:37 - Yêu cầu Joern Server import dự án temp_data/interview
2026-04-08 15:16:01.386 | DEBUG    | pipeline.phase2_engineering:extract_features:55 - Bắt đầu truy vấn CPGQL cho methods.
2026-04-08 15:22:34.111 | WARNING  | pipeline.phase1_acquisition:<module>:19 - Không tìm thấy GITHUB_TOKEN trong .env. Quá trình fetch API có thể bị giới hạn.
2026-04-08 15:22:34.206 | INFO     | __main__:main:15 - 🔥 KHỞI CHẠY PIPELINE CODE SMELL (ASYNC & MULTIPROCESSING) 🔥
2026-04-08 15:22:34.207 | INFO     | __main__:main:25 - >>> START PHASE 1: DATA ACQUISITION
2026-04-08 15:22:34.207 | INFO     | pipeline.phase1_acquisition:crawl_repositories:67 - Đang fetch repositories với query: language:C++ language:C stars:>10 topic:algorithm
2026-04-08 15:22:39.465 | INFO     | pipeline.phase1_acquisition:crawl_repositories:67 - Đang fetch repositories với query: language:C++ language:C stars:>10 topic:driver
2026-04-08 15:22:39.466 | INFO     | pipeline.phase1_acquisition:crawl_repositories:67 - Đang fetch repositories với query: language:C++ language:C stars:>10 topic:embedded
2026-04-08 15:22:39.467 | INFO     | pipeline.phase1_acquisition:crawl_repositories:90 - Hoàn thành crawl 10 repos.
2026-04-08 15:22:39.467 | INFO     | pipeline.phase1_acquisition:run_phase1_acquisition:127 - Bắt đầu clone các repo đã thu thập...
2026-04-08 15:22:39.468 | INFO     | pipeline.phase1_acquisition:clone_repository:95 - Đang shallow clone interview...
2026-04-08 15:22:39.468 | INFO     | pipeline.phase1_acquisition:clone_repository:98 - Repo interview đã tồn tại, skip clone.
2026-04-08 15:22:39.475 | INFO     | pipeline.phase1_acquisition:clone_repository:95 - Đang shallow clone C-Plus-Plus...
2026-04-08 15:22:39.475 | INFO     | pipeline.phase1_acquisition:clone_repository:98 - Repo C-Plus-Plus đã tồn tại, skip clone.
2026-04-08 15:22:39.483 | INFO     | pipeline.phase1_acquisition:clone_repository:95 - Đang shallow clone cosmos...
2026-04-08 15:22:39.483 | INFO     | pipeline.phase1_acquisition:clone_repository:98 - Repo cosmos đã tồn tại, skip clone.
2026-04-08 15:22:39.503 | INFO     | pipeline.phase1_acquisition:clone_repository:95 - Đang shallow clone MyTinySTL...
2026-04-08 15:22:39.504 | INFO     | pipeline.phase1_acquisition:clone_repository:98 - Repo MyTinySTL đã tồn tại, skip clone.
2026-04-08 15:22:39.518 | INFO     | pipeline.phase1_acquisition:clone_repository:95 - Đang shallow clone Learn-Algorithms...
2026-04-08 15:22:39.518 | INFO     | pipeline.phase1_acquisition:clone_repository:98 - Repo Learn-Algorithms đã tồn tại, skip clone.
2026-04-08 15:22:39.531 | INFO     | pipeline.phase1_acquisition:clone_repository:95 - Đang shallow clone trader...
2026-04-08 15:22:39.531 | INFO     | pipeline.phase1_acquisition:clone_repository:98 - Repo trader đã tồn tại, skip clone.
2026-04-08 15:22:39.542 | INFO     | pipeline.phase1_acquisition:clone_repository:95 - Đang shallow clone algorithms_and_data_structures...
2026-04-08 15:22:39.542 | INFO     | pipeline.phase1_acquisition:clone_repository:98 - Repo algorithms_and_data_structures đã tồn tại, skip clone.
2026-04-08 15:22:39.554 | INFO     | pipeline.phase1_acquisition:clone_repository:95 - Đang shallow clone LeetCode-Solutions...
2026-04-08 15:22:39.554 | INFO     | pipeline.phase1_acquisition:clone_repository:98 - Repo LeetCode-Solutions đã tồn tại, skip clone.
2026-04-08 15:22:39.564 | INFO     | pipeline.phase1_acquisition:clone_repository:95 - Đang shallow clone tbox...
2026-04-08 15:22:39.565 | INFO     | pipeline.phase1_acquisition:clone_repository:98 - Repo tbox đã tồn tại, skip clone.
2026-04-08 15:22:39.574 | INFO     | pipeline.phase1_acquisition:clone_repository:95 - Đang shallow clone klib...
2026-04-08 15:22:39.574 | INFO     | pipeline.phase1_acquisition:clone_repository:98 - Repo klib đã tồn tại, skip clone.
2026-04-08 15:22:39.586 | INFO     | pipeline.phase1_acquisition:run_phase1_acquisition:141 - Hoàn thành Giai đoạn 1 (Data Acquisition).
2026-04-08 15:22:39.586 | INFO     | __main__:main:31 - >>> START PHASE 2: ENGINEERING
2026-04-08 15:22:39.587 | INFO     | pipeline.phase2_engineering:run_phase2_engineering:107 - Phase 2: Bắt đầu xử lý 10 repository.
2026-04-08 15:22:39.589 | INFO     | pipeline.phase2_engineering:extract_features:39 - Yêu cầu Joern Server import dự án temp_data/interview
2026-04-08 15:22:39.590 | ERROR    | pipeline.phase2_engineering:extract_features:71 - Lỗi extract joern cpgqls: There is no current event loop in thread 'asyncio_0'.
2026-04-08 15:22:39.598 | INFO     | pipeline.phase2_engineering:extract_features:39 - Yêu cầu Joern Server import dự án temp_data/C-Plus-Plus
2026-04-08 15:22:39.598 | ERROR    | pipeline.phase2_engineering:extract_features:71 - Lỗi extract joern cpgqls: There is no current event loop in thread 'asyncio_0'.
2026-04-08 15:22:39.605 | INFO     | pipeline.phase2_engineering:extract_features:39 - Yêu cầu Joern Server import dự án temp_data/cosmos
2026-04-08 15:22:39.606 | ERROR    | pipeline.phase2_engineering:extract_features:71 - Lỗi extract joern cpgqls: There is no current event loop in thread 'asyncio_0'.
2026-04-08 15:22:39.613 | INFO     | pipeline.phase2_engineering:extract_features:39 - Yêu cầu Joern Server import dự án temp_data/MyTinySTL
2026-04-08 15:22:39.614 | ERROR    | pipeline.phase2_engineering:extract_features:71 - Lỗi extract joern cpgqls: There is no current event loop in thread 'asyncio_0'.
2026-04-08 15:22:39.621 | INFO     | pipeline.phase2_engineering:extract_features:39 - Yêu cầu Joern Server import dự án temp_data/Learn-Algorithms
2026-04-08 15:22:39.621 | ERROR    | pipeline.phase2_engineering:extract_features:71 - Lỗi extract joern cpgqls: There is no current event loop in thread 'asyncio_0'.
2026-04-08 15:22:39.628 | INFO     | pipeline.phase2_engineering:extract_features:39 - Yêu cầu Joern Server import dự án temp_data/trader
2026-04-08 15:22:39.629 | ERROR    | pipeline.phase2_engineering:extract_features:71 - Lỗi extract joern cpgqls: There is no current event loop in thread 'asyncio_0'.
2026-04-08 15:22:39.635 | INFO     | pipeline.phase2_engineering:extract_features:39 - Yêu cầu Joern Server import dự án temp_data/algorithms_and_data_structures
2026-04-08 15:22:39.636 | ERROR    | pipeline.phase2_engineering:extract_features:71 - Lỗi extract joern cpgqls: There is no current event loop in thread 'asyncio_0'.
2026-04-08 15:22:39.643 | INFO     | pipeline.phase2_engineering:extract_features:39 - Yêu cầu Joern Server import dự án temp_data/LeetCode-Solutions
2026-04-08 15:22:39.643 | ERROR    | pipeline.phase2_engineering:extract_features:71 - Lỗi extract joern cpgqls: There is no current event loop in thread 'asyncio_0'.
2026-04-08 15:22:39.650 | INFO     | pipeline.phase2_engineering:extract_features:39 - Yêu cầu Joern Server import dự án temp_data/tbox
2026-04-08 15:22:39.651 | ERROR    | pipeline.phase2_engineering:extract_features:71 - Lỗi extract joern cpgqls: There is no current event loop in thread 'asyncio_0'.
2026-04-08 15:22:39.657 | INFO     | pipeline.phase2_engineering:extract_features:39 - Yêu cầu Joern Server import dự án temp_data/klib
2026-04-08 15:22:39.658 | ERROR    | pipeline.phase2_engineering:extract_features:71 - Lỗi extract joern cpgqls: There is no current event loop in thread 'asyncio_0'.
2026-04-08 15:22:39.665 | INFO     | pipeline.phase2_engineering:run_phase2_engineering:175 - Hoàn thành Giai đoạn 2 (Engineering).
2026-04-08 15:22:39.665 | INFO     | __main__:main:40 - >>> START PHASE 3: AI SYNTHESIS
2026-04-08 15:22:39.666 | INFO     | pipeline.phase3_synthesis:run_phase3_synthesis:94 - Không có Repos nào chờ AI Phase 3.
2026-04-08 15:22:39.666 | INFO     | __main__:main:49 - >>> START PHASE 4: QA VALIDATION
2026-04-08 15:22:39.667 | INFO     | pipeline.phase4_validation:run_phase4_validation:54 - Không có Repos nào chờ Phase 4.
2026-04-08 15:22:39.667 | INFO     | __main__:main:56 - 🎉 TOÀN BỘ TIẾN TRÌNH DATASET ĐÃ HOÀN TẤT 🎉
2026-04-08 15:24:17.954 | WARNING  | pipeline.phase1_acquisition:<module>:19 - Không tìm thấy GITHUB_TOKEN trong .env. Quá trình fetch API có thể bị giới hạn.
2026-04-08 15:24:18.065 | INFO     | __main__:main:15 - 🔥 KHỞI CHẠY PIPELINE CODE SMELL (ASYNC & MULTIPROCESSING) 🔥
2026-04-08 15:24:18.065 | INFO     | __main__:main:25 - >>> START PHASE 1: DATA ACQUISITION
2026-04-08 15:24:18.066 | INFO     | pipeline.phase1_acquisition:crawl_repositories:67 - Đang fetch repositories với query: language:C++ language:C stars:>10 topic:algorithm
2026-04-08 15:24:24.248 | INFO     | pipeline.phase1_acquisition:crawl_repositories:67 - Đang fetch repositories với query: language:C++ language:C stars:>10 topic:driver
2026-04-08 15:24:24.248 | INFO     | pipeline.phase1_acquisition:crawl_repositories:67 - Đang fetch repositories với query: language:C++ language:C stars:>10 topic:embedded
2026-04-08 15:24:24.249 | INFO     | pipeline.phase1_acquisition:crawl_repositories:90 - Hoàn thành crawl 10 repos.
2026-04-08 15:24:24.249 | INFO     | pipeline.phase1_acquisition:run_phase1_acquisition:127 - Bắt đầu clone các repo đã thu thập...
2026-04-08 15:24:24.250 | INFO     | pipeline.phase1_acquisition:clone_repository:95 - Đang shallow clone interview...
2026-04-08 15:24:24.250 | INFO     | pipeline.phase1_acquisition:clone_repository:98 - Repo interview đã tồn tại, skip clone.
2026-04-08 15:24:24.256 | INFO     | pipeline.phase1_acquisition:clone_repository:95 - Đang shallow clone C-Plus-Plus...
2026-04-08 15:24:24.257 | INFO     | pipeline.phase1_acquisition:clone_repository:98 - Repo C-Plus-Plus đã tồn tại, skip clone.
2026-04-08 15:24:24.263 | INFO     | pipeline.phase1_acquisition:clone_repository:95 - Đang shallow clone cosmos...
2026-04-08 15:24:24.263 | INFO     | pipeline.phase1_acquisition:clone_repository:98 - Repo cosmos đã tồn tại, skip clone.
2026-04-08 15:24:24.269 | INFO     | pipeline.phase1_acquisition:clone_repository:95 - Đang shallow clone MyTinySTL...
2026-04-08 15:24:24.269 | INFO     | pipeline.phase1_acquisition:clone_repository:98 - Repo MyTinySTL đã tồn tại, skip clone.
2026-04-08 15:24:24.275 | INFO     | pipeline.phase1_acquisition:clone_repository:95 - Đang shallow clone Learn-Algorithms...
2026-04-08 15:24:24.275 | INFO     | pipeline.phase1_acquisition:clone_repository:98 - Repo Learn-Algorithms đã tồn tại, skip clone.
2026-04-08 15:24:24.281 | INFO     | pipeline.phase1_acquisition:clone_repository:95 - Đang shallow clone trader...
2026-04-08 15:24:24.282 | INFO     | pipeline.phase1_acquisition:clone_repository:98 - Repo trader đã tồn tại, skip clone.
2026-04-08 15:24:24.288 | INFO     | pipeline.phase1_acquisition:clone_repository:95 - Đang shallow clone algorithms_and_data_structures...
2026-04-08 15:24:24.289 | INFO     | pipeline.phase1_acquisition:clone_repository:98 - Repo algorithms_and_data_structures đã tồn tại, skip clone.
2026-04-08 15:24:24.295 | INFO     | pipeline.phase1_acquisition:clone_repository:95 - Đang shallow clone LeetCode-Solutions...
2026-04-08 15:24:24.295 | INFO     | pipeline.phase1_acquisition:clone_repository:98 - Repo LeetCode-Solutions đã tồn tại, skip clone.
2026-04-08 15:24:24.302 | INFO     | pipeline.phase1_acquisition:clone_repository:95 - Đang shallow clone tbox...
2026-04-08 15:24:24.302 | INFO     | pipeline.phase1_acquisition:clone_repository:98 - Repo tbox đã tồn tại, skip clone.
2026-04-08 15:24:24.308 | INFO     | pipeline.phase1_acquisition:clone_repository:95 - Đang shallow clone klib...
2026-04-08 15:24:24.308 | INFO     | pipeline.phase1_acquisition:clone_repository:98 - Repo klib đã tồn tại, skip clone.
2026-04-08 15:24:24.315 | INFO     | pipeline.phase1_acquisition:run_phase1_acquisition:141 - Hoàn thành Giai đoạn 1 (Data Acquisition).
2026-04-08 15:24:24.315 | INFO     | __main__:main:31 - >>> START PHASE 2: ENGINEERING
2026-04-08 15:24:24.316 | INFO     | pipeline.phase2_engineering:run_phase2_engineering:111 - Phase 2: Bắt đầu xử lý 10 repository.
2026-04-08 15:24:24.318 | INFO     | pipeline.phase2_engineering:extract_features:43 - Yêu cầu Joern Server import dự án temp_data/interview
2026-04-08 15:24:26.146 | DEBUG    | pipeline.phase2_engineering:extract_features:60 - Bắt đầu truy vấn CPGQL cho methods.
2026-04-08 15:24:26.338 | ERROR    | pipeline.phase2_engineering:extract_features:75 - Lỗi extract joern cpgqls: Expecting value: line 1 column 1 (char 0)
2026-04-08 15:24:26.344 | INFO     | pipeline.phase2_engineering:extract_features:43 - Yêu cầu Joern Server import dự án temp_data/C-Plus-Plus
2026-04-08 15:24:31.698 | DEBUG    | pipeline.phase2_engineering:extract_features:60 - Bắt đầu truy vấn CPGQL cho methods.
2026-04-08 15:24:32.675 | ERROR    | pipeline.phase2_engineering:extract_features:75 - Lỗi extract joern cpgqls: Expecting value: line 1 column 1 (char 0)
2026-04-08 15:24:32.681 | INFO     | pipeline.phase2_engineering:extract_features:43 - Yêu cầu Joern Server import dự án temp_data/cosmos
2026-04-08 15:24:38.981 | DEBUG    | pipeline.phase2_engineering:extract_features:60 - Bắt đầu truy vấn CPGQL cho methods.
2026-04-08 15:24:39.979 | ERROR    | pipeline.phase2_engineering:extract_features:75 - Lỗi extract joern cpgqls: Expecting value: line 1 column 1 (char 0)
2026-04-08 15:24:39.986 | INFO     | pipeline.phase2_engineering:extract_features:43 - Yêu cầu Joern Server import dự án temp_data/MyTinySTL
2026-04-08 15:24:46.151 | DEBUG    | pipeline.phase2_engineering:extract_features:60 - Bắt đầu truy vấn CPGQL cho methods.
2026-04-08 15:24:46.381 | ERROR    | pipeline.phase2_engineering:extract_features:75 - Lỗi extract joern cpgqls: Expecting value: line 1 column 1 (char 0)
2026-04-08 15:24:46.387 | INFO     | pipeline.phase2_engineering:extract_features:43 - Yêu cầu Joern Server import dự án temp_data/Learn-Algorithms
2026-04-08 15:24:47.911 | DEBUG    | pipeline.phase2_engineering:extract_features:60 - Bắt đầu truy vấn CPGQL cho methods.
2026-04-08 15:24:48.076 | ERROR    | pipeline.phase2_engineering:extract_features:75 - Lỗi extract joern cpgqls: Expecting value: line 1 column 1 (char 0)
2026-04-08 15:24:48.082 | INFO     | pipeline.phase2_engineering:extract_features:43 - Yêu cầu Joern Server import dự án temp_data/trader
2026-04-08 15:24:51.525 | DEBUG    | pipeline.phase2_engineering:extract_features:60 - Bắt đầu truy vấn CPGQL cho methods.
2026-04-08 15:24:51.765 | ERROR    | pipeline.phase2_engineering:extract_features:75 - Lỗi extract joern cpgqls: Expecting value: line 1 column 1 (char 0)
2026-04-08 15:24:51.772 | INFO     | pipeline.phase2_engineering:extract_features:43 - Yêu cầu Joern Server import dự án temp_data/algorithms_and_data_structures
2026-04-08 15:24:55.151 | DEBUG    | pipeline.phase2_engineering:extract_features:60 - Bắt đầu truy vấn CPGQL cho methods.
2026-04-08 15:24:55.481 | ERROR    | pipeline.phase2_engineering:extract_features:75 - Lỗi extract joern cpgqls: Expecting value: line 1 column 1 (char 0)
2026-04-08 15:24:55.487 | INFO     | pipeline.phase2_engineering:extract_features:43 - Yêu cầu Joern Server import dự án temp_data/LeetCode-Solutions
2026-04-08 15:25:06.168 | DEBUG    | pipeline.phase2_engineering:extract_features:60 - Bắt đầu truy vấn CPGQL cho methods.
2026-04-08 15:25:08.012 | ERROR    | pipeline.phase2_engineering:extract_features:75 - Lỗi extract joern cpgqls: Expecting value: line 1 column 1 (char 0)
2026-04-08 15:25:08.019 | INFO     | pipeline.phase2_engineering:extract_features:43 - Yêu cầu Joern Server import dự án temp_data/tbox
2026-04-08 15:25:23.810 | DEBUG    | pipeline.phase2_engineering:extract_features:60 - Bắt đầu truy vấn CPGQL cho methods.
2026-04-08 15:25:24.632 | ERROR    | pipeline.phase2_engineering:extract_features:75 - Lỗi extract joern cpgqls: Expecting value: line 1 column 1 (char 0)
2026-04-08 15:25:24.638 | INFO     | pipeline.phase2_engineering:extract_features:43 - Yêu cầu Joern Server import dự án temp_data/klib
2026-04-08 15:25:27.351 | DEBUG    | pipeline.phase2_engineering:extract_features:60 - Bắt đầu truy vấn CPGQL cho methods.
2026-04-08 15:25:27.551 | ERROR    | pipeline.phase2_engineering:extract_features:75 - Lỗi extract joern cpgqls: Expecting value: line 1 column 1 (char 0)
2026-04-08 15:25:27.559 | INFO     | pipeline.phase2_engineering:run_phase2_engineering:179 - Hoàn thành Giai đoạn 2 (Engineering).
2026-04-08 15:25:27.560 | INFO     | __main__:main:40 - >>> START PHASE 3: AI SYNTHESIS
2026-04-08 15:25:27.560 | INFO     | pipeline.phase3_synthesis:run_phase3_synthesis:94 - Không có Repos nào chờ AI Phase 3.
2026-04-08 15:25:27.561 | INFO     | __main__:main:49 - >>> START PHASE 4: QA VALIDATION
2026-04-08 15:25:27.562 | INFO     | pipeline.phase4_validation:run_phase4_validation:54 - Không có Repos nào chờ Phase 4.
2026-04-08 15:25:27.562 | INFO     | __main__:main:56 - 🎉 TOÀN BỘ TIẾN TRÌNH DATASET ĐÃ HOÀN TẤT 🎉
2026-04-08 15:25:31.053 | WARNING  | pipeline.phase1_acquisition:<module>:19 - Không tìm thấy GITHUB_TOKEN trong .env. Quá trình fetch API có thể bị giới hạn.
2026-04-08 15:25:31.221 | INFO     | __main__:main:15 - 🔥 KHỞI CHẠY PIPELINE CODE SMELL (ASYNC & MULTIPROCESSING) 🔥
2026-04-08 15:25:31.221 | INFO     | __main__:main:25 - >>> START PHASE 1: DATA ACQUISITION
2026-04-08 15:25:31.222 | INFO     | pipeline.phase1_acquisition:crawl_repositories:67 - Đang fetch repositories với query: language:C++ language:C stars:>10 topic:algorithm
2026-04-08 15:25:36.835 | INFO     | pipeline.phase1_acquisition:crawl_repositories:67 - Đang fetch repositories với query: language:C++ language:C stars:>10 topic:driver
2026-04-08 15:25:36.835 | INFO     | pipeline.phase1_acquisition:crawl_repositories:67 - Đang fetch repositories với query: language:C++ language:C stars:>10 topic:embedded
2026-04-08 15:25:36.836 | INFO     | pipeline.phase1_acquisition:crawl_repositories:90 - Hoàn thành crawl 10 repos.
2026-04-08 15:25:36.836 | INFO     | pipeline.phase1_acquisition:run_phase1_acquisition:127 - Bắt đầu clone các repo đã thu thập...
2026-04-08 15:25:36.836 | INFO     | pipeline.phase1_acquisition:clone_repository:95 - Đang shallow clone interview...
2026-04-08 15:25:36.837 | INFO     | pipeline.phase1_acquisition:clone_repository:98 - Repo interview đã tồn tại, skip clone.
2026-04-08 15:25:36.844 | INFO     | pipeline.phase1_acquisition:clone_repository:95 - Đang shallow clone C-Plus-Plus...
2026-04-08 15:25:36.844 | INFO     | pipeline.phase1_acquisition:clone_repository:98 - Repo C-Plus-Plus đã tồn tại, skip clone.
2026-04-08 15:25:36.850 | INFO     | pipeline.phase1_acquisition:clone_repository:95 - Đang shallow clone cosmos...
2026-04-08 15:25:36.850 | INFO     | pipeline.phase1_acquisition:clone_repository:98 - Repo cosmos đã tồn tại, skip clone.
2026-04-08 15:25:36.856 | INFO     | pipeline.phase1_acquisition:clone_repository:95 - Đang shallow clone MyTinySTL...
2026-04-08 15:25:36.856 | INFO     | pipeline.phase1_acquisition:clone_repository:98 - Repo MyTinySTL đã tồn tại, skip clone.
2026-04-08 15:25:36.862 | INFO     | pipeline.phase1_acquisition:clone_repository:95 - Đang shallow clone Learn-Algorithms...
2026-04-08 15:25:36.862 | INFO     | pipeline.phase1_acquisition:clone_repository:98 - Repo Learn-Algorithms đã tồn tại, skip clone.
2026-04-08 15:25:36.869 | INFO     | pipeline.phase1_acquisition:clone_repository:95 - Đang shallow clone trader...
2026-04-08 15:25:36.869 | INFO     | pipeline.phase1_acquisition:clone_repository:98 - Repo trader đã tồn tại, skip clone.
2026-04-08 15:25:36.875 | INFO     | pipeline.phase1_acquisition:clone_repository:95 - Đang shallow clone algorithms_and_data_structures...
2026-04-08 15:25:36.876 | INFO     | pipeline.phase1_acquisition:clone_repository:98 - Repo algorithms_and_data_structures đã tồn tại, skip clone.
2026-04-08 15:25:36.882 | INFO     | pipeline.phase1_acquisition:clone_repository:95 - Đang shallow clone LeetCode-Solutions...
2026-04-08 15:25:36.882 | INFO     | pipeline.phase1_acquisition:clone_repository:98 - Repo LeetCode-Solutions đã tồn tại, skip clone.
2026-04-08 15:25:36.888 | INFO     | pipeline.phase1_acquisition:clone_repository:95 - Đang shallow clone tbox...
2026-04-08 15:25:36.888 | INFO     | pipeline.phase1_acquisition:clone_repository:98 - Repo tbox đã tồn tại, skip clone.
2026-04-08 15:25:36.894 | INFO     | pipeline.phase1_acquisition:clone_repository:95 - Đang shallow clone klib...
2026-04-08 15:25:36.894 | INFO     | pipeline.phase1_acquisition:clone_repository:98 - Repo klib đã tồn tại, skip clone.
2026-04-08 15:25:36.901 | INFO     | pipeline.phase1_acquisition:run_phase1_acquisition:141 - Hoàn thành Giai đoạn 1 (Data Acquisition).
2026-04-08 15:25:36.901 | INFO     | __main__:main:31 - >>> START PHASE 2: ENGINEERING
2026-04-08 15:25:36.902 | INFO     | pipeline.phase2_engineering:run_phase2_engineering:123 - Phase 2: Bắt đầu xử lý 10 repository.
2026-04-08 15:25:36.904 | INFO     | pipeline.phase2_engineering:extract_features:44 - Yêu cầu Joern Server import dự án temp_data/interview
2026-04-08 15:25:38.677 | DEBUG    | pipeline.phase2_engineering:extract_features:47 - Kết quả import: [33mval[0m [36mres22[0m: io.shiftleft.codepropertygraph.generated.Cpg = Cpg[Graph[11189 nodes]]

2026-04-08 15:25:38.678 | DEBUG    | pipeline.phase2_engineering:extract_features:61 - Bắt đầu truy vấn CPGQL cho methods.
2026-04-08 15:25:38.782 | ERROR    | pipeline.phase2_engineering:extract_features:80 - Kết quả từ Joern không phải là JSON hợp lệ: [33mval[0m [36mallMethods[0m: [32mIterator[0m[io.shiftleft.codepropertygraph.generated.nodes.Method] = empty iterator
[33mval[0m [36mnodesData[0m: [32mList[0m[ujson.Obj] = List(
  Obj(
   ...
2026-04-08 15:25:38.788 | INFO     | pipeline.phase2_engineering:extract_features:44 - Yêu cầu Joern Server import dự án temp_data/C-Plus-Plus
2026-04-08 15:26:38.106 | WARNING  | pipeline.phase1_acquisition:<module>:19 - Không tìm thấy GITHUB_TOKEN trong .env. Quá trình fetch API có thể bị giới hạn.
2026-04-08 15:26:38.210 | INFO     | __main__:main:15 - 🔥 KHỞI CHẠY PIPELINE CODE SMELL (ASYNC & MULTIPROCESSING) 🔥
2026-04-08 15:26:38.210 | INFO     | __main__:main:25 - >>> START PHASE 1: DATA ACQUISITION
2026-04-08 15:26:38.210 | INFO     | pipeline.phase1_acquisition:crawl_repositories:67 - Đang fetch repositories với query: language:C++ language:C stars:>10 topic:algorithm
2026-04-08 15:26:43.910 | INFO     | pipeline.phase1_acquisition:crawl_repositories:67 - Đang fetch repositories với query: language:C++ language:C stars:>10 topic:driver
2026-04-08 15:26:43.910 | INFO     | pipeline.phase1_acquisition:crawl_repositories:67 - Đang fetch repositories với query: language:C++ language:C stars:>10 topic:embedded
2026-04-08 15:26:43.911 | INFO     | pipeline.phase1_acquisition:crawl_repositories:90 - Hoàn thành crawl 10 repos.
2026-04-08 15:26:43.912 | INFO     | pipeline.phase1_acquisition:run_phase1_acquisition:127 - Bắt đầu clone các repo đã thu thập...
2026-04-08 15:26:43.912 | INFO     | pipeline.phase1_acquisition:clone_repository:95 - Đang shallow clone interview...
2026-04-08 15:26:43.912 | INFO     | pipeline.phase1_acquisition:clone_repository:98 - Repo interview đã tồn tại, skip clone.
2026-04-08 15:26:43.920 | INFO     | pipeline.phase1_acquisition:clone_repository:95 - Đang shallow clone C-Plus-Plus...
2026-04-08 15:26:43.920 | INFO     | pipeline.phase1_acquisition:clone_repository:98 - Repo C-Plus-Plus đã tồn tại, skip clone.
2026-04-08 15:26:43.926 | INFO     | pipeline.phase1_acquisition:clone_repository:95 - Đang shallow clone cosmos...
2026-04-08 15:26:43.927 | INFO     | pipeline.phase1_acquisition:clone_repository:98 - Repo cosmos đã tồn tại, skip clone.
2026-04-08 15:26:43.933 | INFO     | pipeline.phase1_acquisition:clone_repository:95 - Đang shallow clone MyTinySTL...
2026-04-08 15:26:43.933 | INFO     | pipeline.phase1_acquisition:clone_repository:98 - Repo MyTinySTL đã tồn tại, skip clone.
2026-04-08 15:26:43.940 | INFO     | pipeline.phase1_acquisition:clone_repository:95 - Đang shallow clone Learn-Algorithms...
2026-04-08 15:26:43.940 | INFO     | pipeline.phase1_acquisition:clone_repository:98 - Repo Learn-Algorithms đã tồn tại, skip clone.
2026-04-08 15:26:43.946 | INFO     | pipeline.phase1_acquisition:clone_repository:95 - Đang shallow clone trader...
2026-04-08 15:26:43.947 | INFO     | pipeline.phase1_acquisition:clone_repository:98 - Repo trader đã tồn tại, skip clone.
2026-04-08 15:26:43.953 | INFO     | pipeline.phase1_acquisition:clone_repository:95 - Đang shallow clone algorithms_and_data_structures...
2026-04-08 15:26:43.953 | INFO     | pipeline.phase1_acquisition:clone_repository:98 - Repo algorithms_and_data_structures đã tồn tại, skip clone.
2026-04-08 15:26:43.959 | INFO     | pipeline.phase1_acquisition:clone_repository:95 - Đang shallow clone LeetCode-Solutions...
2026-04-08 15:26:43.959 | INFO     | pipeline.phase1_acquisition:clone_repository:98 - Repo LeetCode-Solutions đã tồn tại, skip clone.
2026-04-08 15:26:43.966 | INFO     | pipeline.phase1_acquisition:clone_repository:95 - Đang shallow clone tbox...
2026-04-08 15:26:43.966 | INFO     | pipeline.phase1_acquisition:clone_repository:98 - Repo tbox đã tồn tại, skip clone.
2026-04-08 15:26:43.972 | INFO     | pipeline.phase1_acquisition:clone_repository:95 - Đang shallow clone klib...
2026-04-08 15:26:43.972 | INFO     | pipeline.phase1_acquisition:clone_repository:98 - Repo klib đã tồn tại, skip clone.
2026-04-08 15:26:43.978 | INFO     | pipeline.phase1_acquisition:run_phase1_acquisition:141 - Hoàn thành Giai đoạn 1 (Data Acquisition).
2026-04-08 15:26:43.979 | INFO     | __main__:main:31 - >>> START PHASE 2: ENGINEERING
2026-04-08 15:26:43.979 | INFO     | pipeline.phase2_engineering:run_phase2_engineering:132 - Phase 2: Bắt đầu xử lý 10 repository.
2026-04-08 15:26:45.660 | DEBUG    | pipeline.phase2_engineering:extract_features:46 - Kết quả import: [33mval[0m [36mres25[0m: io.shiftleft.codepropertygraph.generated.Cpg = Cpg[Graph[11189 nodes]]

2026-04-08 15:26:45.660 | DEBUG    | pipeline.phase2_engineering:extract_features:70 - Bắt đầu truy vấn logic từ extract_features.sc
2026-04-08 15:26:45.807 | ERROR    | pipeline.phase2_engineering:extract_features:89 - Kết quả từ Joern không phải là JSON hợp lệ: [33mval[0m [36mallMethods[0m: [32mIterator[0m[io.shiftleft.codepropertygraph.generated.nodes.Method] = empty iterator
[33mval[0m [36mnodesData[0m: [32mList[0m[ujson.Obj] = List(
  Obj(
   ...
2026-04-08 15:26:49.648 | DEBUG    | pipeline.phase2_engineering:extract_features:46 - Kết quả import: [33mval[0m [36mres27[0m: io.shiftleft.codepropertygraph.generated.Cpg = Cpg[Graph[176777 nodes]]

2026-04-08 15:26:49.648 | DEBUG    | pipeline.phase2_engineering:extract_features:70 - Bắt đầu truy vấn logic từ extract_features.sc
2026-04-08 15:26:50.308 | ERROR    | pipeline.phase2_engineering:extract_features:89 - Kết quả từ Joern không phải là JSON hợp lệ: [33mval[0m [36mallMethods[0m: [32mIterator[0m[io.shiftleft.codepropertygraph.generated.nodes.Method] = empty iterator
[33mval[0m [36mnodesData[0m: [32mList[0m[ujson.Obj] = List(
  Obj(
   ...
2026-04-08 15:27:46.907 | WARNING  | pipeline.phase1_acquisition:<module>:19 - Không tìm thấy GITHUB_TOKEN trong .env. Quá trình fetch API có thể bị giới hạn.
2026-04-08 15:27:46.997 | INFO     | __main__:main:15 - 🔥 KHỞI CHẠY PIPELINE CODE SMELL (ASYNC & MULTIPROCESSING) 🔥
2026-04-08 15:27:46.998 | INFO     | __main__:main:25 - >>> START PHASE 1: DATA ACQUISITION
2026-04-08 15:27:46.998 | INFO     | pipeline.phase1_acquisition:crawl_repositories:67 - Đang fetch repositories với query: language:C++ language:C stars:>10 topic:driver
2026-04-08 15:27:52.695 | INFO     | pipeline.phase1_acquisition:crawl_repositories:67 - Đang fetch repositories với query: language:C++ language:C stars:>10 topic:embedded
2026-04-08 15:27:52.696 | INFO     | pipeline.phase1_acquisition:crawl_repositories:67 - Đang fetch repositories với query: language:C++ language:C stars:>10 topic:algorithm
2026-04-08 15:27:52.696 | INFO     | pipeline.phase1_acquisition:crawl_repositories:90 - Hoàn thành crawl 10 repos.
2026-04-08 15:27:52.697 | INFO     | pipeline.phase1_acquisition:run_phase1_acquisition:127 - Bắt đầu clone các repo đã thu thập...
2026-04-08 15:27:52.697 | INFO     | pipeline.phase1_acquisition:clone_repository:95 - Đang shallow clone BlackHole...
2026-04-08 15:27:52.698 | INFO     | pipeline.phase1_acquisition:clone_repository:95 - Đang shallow clone mac-precision-touchpad...
2026-04-08 15:27:52.700 | INFO     | pipeline.phase1_acquisition:clone_repository:95 - Đang shallow clone winfsp...
2026-04-08 15:27:57.252 | INFO     | pipeline.phase1_acquisition:clone_repository:116 - Clone mac-precision-touchpad thành công.
2026-04-08 15:27:57.259 | INFO     | pipeline.phase1_acquisition:clone_repository:95 - Đang shallow clone dokany...
2026-04-08 15:27:59.110 | INFO     | pipeline.phase1_acquisition:clone_repository:116 - Clone dokany thành công.
2026-04-08 15:27:59.116 | INFO     | pipeline.phase1_acquisition:clone_repository:95 - Đang shallow clone openrazer...
2026-04-08 15:27:59.734 | INFO     | pipeline.phase1_acquisition:clone_repository:116 - Clone winfsp thành công.
2026-04-08 15:27:59.740 | INFO     | pipeline.phase1_acquisition:clone_repository:95 - Đang shallow clone ViGEmBus...
2026-04-08 15:28:00.486 | INFO     | pipeline.phase1_acquisition:clone_repository:116 - Clone openrazer thành công.
2026-04-08 15:28:00.492 | INFO     | pipeline.phase1_acquisition:clone_repository:95 - Đang shallow clone psycopg2...
2026-04-08 15:28:01.200 | INFO     | pipeline.phase1_acquisition:clone_repository:116 - Clone ViGEmBus thành công.
2026-04-08 15:28:01.206 | INFO     | pipeline.phase1_acquisition:clone_repository:95 - Đang shallow clone HackSysExtremeVulnerableDriver...
2026-04-08 15:28:01.977 | INFO     | pipeline.phase1_acquisition:clone_repository:116 - Clone psycopg2 thành công.
2026-04-08 15:28:01.983 | INFO     | pipeline.phase1_acquisition:clone_repository:95 - Đang shallow clone r8152...
2026-04-08 15:28:02.353 | INFO     | pipeline.phase1_acquisition:clone_repository:116 - Clone BlackHole thành công.
2026-04-08 15:28:02.362 | INFO     | pipeline.phase1_acquisition:clone_repository:95 - Đang shallow clone TitanHide...
2026-04-08 15:28:03.312 | INFO     | pipeline.phase1_acquisition:clone_repository:116 - Clone r8152 thành công.
2026-04-08 15:28:03.338 | INFO     | pipeline.phase1_acquisition:clone_repository:116 - Clone HackSysExtremeVulnerableDriver thành công.
2026-04-08 15:28:03.766 | INFO     | pipeline.phase1_acquisition:clone_repository:116 - Clone TitanHide thành công.
2026-04-08 15:28:03.772 | INFO     | pipeline.phase1_acquisition:run_phase1_acquisition:141 - Hoàn thành Giai đoạn 1 (Data Acquisition).
2026-04-08 15:28:03.772 | INFO     | __main__:main:31 - >>> START PHASE 2: ENGINEERING
2026-04-08 15:28:03.773 | INFO     | pipeline.phase2_engineering:run_phase2_engineering:145 - Phase 2: Bắt đầu xử lý 20 repository.
2026-04-08 15:28:03.775 | DEBUG    | pipeline.phase2_engineering:extract_features:66 - [interview] Đang gửi lệnh xử lý kết hợp sang Joern Server...
2026-04-08 15:28:05.433 | ERROR    | pipeline.phase2_engineering:extract_features:101 - Không thể parse JSON. Nội dung thô: [33mval[0m [36mres30[0m: io.shiftleft.codepropertygraph.generated.Cpg = Cpg[Graph[11189 nodes]]
[33mval[0m [36mallMethods[0m: [32mList[0m[io.shiftleft.codepropertygraph.generated.nodes.Metho...
2026-04-08 15:28:05.438 | DEBUG    | pipeline.phase2_engineering:extract_features:66 - [C-Plus-Plus] Đang gửi lệnh xử lý kết hợp sang Joern Server...
2026-04-08 15:28:10.491 | ERROR    | pipeline.phase2_engineering:extract_features:101 - Không thể parse JSON. Nội dung thô: {"X", "Y"},...
2026-04-08 15:28:10.499 | DEBUG    | pipeline.phase2_engineering:extract_features:66 - [cosmos] Đang gửi lệnh xử lý kết hợp sang Joern Server...
2026-04-08 15:28:17.020 | ERROR    | pipeline.phase2_engineering:extract_features:101 - Không thể parse JSON. Nội dung thô: [33mval[0m [36mres34[0m: io.shiftleft.codepropertygraph.generated.Cpg = Cpg[Graph[296518 nodes]]
[33mval[0m [36mallMethods[0m: [32mList[0m[io.shiftleft.codepropertygraph.generated.nodes.Meth...
2026-04-08 15:28:17.026 | DEBUG    | pipeline.phase2_engineering:extract_features:66 - [MyTinySTL] Đang gửi lệnh xử lý kết hợp sang Joern Server...
2026-04-08 15:28:51.453 | WARNING  | pipeline.phase1_acquisition:<module>:19 - Không tìm thấy GITHUB_TOKEN trong .env. Quá trình fetch API có thể bị giới hạn.
2026-04-08 15:28:51.656 | INFO     | __main__:main:15 - 🔥 KHỞI CHẠY PIPELINE CODE SMELL (ASYNC & MULTIPROCESSING) 🔥
2026-04-08 15:28:51.657 | INFO     | __main__:main:25 - >>> START PHASE 1: DATA ACQUISITION
2026-04-08 15:28:51.657 | INFO     | pipeline.phase1_acquisition:crawl_repositories:65 - Đang fetch repositories với query: language:java stars:>10
2026-04-08 15:28:56.977 | INFO     | pipeline.phase1_acquisition:crawl_repositories:88 - Hoàn thành crawl 10 repos.
2026-04-08 15:28:56.978 | INFO     | pipeline.phase1_acquisition:run_phase1_acquisition:125 - Bắt đầu clone các repo đã thu thập...
2026-04-08 15:28:56.978 | INFO     | pipeline.phase1_acquisition:clone_repository:93 - Đang shallow clone JavaGuide...
2026-04-08 15:28:56.980 | INFO     | pipeline.phase1_acquisition:clone_repository:93 - Đang shallow clone hello-algo...
2026-04-08 15:28:56.981 | INFO     | pipeline.phase1_acquisition:clone_repository:93 - Đang shallow clone GitHub-Chinese-Top-Charts...
2026-04-08 15:29:20.056 | WARNING  | pipeline.phase1_acquisition:<module>:19 - Không tìm thấy GITHUB_TOKEN trong .env. Quá trình fetch API có thể bị giới hạn.
2026-04-08 15:29:20.147 | INFO     | __main__:main:15 - 🔥 KHỞI CHẠY PIPELINE CODE SMELL (ASYNC & MULTIPROCESSING) 🔥
2026-04-08 15:29:20.148 | INFO     | __main__:main:25 - >>> START PHASE 1: DATA ACQUISITION
2026-04-08 15:29:20.148 | INFO     | pipeline.phase1_acquisition:crawl_repositories:65 - Đang fetch repositories với query: language:java stars:>50 management
2026-04-08 15:29:25.769 | INFO     | pipeline.phase1_acquisition:crawl_repositories:88 - Hoàn thành crawl 10 repos.
2026-04-08 15:29:25.770 | INFO     | pipeline.phase1_acquisition:run_phase1_acquisition:125 - Bắt đầu clone các repo đã thu thập...
2026-04-08 15:29:25.770 | INFO     | pipeline.phase1_acquisition:clone_repository:93 - Đang shallow clone keycloak...
2026-04-08 15:29:25.772 | INFO     | pipeline.phase1_acquisition:clone_repository:93 - Đang shallow clone nacos...
2026-04-08 15:29:25.773 | INFO     | pipeline.phase1_acquisition:clone_repository:93 - Đang shallow clone apollo...
2026-04-08 15:29:52.442 | INFO     | pipeline.phase1_acquisition:clone_repository:114 - Clone apollo thành công.
2026-04-08 15:29:52.448 | INFO     | pipeline.phase1_acquisition:clone_repository:93 - Đang shallow clone thingsboard...
2026-04-08 15:30:08.588 | INFO     | pipeline.phase1_acquisition:clone_repository:114 - Clone nacos thành công.
2026-04-08 15:30:08.596 | INFO     | pipeline.phase1_acquisition:clone_repository:93 - Đang shallow clone ip2region...
2026-04-08 15:31:17.226 | INFO     | pipeline.phase1_acquisition:clone_repository:114 - Clone keycloak thành công.
2026-04-08 15:31:17.233 | INFO     | pipeline.phase1_acquisition:clone_repository:93 - Đang shallow clone pinpoint...
2026-04-08 15:31:40.602 | INFO     | pipeline.phase1_acquisition:clone_repository:114 - Clone pinpoint thành công.
2026-04-08 15:31:40.608 | INFO     | pipeline.phase1_acquisition:clone_repository:93 - Đang shallow clone kafka-ui...
2026-04-08 15:32:05.582 | INFO     | pipeline.phase1_acquisition:clone_repository:114 - Clone kafka-ui thành công.
2026-04-08 15:32:05.587 | INFO     | pipeline.phase1_acquisition:clone_repository:93 - Đang shallow clone Activiti...
2026-04-08 15:32:15.300 | INFO     | pipeline.phase1_acquisition:clone_repository:114 - Clone Activiti thành công.
2026-04-08 15:32:15.306 | INFO     | pipeline.phase1_acquisition:clone_repository:93 - Đang shallow clone flowable-engine...
2026-04-08 15:33:04.036 | INFO     | pipeline.phase1_acquisition:clone_repository:114 - Clone ip2region thành công.
2026-04-08 15:33:04.119 | INFO     | pipeline.phase1_acquisition:clone_repository:93 - Đang shallow clone graylog2-server...
2026-04-08 15:33:24.976 | INFO     | pipeline.phase1_acquisition:clone_repository:114 - Clone graylog2-server thành công.
2026-04-08 15:33:48.928 | INFO     | pipeline.phase1_acquisition:clone_repository:114 - Clone flowable-engine thành công.
2026-04-08 15:35:37.587 | INFO     | pipeline.phase1_acquisition:clone_repository:114 - Clone thingsboard thành công.
2026-04-08 15:35:37.593 | INFO     | pipeline.phase1_acquisition:run_phase1_acquisition:139 - Hoàn thành Giai đoạn 1 (Data Acquisition).
2026-04-08 15:35:37.593 | INFO     | __main__:main:31 - >>> START PHASE 2: ENGINEERING
2026-04-08 15:35:37.593 | INFO     | pipeline.phase2_engineering:run_phase2_engineering:145 - Phase 2: Bắt đầu xử lý 40 repository.
2026-04-08 15:35:37.651 | DEBUG    | pipeline.phase2_engineering:extract_features:66 - [interview] Đang gửi lệnh xử lý kết hợp sang Joern Server...
2026-04-08 15:35:39.490 | ERROR    | pipeline.phase2_engineering:extract_features:101 - Không thể parse JSON. Nội dung thô: [33mval[0m [36mres38[0m: io.shiftleft.codepropertygraph.generated.Cpg = Cpg[Graph[11189 nodes]]
[33mval[0m [36mallMethods[0m: [32mList[0m[io.shiftleft.codepropertygraph.generated.nodes.Metho...
2026-04-08 15:35:39.496 | DEBUG    | pipeline.phase2_engineering:extract_features:66 - [C-Plus-Plus] Đang gửi lệnh xử lý kết hợp sang Joern Server...
2026-04-08 15:35:45.112 | ERROR    | pipeline.phase2_engineering:extract_features:101 - Không thể parse JSON. Nội dung thô: {"X", "Y"},...
2026-04-08 15:35:45.119 | DEBUG    | pipeline.phase2_engineering:extract_features:66 - [cosmos] Đang gửi lệnh xử lý kết hợp sang Joern Server...
2026-04-08 15:37:28.396 | WARNING  | pipeline.phase1_acquisition:<module>:19 - Không tìm thấy GITHUB_TOKEN trong .env. Quá trình fetch API có thể bị giới hạn.
2026-04-08 15:37:28.549 | INFO     | __main__:main:15 - 🔥 KHỞI CHẠY PIPELINE CODE SMELL (ASYNC & MULTIPROCESSING) 🔥
2026-04-08 15:37:28.550 | INFO     | __main__:main:25 - >>> START PHASE 1: DATA ACQUISITION
2026-04-08 15:37:28.550 | INFO     | pipeline.phase1_acquisition:crawl_repositories:65 - Đang fetch repositories với query: language:java stars:>50 management
2026-04-08 15:37:34.887 | INFO     | pipeline.phase1_acquisition:crawl_repositories:88 - Hoàn thành crawl 10 repos.
2026-04-08 15:37:34.888 | INFO     | pipeline.phase1_acquisition:run_phase1_acquisition:125 - Bắt đầu clone các repo đã thu thập...
2026-04-08 15:37:34.889 | INFO     | pipeline.phase1_acquisition:clone_repository:93 - Đang shallow clone keycloak...
2026-04-08 15:37:34.889 | INFO     | pipeline.phase1_acquisition:clone_repository:96 - Repo keycloak đã tồn tại, skip clone.
2026-04-08 15:37:34.896 | INFO     | pipeline.phase1_acquisition:clone_repository:93 - Đang shallow clone nacos...
2026-04-08 15:37:34.896 | INFO     | pipeline.phase1_acquisition:clone_repository:96 - Repo nacos đã tồn tại, skip clone.
2026-04-08 15:37:34.902 | INFO     | pipeline.phase1_acquisition:clone_repository:93 - Đang shallow clone apollo...
2026-04-08 15:37:34.902 | INFO     | pipeline.phase1_acquisition:clone_repository:96 - Repo apollo đã tồn tại, skip clone.
2026-04-08 15:37:34.908 | INFO     | pipeline.phase1_acquisition:clone_repository:93 - Đang shallow clone thingsboard...
2026-04-08 15:37:34.908 | INFO     | pipeline.phase1_acquisition:clone_repository:96 - Repo thingsboard đã tồn tại, skip clone.
2026-04-08 15:37:34.915 | INFO     | pipeline.phase1_acquisition:clone_repository:93 - Đang shallow clone ip2region...
2026-04-08 15:37:34.915 | INFO     | pipeline.phase1_acquisition:clone_repository:96 - Repo ip2region đã tồn tại, skip clone.
2026-04-08 15:37:34.921 | INFO     | pipeline.phase1_acquisition:clone_repository:93 - Đang shallow clone pinpoint...
2026-04-08 15:37:34.921 | INFO     | pipeline.phase1_acquisition:clone_repository:96 - Repo pinpoint đã tồn tại, skip clone.
2026-04-08 15:37:34.927 | INFO     | pipeline.phase1_acquisition:clone_repository:93 - Đang shallow clone kafka-ui...
2026-04-08 15:37:34.928 | INFO     | pipeline.phase1_acquisition:clone_repository:96 - Repo kafka-ui đã tồn tại, skip clone.
2026-04-08 15:37:34.933 | INFO     | pipeline.phase1_acquisition:clone_repository:93 - Đang shallow clone Activiti...
2026-04-08 15:37:34.933 | INFO     | pipeline.phase1_acquisition:clone_repository:96 - Repo Activiti đã tồn tại, skip clone.
2026-04-08 15:37:34.939 | INFO     | pipeline.phase1_acquisition:clone_repository:93 - Đang shallow clone flowable-engine...
2026-04-08 15:37:34.939 | INFO     | pipeline.phase1_acquisition:clone_repository:96 - Repo flowable-engine đã tồn tại, skip clone.
2026-04-08 15:37:34.945 | INFO     | pipeline.phase1_acquisition:clone_repository:93 - Đang shallow clone graylog2-server...
2026-04-08 15:37:34.945 | INFO     | pipeline.phase1_acquisition:clone_repository:96 - Repo graylog2-server đã tồn tại, skip clone.
2026-04-08 15:37:34.951 | INFO     | pipeline.phase1_acquisition:run_phase1_acquisition:139 - Hoàn thành Giai đoạn 1 (Data Acquisition).
2026-04-08 15:37:34.951 | INFO     | __main__:main:31 - >>> START PHASE 2: ENGINEERING
2026-04-08 15:37:34.952 | INFO     | pipeline.phase2_engineering:run_phase2_engineering:149 - Phase 2: Bắt đầu xử lý 40 repository.
2026-04-08 15:37:35.014 | DEBUG    | pipeline.phase2_engineering:extract_features:67 - [interview] Đang gửi lệnh xử lý kết hợp sang Joern Server...
2026-04-08 15:37:36.857 | ERROR    | pipeline.phase2_engineering:extract_features:105 - Không thể parse JSON. Nội dung thô: val res44: io.shiftleft.codepropertygraph.generated.Cpg = Cpg[Graph[11189 nodes]]
val allMethods: List[io.shiftleft.codepropertygraph.generated.nodes.Method] = List(
  Method(
    astParentFullName = ...
2026-04-08 15:37:36.864 | DEBUG    | pipeline.phase2_engineering:extract_features:67 - [C-Plus-Plus] Đang gửi lệnh xử lý kết hợp sang Joern Server...
2026-04-08 15:37:42.088 | ERROR    | pipeline.phase2_engineering:extract_features:105 - Không thể parse JSON. Nội dung thô: val res45: io.shiftleft.codepropertygraph.generated.Cpg = Cpg[Graph[176777 nodes]]
val allMethods: List[io.shiftleft.codepropertygraph.generated.nodes.Method] = List(
  Method(
    astParentFullName =...
2026-04-08 15:37:42.096 | DEBUG    | pipeline.phase2_engineering:extract_features:67 - [cosmos] Đang gửi lệnh xử lý kết hợp sang Joern Server...
2026-04-08 15:37:49.159 | ERROR    | pipeline.phase2_engineering:extract_features:105 - Không thể parse JSON. Nội dung thô: val res46: io.shiftleft.codepropertygraph.generated.Cpg = Cpg[Graph[296518 nodes]]
val allMethods: List[io.shiftleft.codepropertygraph.generated.nodes.Method] = List(
  Method(
    astParentFullName =...
2026-04-08 15:37:49.165 | DEBUG    | pipeline.phase2_engineering:extract_features:67 - [MyTinySTL] Đang gửi lệnh xử lý kết hợp sang Joern Server...
2026-04-08 15:39:12.897 | WARNING  | pipeline.phase1_acquisition:<module>:19 - Không tìm thấy GITHUB_TOKEN trong .env. Quá trình fetch API có thể bị giới hạn.
2026-04-08 15:39:12.997 | INFO     | __main__:main:15 - 🔥 KHỞI CHẠY PIPELINE CODE SMELL (ASYNC & MULTIPROCESSING) 🔥
2026-04-08 15:39:12.997 | INFO     | __main__:main:25 - >>> START PHASE 1: DATA ACQUISITION
2026-04-08 15:39:12.997 | INFO     | pipeline.phase1_acquisition:crawl_repositories:65 - Đang fetch repositories với query: language:java stars:>50 management
2026-04-08 15:39:19.042 | INFO     | pipeline.phase1_acquisition:crawl_repositories:88 - Hoàn thành crawl 10 repos.
2026-04-08 15:39:19.043 | INFO     | pipeline.phase1_acquisition:run_phase1_acquisition:125 - Bắt đầu clone các repo đã thu thập...
2026-04-08 15:39:19.043 | INFO     | pipeline.phase1_acquisition:clone_repository:93 - Đang shallow clone keycloak...
2026-04-08 15:39:19.043 | INFO     | pipeline.phase1_acquisition:clone_repository:96 - Repo keycloak đã tồn tại, skip clone.
2026-04-08 15:39:19.050 | INFO     | pipeline.phase1_acquisition:clone_repository:93 - Đang shallow clone nacos...
2026-04-08 15:39:19.050 | INFO     | pipeline.phase1_acquisition:clone_repository:96 - Repo nacos đã tồn tại, skip clone.
2026-04-08 15:39:19.056 | INFO     | pipeline.phase1_acquisition:clone_repository:93 - Đang shallow clone apollo...
2026-04-08 15:39:19.056 | INFO     | pipeline.phase1_acquisition:clone_repository:96 - Repo apollo đã tồn tại, skip clone.
2026-04-08 15:39:19.062 | INFO     | pipeline.phase1_acquisition:clone_repository:93 - Đang shallow clone thingsboard...
2026-04-08 15:39:19.062 | INFO     | pipeline.phase1_acquisition:clone_repository:96 - Repo thingsboard đã tồn tại, skip clone.
2026-04-08 15:39:19.068 | INFO     | pipeline.phase1_acquisition:clone_repository:93 - Đang shallow clone ip2region...
2026-04-08 15:39:19.068 | INFO     | pipeline.phase1_acquisition:clone_repository:96 - Repo ip2region đã tồn tại, skip clone.
2026-04-08 15:39:19.074 | INFO     | pipeline.phase1_acquisition:clone_repository:93 - Đang shallow clone pinpoint...
2026-04-08 15:39:19.075 | INFO     | pipeline.phase1_acquisition:clone_repository:96 - Repo pinpoint đã tồn tại, skip clone.
2026-04-08 15:39:19.080 | INFO     | pipeline.phase1_acquisition:clone_repository:93 - Đang shallow clone kafka-ui...
2026-04-08 15:39:19.080 | INFO     | pipeline.phase1_acquisition:clone_repository:96 - Repo kafka-ui đã tồn tại, skip clone.
2026-04-08 15:39:19.086 | INFO     | pipeline.phase1_acquisition:clone_repository:93 - Đang shallow clone Activiti...
2026-04-08 15:39:19.086 | INFO     | pipeline.phase1_acquisition:clone_repository:96 - Repo Activiti đã tồn tại, skip clone.
2026-04-08 15:39:19.092 | INFO     | pipeline.phase1_acquisition:clone_repository:93 - Đang shallow clone flowable-engine...
2026-04-08 15:39:19.092 | INFO     | pipeline.phase1_acquisition:clone_repository:96 - Repo flowable-engine đã tồn tại, skip clone.
2026-04-08 15:39:19.098 | INFO     | pipeline.phase1_acquisition:clone_repository:93 - Đang shallow clone graylog2-server...
2026-04-08 15:39:19.098 | INFO     | pipeline.phase1_acquisition:clone_repository:96 - Repo graylog2-server đã tồn tại, skip clone.
2026-04-08 15:39:19.104 | INFO     | pipeline.phase1_acquisition:run_phase1_acquisition:139 - Hoàn thành Giai đoạn 1 (Data Acquisition).
2026-04-08 15:39:19.104 | INFO     | __main__:main:31 - >>> START PHASE 2: ENGINEERING
2026-04-08 15:39:19.105 | INFO     | pipeline.phase2_engineering:run_phase2_engineering:128 - Phase 2: Bắt đầu xử lý 40 repository.
2026-04-08 15:39:19.162 | DEBUG    | pipeline.phase2_engineering:extract_features:70 - [interview] Đang phân tích và ghi file: /home/lambda/lambda/code/pbl5-queries/temp_data/joern_interview.json
2026-04-08 15:39:22.871 | DEBUG    | pipeline.phase2_engineering:extract_features:70 - [C-Plus-Plus] Đang phân tích và ghi file: /home/lambda/lambda/code/pbl5-queries/temp_data/joern_C-Plus-Plus.json
2026-04-08 15:39:22.872 | INFO     | pipeline.phase2_engineering:process_commit_history_worker:97 - [CPU Worker] Bắt đầu duyệt PyDriller trên: temp_data/interview
2026-04-08 15:39:29.132 | DEBUG    | pipeline.phase2_engineering:extract_features:70 - [cosmos] Đang phân tích và ghi file: /home/lambda/lambda/code/pbl5-queries/temp_data/joern_cosmos.json
2026-04-08 15:39:29.132 | INFO     | pipeline.phase2_engineering:process_commit_history_worker:97 - [CPU Worker] Bắt đầu duyệt PyDriller trên: temp_data/C-Plus-Plus
2026-04-08 15:39:36.151 | DEBUG    | pipeline.phase2_engineering:extract_features:70 - [MyTinySTL] Đang phân tích và ghi file: /home/lambda/lambda/code/pbl5-queries/temp_data/joern_MyTinySTL.json
2026-04-08 15:39:36.151 | INFO     | pipeline.phase2_engineering:process_commit_history_worker:97 - [CPU Worker] Bắt đầu duyệt PyDriller trên: temp_data/cosmos
2026-04-08 15:39:42.308 | DEBUG    | pipeline.phase2_engineering:extract_features:70 - [Learn-Algorithms] Đang phân tích và ghi file: /home/lambda/lambda/code/pbl5-queries/temp_data/joern_Learn-Algorithms.json
2026-04-08 15:39:42.308 | INFO     | pipeline.phase2_engineering:process_commit_history_worker:97 - [CPU Worker] Bắt đầu duyệt PyDriller trên: temp_data/MyTinySTL
2026-04-08 15:39:44.175 | DEBUG    | pipeline.phase2_engineering:extract_features:70 - [trader] Đang phân tích và ghi file: /home/lambda/lambda/code/pbl5-queries/temp_data/joern_trader.json
2026-04-08 15:39:44.175 | INFO     | pipeline.phase2_engineering:process_commit_history_worker:97 - [CPU Worker] Bắt đầu duyệt PyDriller trên: temp_data/Learn-Algorithms
2026-04-08 15:39:48.314 | DEBUG    | pipeline.phase2_engineering:extract_features:70 - [algorithms_and_data_structures] Đang phân tích và ghi file: /home/lambda/lambda/code/pbl5-queries/temp_data/joern_algorithms_and_data_structures.json
2026-04-08 15:39:48.315 | INFO     | pipeline.phase2_engineering:process_commit_history_worker:97 - [CPU Worker] Bắt đầu duyệt PyDriller trên: temp_data/trader
2026-04-08 15:39:52.353 | DEBUG    | pipeline.phase2_engineering:extract_features:70 - [LeetCode-Solutions] Đang phân tích và ghi file: /home/lambda/lambda/code/pbl5-queries/temp_data/joern_LeetCode-Solutions.json
2026-04-08 15:39:52.353 | INFO     | pipeline.phase2_engineering:process_commit_history_worker:97 - [CPU Worker] Bắt đầu duyệt PyDriller trên: temp_data/algorithms_and_data_structures
2026-04-08 15:40:08.417 | DEBUG    | pipeline.phase2_engineering:extract_features:70 - [tbox] Đang phân tích và ghi file: /home/lambda/lambda/code/pbl5-queries/temp_data/joern_tbox.json
2026-04-08 15:40:08.417 | INFO     | pipeline.phase2_engineering:process_commit_history_worker:97 - [CPU Worker] Bắt đầu duyệt PyDriller trên: temp_data/LeetCode-Solutions
2026-04-08 15:40:23.909 | DEBUG    | pipeline.phase2_engineering:extract_features:70 - [klib] Đang phân tích và ghi file: /home/lambda/lambda/code/pbl5-queries/temp_data/joern_klib.json
2026-04-08 15:40:23.909 | INFO     | pipeline.phase2_engineering:process_commit_history_worker:97 - [CPU Worker] Bắt đầu duyệt PyDriller trên: temp_data/tbox
2026-04-08 15:40:26.729 | DEBUG    | pipeline.phase2_engineering:extract_features:70 - [BlackHole] Đang phân tích và ghi file: /home/lambda/lambda/code/pbl5-queries/temp_data/joern_BlackHole.json
2026-04-08 15:40:26.729 | INFO     | pipeline.phase2_engineering:process_commit_history_worker:97 - [CPU Worker] Bắt đầu duyệt PyDriller trên: temp_data/klib
2026-04-08 15:40:28.809 | DEBUG    | pipeline.phase2_engineering:extract_features:70 - [mac-precision-touchpad] Đang phân tích và ghi file: /home/lambda/lambda/code/pbl5-queries/temp_data/joern_mac-precision-touchpad.json
2026-04-08 15:40:28.809 | INFO     | pipeline.phase2_engineering:process_commit_history_worker:97 - [CPU Worker] Bắt đầu duyệt PyDriller trên: temp_data/BlackHole
2026-04-08 15:40:30.794 | DEBUG    | pipeline.phase2_engineering:extract_features:70 - [winfsp] Đang phân tích và ghi file: /home/lambda/lambda/code/pbl5-queries/temp_data/joern_winfsp.json
2026-04-08 15:40:30.795 | INFO     | pipeline.phase2_engineering:process_commit_history_worker:97 - [CPU Worker] Bắt đầu duyệt PyDriller trên: temp_data/mac-precision-touchpad
2026-04-08 15:40:32.590 | INFO     | pipeline.phase2_engineering:process_one:190 - Repo mac-precision-touchpad: Sinh 0 methods dataset qua Phase 2.
2026-04-08 15:40:38.760 | DEBUG    | pipeline.phase2_engineering:extract_features:70 - [dokany] Đang phân tích và ghi file: /home/lambda/lambda/code/pbl5-queries/temp_data/joern_dokany.json
2026-04-08 15:40:38.760 | INFO     | pipeline.phase2_engineering:process_commit_history_worker:97 - [CPU Worker] Bắt đầu duyệt PyDriller trên: temp_data/winfsp
2026-04-08 15:40:43.551 | DEBUG    | pipeline.phase2_engineering:extract_features:70 - [openrazer] Đang phân tích và ghi file: /home/lambda/lambda/code/pbl5-queries/temp_data/joern_openrazer.json
2026-04-08 15:40:43.552 | INFO     | pipeline.phase2_engineering:process_commit_history_worker:97 - [CPU Worker] Bắt đầu duyệt PyDriller trên: temp_data/dokany
2026-04-08 15:40:47.952 | DEBUG    | pipeline.phase2_engineering:extract_features:70 - [ViGEmBus] Đang phân tích và ghi file: /home/lambda/lambda/code/pbl5-queries/temp_data/joern_ViGEmBus.json
2026-04-08 15:40:47.952 | INFO     | pipeline.phase2_engineering:process_commit_history_worker:97 - [CPU Worker] Bắt đầu duyệt PyDriller trên: temp_data/openrazer
2026-04-08 15:40:49.922 | DEBUG    | pipeline.phase2_engineering:extract_features:70 - [psycopg2] Đang phân tích và ghi file: /home/lambda/lambda/code/pbl5-queries/temp_data/joern_psycopg2.json
2026-04-08 15:40:49.922 | INFO     | pipeline.phase2_engineering:process_commit_history_worker:97 - [CPU Worker] Bắt đầu duyệt PyDriller trên: temp_data/ViGEmBus
2026-04-08 15:40:53.429 | DEBUG    | pipeline.phase2_engineering:extract_features:70 - [HackSysExtremeVulnerableDriver] Đang phân tích và ghi file: /home/lambda/lambda/code/pbl5-queries/temp_data/joern_HackSysExtremeVulnerableDriver.json
2026-04-08 15:40:53.430 | INFO     | pipeline.phase2_engineering:process_commit_history_worker:97 - [CPU Worker] Bắt đầu duyệt PyDriller trên: temp_data/psycopg2
2026-04-08 15:40:55.741 | DEBUG    | pipeline.phase2_engineering:extract_features:70 - [r8152] Đang phân tích và ghi file: /home/lambda/lambda/code/pbl5-queries/temp_data/joern_r8152.json
2026-04-08 15:40:55.741 | INFO     | pipeline.phase2_engineering:process_commit_history_worker:97 - [CPU Worker] Bắt đầu duyệt PyDriller trên: temp_data/HackSysExtremeVulnerableDriver
2026-04-08 15:40:57.568 | INFO     | pipeline.phase2_engineering:process_one:190 - Repo HackSysExtremeVulnerableDriver: Sinh 0 methods dataset qua Phase 2.
2026-04-08 15:41:07.217 | DEBUG    | pipeline.phase2_engineering:extract_features:70 - [TitanHide] Đang phân tích và ghi file: /home/lambda/lambda/code/pbl5-queries/temp_data/joern_TitanHide.json
2026-04-08 15:41:07.217 | INFO     | pipeline.phase2_engineering:process_commit_history_worker:97 - [CPU Worker] Bắt đầu duyệt PyDriller trên: temp_data/r8152
2026-04-08 15:41:09.968 | DEBUG    | pipeline.phase2_engineering:extract_features:70 - [keycloak] Đang phân tích và ghi file: /home/lambda/lambda/code/pbl5-queries/temp_data/joern_keycloak.json
2026-04-08 15:41:09.968 | INFO     | pipeline.phase2_engineering:process_commit_history_worker:97 - [CPU Worker] Bắt đầu duyệt PyDriller trên: temp_data/TitanHide
2026-04-08 15:41:31.116 | INFO     | pipeline.phase2_engineering:process_one:190 - Repo r8152: Sinh 386 methods dataset qua Phase 2.
2026-04-08 15:42:30.456 | DEBUG    | pipeline.phase2_engineering:extract_features:70 - [nacos] Đang phân tích và ghi file: /home/lambda/lambda/code/pbl5-queries/temp_data/joern_nacos.json
2026-04-08 15:42:30.457 | INFO     | pipeline.phase2_engineering:process_commit_history_worker:97 - [CPU Worker] Bắt đầu duyệt PyDriller trên: temp_data/keycloak
2026-04-08 15:43:01.168 | DEBUG    | pipeline.phase2_engineering:extract_features:70 - [apollo] Đang phân tích và ghi file: /home/lambda/lambda/code/pbl5-queries/temp_data/joern_apollo.json
2026-04-08 15:43:01.169 | INFO     | pipeline.phase2_engineering:process_commit_history_worker:97 - [CPU Worker] Bắt đầu duyệt PyDriller trên: temp_data/nacos
2026-04-08 15:43:09.726 | DEBUG    | pipeline.phase2_engineering:extract_features:70 - [thingsboard] Đang phân tích và ghi file: /home/lambda/lambda/code/pbl5-queries/temp_data/joern_thingsboard.json
2026-04-08 15:43:09.727 | INFO     | pipeline.phase2_engineering:process_commit_history_worker:97 - [CPU Worker] Bắt đầu duyệt PyDriller trên: temp_data/apollo
2026-04-08 15:43:31.719 | DEBUG    | pipeline.phase2_engineering:extract_features:70 - [ip2region] Đang phân tích và ghi file: /home/lambda/lambda/code/pbl5-queries/temp_data/joern_ip2region.json
2026-04-08 15:43:34.608 | DEBUG    | pipeline.phase2_engineering:extract_features:70 - [pinpoint] Đang phân tích và ghi file: /home/lambda/lambda/code/pbl5-queries/temp_data/joern_pinpoint.json
2026-04-08 15:43:34.610 | INFO     | pipeline.phase2_engineering:process_commit_history_worker:97 - [CPU Worker] Bắt đầu duyệt PyDriller trên: temp_data/ip2region
2026-04-08 15:44:12.949 | DEBUG    | pipeline.phase2_engineering:extract_features:70 - [kafka-ui] Đang phân tích và ghi file: /home/lambda/lambda/code/pbl5-queries/temp_data/joern_kafka-ui.json
2026-04-08 15:44:12.951 | INFO     | pipeline.phase2_engineering:process_commit_history_worker:97 - [CPU Worker] Bắt đầu duyệt PyDriller trên: temp_data/pinpoint
2026-04-08 15:44:23.691 | DEBUG    | pipeline.phase2_engineering:extract_features:70 - [Activiti] Đang phân tích và ghi file: /home/lambda/lambda/code/pbl5-queries/temp_data/joern_Activiti.json
2026-04-08 15:44:23.694 | INFO     | pipeline.phase2_engineering:process_commit_history_worker:97 - [CPU Worker] Bắt đầu duyệt PyDriller trên: temp_data/kafka-ui
2026-04-08 15:44:49.311 | DEBUG    | pipeline.phase2_engineering:extract_features:70 - [flowable-engine] Đang phân tích và ghi file: /home/lambda/lambda/code/pbl5-queries/temp_data/joern_flowable-engine.json
2026-04-08 15:44:49.313 | INFO     | pipeline.phase2_engineering:process_commit_history_worker:97 - [CPU Worker] Bắt đầu duyệt PyDriller trên: temp_data/Activiti
2026-04-08 15:45:54.103 | DEBUG    | pipeline.phase2_engineering:extract_features:70 - [graylog2-server] Đang phân tích và ghi file: /home/lambda/lambda/code/pbl5-queries/temp_data/joern_graylog2-server.json
2026-04-08 15:45:54.108 | INFO     | pipeline.phase2_engineering:process_commit_history_worker:97 - [CPU Worker] Bắt đầu duyệt PyDriller trên: temp_data/flowable-engine
2026-04-08 15:46:47.943 | INFO     | pipeline.phase2_engineering:process_commit_history_worker:97 - [CPU Worker] Bắt đầu duyệt PyDriller trên: temp_data/graylog2-server
2026-04-08 15:46:48.014 | INFO     | pipeline.phase2_engineering:run_phase2_engineering:196 - Hoàn thành Giai đoạn 2 (Engineering).
2026-04-08 15:46:48.015 | INFO     | __main__:main:40 - >>> START PHASE 3: AI SYNTHESIS
2026-04-08 15:46:48.016 | INFO     | pipeline.phase3_synthesis:run_phase3_synthesis:97 - Phase 3: Bắt đầu gửi API cho 30 repository.
2026-04-08 15:46:48.016 | ERROR    | pipeline.phase3_synthesis:__init__:31 - DEEPSEEK_API key is missing in .env
2026-04-08 15:46:48.068 | INFO     | pipeline.phase3_synthesis:run_phase3_synthesis:119 - [r8152] Tiến hành gọi DeepSeek cho 386 API calls...
2026-04-08 15:47:05.246 | ERROR    | pipeline.phase3_synthesis:process_method_file:88 - Lỗi AI API file 107374182792.json (Repo r8152): RetryError[<Future at 0x7f272065cbd0 state=finished raised ClientResponseError>]
2026-04-08 15:47:05.311 | ERROR    | pipeline.phase3_synthesis:process_method_file:88 - Lỗi AI API file 107374182802.json (Repo r8152): RetryError[<Future at 0x7f272065d7d0 state=finished raised ClientResponseError>]
2026-04-08 15:47:05.365 | ERROR    | pipeline.phase3_synthesis:process_method_file:88 - Lỗi AI API file 107374182793.json (Repo r8152): RetryError[<Future at 0x7f272065d1d0 state=finished raised ClientResponseError>]
2026-04-08 15:47:05.377 | ERROR    | pipeline.phase3_synthesis:process_method_file:88 - Lỗi AI API file 107374182785.json (Repo r8152): RetryError[<Future at 0x7f27205b41d0 state=finished raised ClientResponseError>]
2026-04-08 15:47:05.539 | ERROR    | pipeline.phase3_synthesis:process_method_file:88 - Lỗi AI API file 107374182789.json (Repo r8152): RetryError[<Future at 0x7f271a4bf2d0 state=finished raised ClientResponseError>]
2026-04-08 15:47:05.541 | ERROR    | pipeline.phase3_synthesis:process_method_file:88 - Lỗi AI API file 107374182797.json (Repo r8152): RetryError[<Future at 0x7f27205b4950 state=finished raised ClientResponseError>]
2026-04-08 15:47:05.644 | ERROR    | pipeline.phase3_synthesis:process_method_file:88 - Lỗi AI API file 107374182803.json (Repo r8152): RetryError[<Future at 0x7f27205b4c50 state=finished raised ClientResponseError>]
2026-04-08 15:47:05.649 | ERROR    | pipeline.phase3_synthesis:process_method_file:88 - Lỗi AI API file 107374182782.json (Repo r8152): RetryError[<Future at 0x7f27205b4f50 state=finished raised ClientResponseError>]
2026-04-08 15:47:05.690 | ERROR    | pipeline.phase3_synthesis:process_method_file:88 - Lỗi AI API file 107374182796.json (Repo r8152): RetryError[<Future at 0x7f27205b54d0 state=finished raised ClientResponseError>]
2026-04-08 15:47:05.731 | ERROR    | pipeline.phase3_synthesis:process_method_file:88 - Lỗi AI API file 107374182798.json (Repo r8152): RetryError[<Future at 0x7f27205b5e50 state=finished raised ClientResponseError>]
2026-04-08 15:47:22.030 | ERROR    | pipeline.phase3_synthesis:process_method_file:88 - Lỗi AI API file 107374182788.json (Repo r8152): RetryError[<Future at 0x7f271a4a9b50 state=finished raised ClientResponseError>]
2026-04-08 15:47:22.192 | ERROR    | pipeline.phase3_synthesis:process_method_file:88 - Lỗi AI API file 107374182804.json (Repo r8152): RetryError[<Future at 0x7f272065d550 state=finished raised ClientResponseError>]
2026-04-08 15:47:22.273 | ERROR    | pipeline.phase3_synthesis:process_method_file:88 - Lỗi AI API file 107374182805.json (Repo r8152): RetryError[<Future at 0x7f272065d5d0 state=finished raised ClientResponseError>]
2026-04-08 15:47:22.278 | ERROR    | pipeline.phase3_synthesis:process_method_file:88 - Lỗi AI API file 107374182784.json (Repo r8152): RetryError[<Future at 0x7f27205b7ad0 state=finished raised ClientResponseError>]
2026-04-08 15:47:22.346 | ERROR    | pipeline.phase3_synthesis:process_method_file:88 - Lỗi AI API file 107374182794.json (Repo r8152): RetryError[<Future at 0x7f27205b75d0 state=finished raised ClientResponseError>]
2026-04-08 15:47:22.388 | ERROR    | pipeline.phase3_synthesis:process_method_file:88 - Lỗi AI API file 107374182800.json (Repo r8152): RetryError[<Future at 0x7f271a4ab9d0 state=finished raised ClientResponseError>]
2026-04-08 15:47:22.424 | ERROR    | pipeline.phase3_synthesis:process_method_file:88 - Lỗi AI API file 107374182791.json (Repo r8152): RetryError[<Future at 0x7f272065d6d0 state=finished raised ClientResponseError>]
2026-04-08 15:47:22.432 | ERROR    | pipeline.phase3_synthesis:process_method_file:88 - Lỗi AI API file 107374182801.json (Repo r8152): RetryError[<Future at 0x7f27205b75d0 state=finished raised ClientResponseError>]
2026-04-08 15:47:22.488 | ERROR    | pipeline.phase3_synthesis:process_method_file:88 - Lỗi AI API file 107374182786.json (Repo r8152): RetryError[<Future at 0x7f27205b71d0 state=finished raised ClientResponseError>]
2026-04-08 15:47:22.624 | ERROR    | pipeline.phase3_synthesis:process_method_file:88 - Lỗi AI API file 107374182783.json (Repo r8152): RetryError[<Future at 0x7f27205b4ed0 state=finished raised ClientResponseError>]
2026-04-08 15:47:38.775 | ERROR    | pipeline.phase3_synthesis:process_method_file:88 - Lỗi AI API file 107374182795.json (Repo r8152): RetryError[<Future at 0x7f27205b73d0 state=finished raised ClientResponseError>]
2026-04-08 15:47:38.949 | ERROR    | pipeline.phase3_synthesis:process_method_file:88 - Lỗi AI API file 107374182799.json (Repo r8152): RetryError[<Future at 0x7f27206049d0 state=finished raised ClientResponseError>]
2026-04-08 15:47:39.000 | ERROR    | pipeline.phase3_synthesis:process_method_file:88 - Lỗi AI API file 107374182787.json (Repo r8152): RetryError[<Future at 0x7f2720604c50 state=finished raised ClientResponseError>]
2026-04-08 15:47:39.020 | ERROR    | pipeline.phase3_synthesis:process_method_file:88 - Lỗi AI API file 107374182781.json (Repo r8152): RetryError[<Future at 0x7f2720604f50 state=finished raised ClientResponseError>]
2026-04-08 15:47:39.048 | ERROR    | pipeline.phase3_synthesis:process_method_file:88 - Lỗi AI API file 107374182790.json (Repo r8152): RetryError[<Future at 0x7f2720605250 state=finished raised ClientResponseError>]
2026-04-08 15:47:39.102 | ERROR    | pipeline.phase3_synthesis:process_method_file:88 - Lỗi AI API file 107374182649.json (Repo r8152): RetryError[<Future at 0x7f2720605550 state=finished raised ClientResponseError>]
2026-04-08 15:47:39.152 | ERROR    | pipeline.phase3_synthesis:process_method_file:88 - Lỗi AI API file 107374182655.json (Repo r8152): RetryError[<Future at 0x7f2720605b50 state=finished raised ClientResponseError>]
2026-04-08 15:47:39.204 | ERROR    | pipeline.phase3_synthesis:process_method_file:88 - Lỗi AI API file 107374182707.json (Repo r8152): RetryError[<Future at 0x7f2720605f50 state=finished raised ClientResponseError>]
2026-04-08 15:47:39.233 | ERROR    | pipeline.phase3_synthesis:process_method_file:88 - Lỗi AI API file 107374182662.json (Repo r8152): RetryError[<Future at 0x7f27206061d0 state=finished raised ClientResponseError>]
2026-04-08 15:47:39.487 | ERROR    | pipeline.phase3_synthesis:process_method_file:88 - Lỗi AI API file 107374182599.json (Repo r8152): RetryError[<Future at 0x7f2720606cd0 state=finished raised ClientResponseError>]
2026-04-08 15:47:55.599 | ERROR    | pipeline.phase3_synthesis:process_method_file:88 - Lỗi AI API file 107374182674.json (Repo r8152): RetryError[<Future at 0x7f272065fcd0 state=finished raised ClientResponseError>]
2026-04-08 15:47:55.728 | ERROR    | pipeline.phase3_synthesis:process_method_file:88 - Lỗi AI API file 107374182708.json (Repo r8152): RetryError[<Future at 0x7f272065cfd0 state=finished raised ClientResponseError>]
2026-04-08 15:47:55.767 | ERROR    | pipeline.phase3_synthesis:process_method_file:88 - Lỗi AI API file 107374182526.json (Repo r8152): RetryError[<Future at 0x7f2720606c50 state=finished raised ClientResponseError>]
2026-04-08 15:47:55.842 | ERROR    | pipeline.phase3_synthesis:process_method_file:88 - Lỗi AI API file 107374182657.json (Repo r8152): RetryError[<Future at 0x7f27206067d0 state=finished raised ClientResponseError>]
2026-04-08 15:47:55.950 | ERROR    | pipeline.phase3_synthesis:process_method_file:88 - Lỗi AI API file 107374182606.json (Repo r8152): RetryError[<Future at 0x7f2720604150 state=finished raised ClientResponseError>]
2026-04-08 15:47:55.959 | ERROR    | pipeline.phase3_synthesis:process_method_file:88 - Lỗi AI API file 107374182716.json (Repo r8152): RetryError[<Future at 0x7f27206057d0 state=finished raised ClientResponseError>]
2026-04-08 15:47:55.985 | ERROR    | pipeline.phase3_synthesis:process_method_file:88 - Lỗi AI API file 107374182713.json (Repo r8152): RetryError[<Future at 0x7f2720607ad0 state=finished raised ClientResponseError>]
2026-04-08 15:47:56.086 | ERROR    | pipeline.phase3_synthesis:process_method_file:88 - Lỗi AI API file 107374182683.json (Repo r8152): RetryError[<Future at 0x7f272068bad0 state=finished raised ClientResponseError>]
2026-04-08 15:47:56.122 | ERROR    | pipeline.phase3_synthesis:process_method_file:88 - Lỗi AI API file 107374182596.json (Repo r8152): RetryError[<Future at 0x7f272068afd0 state=finished raised ClientResponseError>]
2026-04-08 15:47:56.221 | ERROR    | pipeline.phase3_synthesis:process_method_file:88 - Lỗi AI API file 107374182567.json (Repo r8152): RetryError[<Future at 0x7f272068a850 state=finished raised ClientResponseError>]
2026-04-08 15:48:12.329 | ERROR    | pipeline.phase3_synthesis:process_method_file:88 - Lỗi AI API file 107374182629.json (Repo r8152): RetryError[<Future at 0x7f27205b4150 state=finished raised ClientResponseError>]
2026-04-08 15:48:12.496 | ERROR    | pipeline.phase3_synthesis:process_method_file:88 - Lỗi AI API file 107374182664.json (Repo r8152): RetryError[<Future at 0x7f271a4b5fd0 state=finished raised ClientResponseError>]
2026-04-08 15:48:12.515 | ERROR    | pipeline.phase3_synthesis:process_method_file:88 - Lỗi AI API file 107374182706.json (Repo r8152): RetryError[<Future at 0x7f271a4b4650 state=finished raised ClientResponseError>]
2026-04-08 15:48:12.636 | ERROR    | pipeline.phase3_synthesis:process_method_file:88 - Lỗi AI API file 107374182520.json (Repo r8152): RetryError[<Future at 0x7f271a4b69d0 state=finished raised ClientResponseError>]
2026-04-08 15:48:12.663 | ERROR    | pipeline.phase3_synthesis:process_method_file:88 - Lỗi AI API file 107374182416.json (Repo r8152): RetryError[<Future at 0x7f271a4b4350 state=finished raised ClientResponseError>]
2026-04-08 15:48:12.710 | ERROR    | pipeline.phase3_synthesis:process_method_file:88 - Lỗi AI API file 107374182745.json (Repo r8152): RetryError[<Future at 0x7f271a4b55d0 state=finished raised ClientResponseError>]
2026-04-08 15:48:12.911 | ERROR    | pipeline.phase3_synthesis:process_method_file:88 - Lỗi AI API file 107374182709.json (Repo r8152): RetryError[<Future at 0x7f271a4b7550 state=finished raised ClientResponseError>]
2026-04-08 15:48:12.939 | ERROR    | pipeline.phase3_synthesis:process_method_file:88 - Lỗi AI API file 107374182728.json (Repo r8152): RetryError[<Future at 0x7f271a4b7ed0 state=finished raised ClientResponseError>]
2026-04-08 15:48:12.981 | ERROR    | pipeline.phase3_synthesis:process_method_file:88 - Lỗi AI API file 107374182563.json (Repo r8152): RetryError[<Future at 0x7f2720607c50 state=finished raised ClientResponseError>]
2026-04-08 15:48:13.025 | ERROR    | pipeline.phase3_synthesis:process_method_file:88 - Lỗi AI API file 107374182410.json (Repo r8152): RetryError[<Future at 0x7f2720605c50 state=finished raised ClientResponseError>]
2026-04-08 16:04:03.115 | WARNING  | pipeline.phase1_acquisition:<module>:19 - Không tìm thấy GITHUB_TOKEN trong .env. Quá trình fetch API có thể bị giới hạn.
2026-04-08 16:04:03.280 | INFO     | __main__:main:15 - 🔥 KHỞI CHẠY PIPELINE CODE SMELL (ASYNC & MULTIPROCESSING) 🔥
2026-04-08 16:04:03.280 | INFO     | __main__:main:25 - >>> START PHASE 1: DATA ACQUISITION
2026-04-08 16:04:03.280 | INFO     | pipeline.phase1_acquisition:crawl_repositories:76 - Đang fetch repositories với query: language:java management system
2026-04-08 16:04:10.407 | INFO     | pipeline.phase1_acquisition:crawl_repositories:76 - Đang fetch repositories với query: language:java tool server
2026-04-08 16:04:10.407 | INFO     | pipeline.phase1_acquisition:crawl_repositories:76 - Đang fetch repositories với query: language:java framework toolkit
2026-04-08 16:04:10.407 | INFO     | pipeline.phase1_acquisition:crawl_repositories:76 - Đang fetch repositories với query: language:C++ driver system
2026-04-08 16:04:10.407 | INFO     | pipeline.phase1_acquisition:crawl_repositories:76 - Đang fetch repositories với query: language:C++ tool utility
2026-04-08 16:04:10.407 | INFO     | pipeline.phase1_acquisition:crawl_repositories:76 - Đang fetch repositories với query: language:C++ embedded driver
2026-04-08 16:04:10.407 | INFO     | pipeline.phase1_acquisition:crawl_repositories:76 - Đang fetch repositories với query: language:C++ desktop application
2026-04-08 16:04:10.408 | INFO     | pipeline.phase1_acquisition:crawl_repositories:106 - Hoàn thành crawl 10 repos.
2026-04-08 16:04:10.408 | INFO     | pipeline.phase1_acquisition:run_phase1_acquisition:143 - Bắt đầu clone các repo đã thu thập...
2026-04-08 16:04:10.409 | INFO     | pipeline.phase1_acquisition:clone_repository:111 - Đang shallow clone apollo...
2026-04-08 16:04:10.409 | INFO     | pipeline.phase1_acquisition:clone_repository:114 - Repo apollo đã tồn tại, skip clone.
2026-04-08 16:04:10.415 | INFO     | pipeline.phase1_acquisition:clone_repository:111 - Đang shallow clone pinpoint...
2026-04-08 16:04:10.415 | INFO     | pipeline.phase1_acquisition:clone_repository:114 - Repo pinpoint đã tồn tại, skip clone.
2026-04-08 16:04:10.421 | INFO     | pipeline.phase1_acquisition:clone_repository:111 - Đang shallow clone Activiti...
2026-04-08 16:04:10.422 | INFO     | pipeline.phase1_acquisition:clone_repository:114 - Repo Activiti đã tồn tại, skip clone.
2026-04-08 16:04:10.428 | INFO     | pipeline.phase1_acquisition:clone_repository:111 - Đang shallow clone flowable-engine...
2026-04-08 16:04:10.428 | INFO     | pipeline.phase1_acquisition:clone_repository:114 - Repo flowable-engine đã tồn tại, skip clone.
2026-04-08 16:04:10.434 | INFO     | pipeline.phase1_acquisition:clone_repository:111 - Đang shallow clone pig...
2026-04-08 16:04:10.436 | INFO     | pipeline.phase1_acquisition:clone_repository:111 - Đang shallow clone shopping-management-system...
2026-04-08 16:04:10.437 | INFO     | pipeline.phase1_acquisition:clone_repository:111 - Đang shallow clone Bastillion...
2026-04-08 16:04:12.036 | INFO     | pipeline.phase1_acquisition:clone_repository:132 - Clone Bastillion thành công.
2026-04-08 16:04:12.043 | INFO     | pipeline.phase1_acquisition:clone_repository:111 - Đang shallow clone EFAK...
2026-04-08 16:04:16.922 | INFO     | pipeline.phase1_acquisition:clone_repository:132 - Clone pig thành công.
2026-04-08 16:04:16.929 | INFO     | pipeline.phase1_acquisition:clone_repository:111 - Đang shallow clone CustomerManagement...
2026-04-08 16:07:55.719 | WARNING  | pipeline.phase1_acquisition:<module>:19 - Không tìm thấy GITHUB_TOKEN trong .env. Quá trình fetch API có thể bị giới hạn.
2026-04-08 16:07:55.819 | INFO     | __main__:main:15 - 🔥 KHỞI CHẠY PIPELINE CODE SMELL (ASYNC & MULTIPROCESSING) 🔥
2026-04-08 16:07:55.820 | INFO     | __main__:main:25 - >>> START PHASE 1: DATA ACQUISITION
2026-04-08 16:07:55.820 | INFO     | pipeline.phase1_acquisition:crawl_repositories:80 - Đang fetch repositories với query: language:java management system
2026-04-08 16:08:01.914 | INFO     | pipeline.phase1_acquisition:crawl_repositories:80 - Đang fetch repositories với query: language:java "web server" http
2026-04-08 16:08:08.118 | INFO     | pipeline.phase1_acquisition:crawl_repositories:80 - Đang fetch repositories với query: language:java database engine
2026-04-08 16:08:14.161 | INFO     | pipeline.phase1_acquisition:crawl_repositories:80 - Đang fetch repositories với query: language:C++ "game engine" graphics
2026-04-08 16:08:14.161 | INFO     | pipeline.phase1_acquisition:crawl_repositories:80 - Đang fetch repositories với query: language:C++ "operating system" kernel
2026-04-08 16:08:14.161 | INFO     | pipeline.phase1_acquisition:crawl_repositories:80 - Đang fetch repositories với query: language:C++ computer-vision library
2026-04-08 16:08:14.162 | INFO     | pipeline.phase1_acquisition:crawl_repositories:80 - Đang fetch repositories với query: language:C++ networking tool
2026-04-08 16:08:14.162 | INFO     | pipeline.phase1_acquisition:crawl_repositories:80 - Đang fetch repositories với query: language:C++ driver hardware
2026-04-08 16:08:14.163 | INFO     | pipeline.phase1_acquisition:crawl_repositories:113 - Hoàn thành crawl 10 repos.
2026-04-08 16:08:14.163 | INFO     | pipeline.phase1_acquisition:run_phase1_acquisition:150 - Bắt đầu clone các repo đã thu thập...
2026-04-08 16:08:14.164 | INFO     | pipeline.phase1_acquisition:clone_repository:118 - Đang shallow clone apollo...
2026-04-08 16:08:14.164 | INFO     | pipeline.phase1_acquisition:clone_repository:121 - Repo apollo đã tồn tại, skip clone.
2026-04-08 16:08:14.171 | INFO     | pipeline.phase1_acquisition:clone_repository:118 - Đang shallow clone pinpoint...
2026-04-08 16:08:14.171 | INFO     | pipeline.phase1_acquisition:clone_repository:121 - Repo pinpoint đã tồn tại, skip clone.
2026-04-08 16:08:14.177 | INFO     | pipeline.phase1_acquisition:clone_repository:118 - Đang shallow clone Activiti...
2026-04-08 16:08:14.178 | INFO     | pipeline.phase1_acquisition:clone_repository:121 - Repo Activiti đã tồn tại, skip clone.
2026-04-08 16:08:14.184 | INFO     | pipeline.phase1_acquisition:clone_repository:118 - Đang shallow clone flowable-engine...
2026-04-08 16:08:14.184 | INFO     | pipeline.phase1_acquisition:clone_repository:121 - Repo flowable-engine đã tồn tại, skip clone.
2026-04-08 16:08:14.190 | INFO     | pipeline.phase1_acquisition:clone_repository:118 - Đang shallow clone restcommander...
2026-04-08 16:08:14.192 | INFO     | pipeline.phase1_acquisition:clone_repository:118 - Đang shallow clone DeepfakeHTTP...
2026-04-08 16:08:14.193 | INFO     | pipeline.phase1_acquisition:clone_repository:118 - Đang shallow clone android-http-server...
2026-04-08 16:08:16.016 | INFO     | pipeline.phase1_acquisition:clone_repository:139 - Clone android-http-server thành công.
2026-04-08 16:08:16.022 | INFO     | pipeline.phase1_acquisition:clone_repository:118 - Đang shallow clone fluent-http...
2026-04-08 16:08:17.975 | INFO     | pipeline.phase1_acquisition:clone_repository:139 - Clone fluent-http thành công.
2026-04-08 16:08:17.980 | INFO     | pipeline.phase1_acquisition:clone_repository:118 - Đang shallow clone trino...
2026-04-08 16:08:29.095 | INFO     | pipeline.phase1_acquisition:clone_repository:139 - Clone DeepfakeHTTP thành công.
2026-04-08 16:08:29.101 | INFO     | pipeline.phase1_acquisition:clone_repository:118 - Đang shallow clone starrocks...
2026-04-08 16:10:02.958 | INFO     | pipeline.phase1_acquisition:clone_repository:139 - Clone trino thành công.
2026-04-08 16:10:12.215 | INFO     | pipeline.phase1_acquisition:clone_repository:139 - Clone restcommander thành công.
2026-04-08 16:12:25.900 | INFO     | pipeline.phase1_acquisition:clone_repository:139 - Clone starrocks thành công.
2026-04-08 16:12:26.036 | INFO     | pipeline.phase1_acquisition:run_phase1_acquisition:164 - Hoàn thành Giai đoạn 1 (Data Acquisition).
2026-04-08 16:12:26.036 | INFO     | __main__:main:31 - >>> START PHASE 2: ENGINEERING
2026-04-08 16:12:26.036 | INFO     | pipeline.phase2_engineering:run_phase2_engineering:146 - Phase 2: Bắt đầu xử lý 44 repository.
2026-04-08 16:12:26.109 | DEBUG    | pipeline.phase2_engineering:extract_features:88 - [C-Plus-Plus] Đang phân tích và ghi file: /home/lambda/lambda/code/pbl5-queries/temp_data/joern_C-Plus-Plus.json
2026-04-08 16:12:32.492 | DEBUG    | pipeline.phase2_engineering:extract_features:88 - [cosmos] Đang phân tích và ghi file: /home/lambda/lambda/code/pbl5-queries/temp_data/joern_cosmos.json
2026-04-08 16:12:32.492 | INFO     | pipeline.phase2_engineering:process_commit_history_worker:115 - [CPU Worker] Bắt đầu duyệt PyDriller trên: temp_data/C-Plus-Plus
2026-04-08 16:12:40.380 | DEBUG    | pipeline.phase2_engineering:extract_features:88 - [MyTinySTL] Đang phân tích và ghi file: /home/lambda/lambda/code/pbl5-queries/temp_data/joern_MyTinySTL.json
2026-04-08 16:12:40.380 | INFO     | pipeline.phase2_engineering:process_commit_history_worker:115 - [CPU Worker] Bắt đầu duyệt PyDriller trên: temp_data/cosmos
2026-04-08 16:12:47.466 | DEBUG    | pipeline.phase2_engineering:extract_features:88 - [trader] Đang phân tích và ghi file: /home/lambda/lambda/code/pbl5-queries/temp_data/joern_trader.json
2026-04-08 16:12:47.467 | INFO     | pipeline.phase2_engineering:process_commit_history_worker:115 - [CPU Worker] Bắt đầu duyệt PyDriller trên: temp_data/MyTinySTL
2026-04-08 16:12:50.961 | DEBUG    | pipeline.phase2_engineering:extract_features:88 - [tbox] Đang phân tích và ghi file: /home/lambda/lambda/code/pbl5-queries/temp_data/joern_tbox.json
2026-04-08 16:12:50.961 | INFO     | pipeline.phase2_engineering:process_commit_history_worker:115 - [CPU Worker] Bắt đầu duyệt PyDriller trên: temp_data/trader
2026-04-08 16:13:06.820 | DEBUG    | pipeline.phase2_engineering:extract_features:88 - [klib] Đang phân tích và ghi file: /home/lambda/lambda/code/pbl5-queries/temp_data/joern_klib.json
2026-04-08 16:13:06.820 | INFO     | pipeline.phase2_engineering:process_commit_history_worker:115 - [CPU Worker] Bắt đầu duyệt PyDriller trên: temp_data/tbox
2026-04-08 16:13:12.197 | DEBUG    | pipeline.phase2_engineering:extract_features:88 - [BlackHole] Đang phân tích và ghi file: /home/lambda/lambda/code/pbl5-queries/temp_data/joern_BlackHole.json
2026-04-08 16:13:12.197 | INFO     | pipeline.phase2_engineering:process_commit_history_worker:115 - [CPU Worker] Bắt đầu duyệt PyDriller trên: temp_data/klib
2026-04-08 16:13:14.856 | DEBUG    | pipeline.phase2_engineering:extract_features:88 - [winfsp] Đang phân tích và ghi file: /home/lambda/lambda/code/pbl5-queries/temp_data/joern_winfsp.json
2026-04-08 16:13:14.856 | INFO     | pipeline.phase2_engineering:process_commit_history_worker:115 - [CPU Worker] Bắt đầu duyệt PyDriller trên: temp_data/BlackHole
2026-04-08 16:13:24.477 | DEBUG    | pipeline.phase2_engineering:extract_features:88 - [dokany] Đang phân tích và ghi file: /home/lambda/lambda/code/pbl5-queries/temp_data/joern_dokany.json
2026-04-08 16:13:24.477 | INFO     | pipeline.phase2_engineering:process_commit_history_worker:115 - [CPU Worker] Bắt đầu duyệt PyDriller trên: temp_data/winfsp
2026-04-08 16:13:31.172 | DEBUG    | pipeline.phase2_engineering:extract_features:88 - [openrazer] Đang phân tích và ghi file: /home/lambda/lambda/code/pbl5-queries/temp_data/joern_openrazer.json
2026-04-08 16:13:31.172 | INFO     | pipeline.phase2_engineering:process_commit_history_worker:115 - [CPU Worker] Bắt đầu duyệt PyDriller trên: temp_data/dokany
2026-04-08 16:13:38.030 | DEBUG    | pipeline.phase2_engineering:extract_features:88 - [ViGEmBus] Đang phân tích và ghi file: /home/lambda/lambda/code/pbl5-queries/temp_data/joern_ViGEmBus.json
2026-04-08 16:13:38.030 | INFO     | pipeline.phase2_engineering:process_commit_history_worker:115 - [CPU Worker] Bắt đầu duyệt PyDriller trên: temp_data/openrazer
2026-04-08 16:13:44.040 | DEBUG    | pipeline.phase2_engineering:extract_features:88 - [psycopg2] Đang phân tích và ghi file: /home/lambda/lambda/code/pbl5-queries/temp_data/joern_psycopg2.json
2026-04-08 16:13:44.040 | INFO     | pipeline.phase2_engineering:process_commit_history_worker:115 - [CPU Worker] Bắt đầu duyệt PyDriller trên: temp_data/ViGEmBus
2026-04-08 16:13:47.928 | DEBUG    | pipeline.phase2_engineering:extract_features:88 - [TitanHide] Đang phân tích và ghi file: /home/lambda/lambda/code/pbl5-queries/temp_data/joern_TitanHide.json
2026-04-08 16:13:47.928 | INFO     | pipeline.phase2_engineering:process_commit_history_worker:115 - [CPU Worker] Bắt đầu duyệt PyDriller trên: temp_data/psycopg2
2026-04-08 16:13:52.622 | DEBUG    | pipeline.phase2_engineering:extract_features:88 - [keycloak] Đang phân tích và ghi file: /home/lambda/lambda/code/pbl5-queries/temp_data/joern_keycloak.json
2026-04-08 16:13:52.622 | INFO     | pipeline.phase2_engineering:process_commit_history_worker:115 - [CPU Worker] Bắt đầu duyệt PyDriller trên: temp_data/TitanHide
2026-04-08 19:12:51.922 | INFO     | __main__:main:23 - 🔥 KHỞI CHẠY PIPELINE CODE SMELL (ASYNC & MULTIPROCESSING) 🔥
2026-04-08 19:12:51.923 | INFO     | __main__:main:24 - 🚀 Running in WEB mode for AI Labeling
2026-04-08 19:12:51.923 | INFO     | __main__:main:32 - >>> START PHASE 1: DATA ACQUISITION
2026-04-08 19:12:51.923 | INFO     | pipeline.phase1_acquisition:crawl_repositories:80 - Đang fetch repositories với query: language:java management system
2026-04-08 19:12:52.984 | ERROR    | pipeline.phase1_acquisition:fetch_repos_page:50 - Lỗi truy vấn GitHub: 401
2026-04-08 19:12:57.490 | ERROR    | pipeline.phase1_acquisition:fetch_repos_page:50 - Lỗi truy vấn GitHub: 401
2026-04-08 19:13:01.995 | ERROR    | pipeline.phase1_acquisition:fetch_repos_page:50 - Lỗi truy vấn GitHub: 401
2026-04-08 19:13:06.501 | ERROR    | pipeline.phase1_acquisition:fetch_repos_page:50 - Lỗi truy vấn GitHub: 401
2026-04-08 19:13:15.000 | ERROR    | pipeline.phase1_acquisition:fetch_repos_page:50 - Lỗi truy vấn GitHub: 401
2026-04-08 19:13:15.001 | ERROR    | pipeline.phase1_acquisition:crawl_repositories:110 - Lỗi khi crawl query 'language:java management system': RetryError[<Future at 0x7f1e67b450f0 state=finished raised ClientResponseError>]
2026-04-08 19:13:15.001 | INFO     | pipeline.phase1_acquisition:crawl_repositories:80 - Đang fetch repositories với query: language:java "web server" http
2026-04-08 19:13:15.513 | ERROR    | pipeline.phase1_acquisition:fetch_repos_page:50 - Lỗi truy vấn GitHub: 401
2026-04-08 19:13:20.018 | ERROR    | pipeline.phase1_acquisition:fetch_repos_page:50 - Lỗi truy vấn GitHub: 401
2026-04-08 19:13:25.035 | ERROR    | pipeline.phase1_acquisition:fetch_repos_page:50 - Lỗi truy vấn GitHub: 401
2026-04-08 19:13:26.859 | WARNING  | __main__:<module>:59 - Pipeline bị dừng bởi người dùng.
2026-04-08 19:13:29.841 | INFO     | __main__:main:23 - 🔥 KHỞI CHẠY PIPELINE CODE SMELL (ASYNC & MULTIPROCESSING) 🔥
2026-04-08 19:13:29.842 | INFO     | __main__:main:24 - 🚀 Running in API mode for AI Labeling
2026-04-08 19:13:29.842 | INFO     | __main__:main:32 - >>> START PHASE 1: DATA ACQUISITION
2026-04-08 19:13:29.842 | INFO     | pipeline.phase1_acquisition:crawl_repositories:80 - Đang fetch repositories với query: language:java management system
2026-04-08 19:13:30.358 | ERROR    | pipeline.phase1_acquisition:fetch_repos_page:50 - Lỗi truy vấn GitHub: 401
2026-04-08 19:13:33.142 | WARNING  | __main__:<module>:59 - Pipeline bị dừng bởi người dùng.
2026-04-08 19:13:36.156 | INFO     | __main__:main:23 - 🔥 KHỞI CHẠY PIPELINE CODE SMELL (ASYNC & MULTIPROCESSING) 🔥
2026-04-08 19:13:36.156 | INFO     | __main__:main:24 - 🚀 Running in WEB mode for AI Labeling
2026-04-08 19:13:36.156 | INFO     | __main__:main:32 - >>> START PHASE 1: DATA ACQUISITION
2026-04-08 19:13:36.156 | INFO     | pipeline.phase1_acquisition:crawl_repositories:80 - Đang fetch repositories với query: language:java management system
2026-04-08 19:13:36.914 | ERROR    | pipeline.phase1_acquisition:fetch_repos_page:50 - Lỗi truy vấn GitHub: 401
2026-04-08 19:13:41.522 | ERROR    | pipeline.phase1_acquisition:fetch_repos_page:50 - Lỗi truy vấn GitHub: 401
2026-04-08 19:13:46.028 | ERROR    | pipeline.phase1_acquisition:fetch_repos_page:50 - Lỗi truy vấn GitHub: 401
2026-04-08 19:13:50.535 | ERROR    | pipeline.phase1_acquisition:fetch_repos_page:50 - Lỗi truy vấn GitHub: 401
2026-04-08 19:13:59.135 | ERROR    | pipeline.phase1_acquisition:fetch_repos_page:50 - Lỗi truy vấn GitHub: 401
2026-04-08 19:13:59.136 | ERROR    | pipeline.phase1_acquisition:crawl_repositories:110 - Lỗi khi crawl query 'language:java management system': RetryError[<Future at 0x7f2c1bff0fc0 state=finished raised ClientResponseError>]
2026-04-08 19:13:59.136 | INFO     | pipeline.phase1_acquisition:crawl_repositories:80 - Đang fetch repositories với query: language:java "web server" http
2026-04-08 19:13:59.545 | ERROR    | pipeline.phase1_acquisition:fetch_repos_page:50 - Lỗi truy vấn GitHub: 401
2026-04-08 19:14:04.477 | ERROR    | pipeline.phase1_acquisition:fetch_repos_page:50 - Lỗi truy vấn GitHub: 401
2026-04-08 19:14:08.965 | ERROR    | pipeline.phase1_acquisition:fetch_repos_page:50 - Lỗi truy vấn GitHub: 401
2026-04-08 19:14:13.471 | ERROR    | pipeline.phase1_acquisition:fetch_repos_page:50 - Lỗi truy vấn GitHub: 401
2026-04-08 19:14:22.444 | ERROR    | pipeline.phase1_acquisition:fetch_repos_page:50 - Lỗi truy vấn GitHub: 401
2026-04-08 19:14:22.445 | ERROR    | pipeline.phase1_acquisition:crawl_repositories:110 - Lỗi khi crawl query 'language:java "web server" http': RetryError[<Future at 0x7f2c1c252b50 state=finished raised ClientResponseError>]
2026-04-08 19:14:22.445 | INFO     | pipeline.phase1_acquisition:crawl_repositories:80 - Đang fetch repositories với query: language:java database engine
2026-04-08 19:14:23.097 | ERROR    | pipeline.phase1_acquisition:fetch_repos_page:50 - Lỗi truy vấn GitHub: 401
2026-04-08 19:14:28.217 | ERROR    | pipeline.phase1_acquisition:fetch_repos_page:50 - Lỗi truy vấn GitHub: 401
2026-04-08 19:14:32.721 | ERROR    | pipeline.phase1_acquisition:fetch_repos_page:50 - Lỗi truy vấn GitHub: 401
2026-04-08 19:14:37.433 | ERROR    | pipeline.phase1_acquisition:fetch_repos_page:50 - Lỗi truy vấn GitHub: 401
2026-04-08 19:14:45.932 | ERROR    | pipeline.phase1_acquisition:fetch_repos_page:50 - Lỗi truy vấn GitHub: 401
2026-04-08 19:14:45.933 | ERROR    | pipeline.phase1_acquisition:crawl_repositories:110 - Lỗi khi crawl query 'language:java database engine': RetryError[<Future at 0x7f2c1c005570 state=finished raised ClientResponseError>]
2026-04-08 19:14:45.933 | INFO     | pipeline.phase1_acquisition:crawl_repositories:80 - Đang fetch repositories với query: language:C++ "game engine" graphics
2026-04-08 19:14:46.443 | ERROR    | pipeline.phase1_acquisition:fetch_repos_page:50 - Lỗi truy vấn GitHub: 401
2026-04-08 19:14:51.053 | ERROR    | pipeline.phase1_acquisition:fetch_repos_page:50 - Lỗi truy vấn GitHub: 401
2026-04-08 19:14:55.558 | ERROR    | pipeline.phase1_acquisition:fetch_repos_page:50 - Lỗi truy vấn GitHub: 401
2026-04-08 19:14:57.871 | WARNING  | __main__:<module>:59 - Pipeline bị dừng bởi người dùng.
2026-04-08 19:15:08.050 | INFO     | __main__:main:23 - 🔥 KHỞI CHẠY PIPELINE CODE SMELL (ASYNC & MULTIPROCESSING) 🔥
2026-04-08 19:15:08.051 | INFO     | __main__:main:24 - 🚀 Running in WEB mode for AI Labeling
2026-04-08 19:15:08.051 | INFO     | __main__:main:32 - >>> START PHASE 1: DATA ACQUISITION
2026-04-08 19:15:08.051 | INFO     | pipeline.phase1_acquisition:crawl_repositories:80 - Đang fetch repositories với query: language:java management system
2026-04-08 19:15:08.665 | ERROR    | pipeline.phase1_acquisition:fetch_repos_page:50 - Lỗi truy vấn GitHub: 401
2026-04-08 19:15:13.172 | ERROR    | pipeline.phase1_acquisition:fetch_repos_page:50 - Lỗi truy vấn GitHub: 401
2026-04-08 19:15:17.675 | ERROR    | pipeline.phase1_acquisition:fetch_repos_page:50 - Lỗi truy vấn GitHub: 401
2026-04-08 19:15:22.184 | ERROR    | pipeline.phase1_acquisition:fetch_repos_page:50 - Lỗi truy vấn GitHub: 401
2026-04-08 19:15:30.785 | ERROR    | pipeline.phase1_acquisition:fetch_repos_page:50 - Lỗi truy vấn GitHub: 401
2026-04-08 19:15:30.786 | ERROR    | pipeline.phase1_acquisition:crawl_repositories:110 - Lỗi khi crawl query 'language:java management system': RetryError[<Future at 0x7fd7d60f0fc0 state=finished raised ClientResponseError>]
2026-04-08 19:15:30.787 | INFO     | pipeline.phase1_acquisition:crawl_repositories:80 - Đang fetch repositories với query: language:java "web server" http
2026-04-08 19:15:31.297 | ERROR    | pipeline.phase1_acquisition:fetch_repos_page:50 - Lỗi truy vấn GitHub: 401
2026-04-08 19:15:35.904 | ERROR    | pipeline.phase1_acquisition:fetch_repos_page:50 - Lỗi truy vấn GitHub: 401
2026-04-08 19:15:40.408 | ERROR    | pipeline.phase1_acquisition:fetch_repos_page:50 - Lỗi truy vấn GitHub: 401
2026-04-08 19:15:44.915 | ERROR    | pipeline.phase1_acquisition:fetch_repos_page:50 - Lỗi truy vấn GitHub: 401
2026-04-08 19:15:54.030 | ERROR    | pipeline.phase1_acquisition:fetch_repos_page:50 - Lỗi truy vấn GitHub: 401
2026-04-08 19:15:54.030 | ERROR    | pipeline.phase1_acquisition:crawl_repositories:110 - Lỗi khi crawl query 'language:java "web server" http': RetryError[<Future at 0x7fd7d6352b50 state=finished raised ClientResponseError>]
2026-04-08 19:15:54.031 | INFO     | pipeline.phase1_acquisition:crawl_repositories:80 - Đang fetch repositories với query: language:java database engine
2026-04-08 19:15:54.644 | ERROR    | pipeline.phase1_acquisition:fetch_repos_page:50 - Lỗi truy vấn GitHub: 401
2026-04-08 19:15:59.559 | ERROR    | pipeline.phase1_acquisition:fetch_repos_page:50 - Lỗi truy vấn GitHub: 401
2026-04-08 19:16:04.065 | ERROR    | pipeline.phase1_acquisition:fetch_repos_page:50 - Lỗi truy vấn GitHub: 401
2026-04-08 19:16:09.083 | ERROR    | pipeline.phase1_acquisition:fetch_repos_page:50 - Lỗi truy vấn GitHub: 401
2026-04-08 19:16:17.576 | ERROR    | pipeline.phase1_acquisition:fetch_repos_page:50 - Lỗi truy vấn GitHub: 401
2026-04-08 19:16:17.577 | ERROR    | pipeline.phase1_acquisition:crawl_repositories:110 - Lỗi khi crawl query 'language:java database engine': RetryError[<Future at 0x7fd7d6101570 state=finished raised ClientResponseError>]
2026-04-08 19:16:17.577 | INFO     | pipeline.phase1_acquisition:crawl_repositories:80 - Đang fetch repositories với query: language:C++ "game engine" graphics
2026-04-08 19:16:18.094 | ERROR    | pipeline.phase1_acquisition:fetch_repos_page:50 - Lỗi truy vấn GitHub: 401
2026-04-08 19:16:22.581 | ERROR    | pipeline.phase1_acquisition:fetch_repos_page:50 - Lỗi truy vấn GitHub: 401
2026-04-08 19:16:27.107 | ERROR    | pipeline.phase1_acquisition:fetch_repos_page:50 - Lỗi truy vấn GitHub: 401
2026-04-08 19:16:31.611 | ERROR    | pipeline.phase1_acquisition:fetch_repos_page:50 - Lỗi truy vấn GitHub: 401
2026-04-08 19:16:40.111 | ERROR    | pipeline.phase1_acquisition:fetch_repos_page:50 - Lỗi truy vấn GitHub: 401
2026-04-08 19:16:40.111 | ERROR    | pipeline.phase1_acquisition:crawl_repositories:110 - Lỗi khi crawl query 'language:C++ "game engine" graphics': RetryError[<Future at 0x7fd7d612d3b0 state=finished raised ClientResponseError>]
2026-04-08 19:16:40.112 | INFO     | pipeline.phase1_acquisition:crawl_repositories:80 - Đang fetch repositories với query: language:C++ "operating system" kernel
2026-04-08 19:16:41.033 | ERROR    | pipeline.phase1_acquisition:fetch_repos_page:50 - Lỗi truy vấn GitHub: 401
2026-04-08 19:16:45.538 | ERROR    | pipeline.phase1_acquisition:fetch_repos_page:50 - Lỗi truy vấn GitHub: 401
2026-04-08 19:16:50.044 | ERROR    | pipeline.phase1_acquisition:fetch_repos_page:50 - Lỗi truy vấn GitHub: 401
2026-04-08 19:16:54.547 | ERROR    | pipeline.phase1_acquisition:fetch_repos_page:50 - Lỗi truy vấn GitHub: 401
2026-04-08 19:17:03.458 | ERROR    | pipeline.phase1_acquisition:fetch_repos_page:50 - Lỗi truy vấn GitHub: 401
2026-04-08 19:17:03.459 | ERROR    | pipeline.phase1_acquisition:crawl_repositories:110 - Lỗi khi crawl query 'language:C++ "operating system" kernel': RetryError[<Future at 0x7fd7d612b950 state=finished raised ClientResponseError>]
2026-04-08 19:17:03.459 | INFO     | pipeline.phase1_acquisition:crawl_repositories:80 - Đang fetch repositories với query: language:C++ computer-vision library
2026-04-08 19:17:03.970 | ERROR    | pipeline.phase1_acquisition:fetch_repos_page:50 - Lỗi truy vấn GitHub: 401
2026-04-08 19:17:08.476 | ERROR    | pipeline.phase1_acquisition:fetch_repos_page:50 - Lỗi truy vấn GitHub: 401
2026-04-08 19:17:12.981 | ERROR    | pipeline.phase1_acquisition:fetch_repos_page:50 - Lỗi truy vấn GitHub: 401
2026-04-08 19:17:17.489 | ERROR    | pipeline.phase1_acquisition:fetch_repos_page:50 - Lỗi truy vấn GitHub: 401
2026-04-08 19:17:25.984 | ERROR    | pipeline.phase1_acquisition:fetch_repos_page:50 - Lỗi truy vấn GitHub: 401
2026-04-08 19:17:25.985 | ERROR    | pipeline.phase1_acquisition:crawl_repositories:110 - Lỗi khi crawl query 'language:C++ computer-vision library': RetryError[<Future at 0x7fd7d612ba50 state=finished raised ClientResponseError>]
2026-04-08 19:17:25.986 | INFO     | pipeline.phase1_acquisition:crawl_repositories:80 - Đang fetch repositories với query: language:C++ networking tool
2026-04-08 19:17:26.912 | ERROR    | pipeline.phase1_acquisition:fetch_repos_page:50 - Lỗi truy vấn GitHub: 401
2026-04-08 19:17:31.412 | ERROR    | pipeline.phase1_acquisition:fetch_repos_page:50 - Lỗi truy vấn GitHub: 401
2026-04-08 19:17:35.920 | ERROR    | pipeline.phase1_acquisition:fetch_repos_page:50 - Lỗi truy vấn GitHub: 401
2026-04-08 19:17:40.426 | ERROR    | pipeline.phase1_acquisition:fetch_repos_page:50 - Lỗi truy vấn GitHub: 401
2026-04-08 19:17:48.925 | ERROR    | pipeline.phase1_acquisition:fetch_repos_page:50 - Lỗi truy vấn GitHub: 401
2026-04-08 19:17:48.925 | ERROR    | pipeline.phase1_acquisition:crawl_repositories:110 - Lỗi khi crawl query 'language:C++ networking tool': RetryError[<Future at 0x7fd7d613c1d0 state=finished raised ClientResponseError>]
2026-04-08 19:17:48.926 | INFO     | pipeline.phase1_acquisition:crawl_repositories:80 - Đang fetch repositories với query: language:C++ driver hardware
2026-04-08 19:17:49.437 | ERROR    | pipeline.phase1_acquisition:fetch_repos_page:50 - Lỗi truy vấn GitHub: 401
2026-04-08 19:17:53.942 | ERROR    | pipeline.phase1_acquisition:fetch_repos_page:50 - Lỗi truy vấn GitHub: 401
2026-04-08 19:17:58.447 | ERROR    | pipeline.phase1_acquisition:fetch_repos_page:50 - Lỗi truy vấn GitHub: 401
2026-04-08 19:18:02.953 | ERROR    | pipeline.phase1_acquisition:fetch_repos_page:50 - Lỗi truy vấn GitHub: 401
2026-04-08 19:18:11.453 | ERROR    | pipeline.phase1_acquisition:fetch_repos_page:50 - Lỗi truy vấn GitHub: 401
2026-04-08 19:18:11.454 | ERROR    | pipeline.phase1_acquisition:crawl_repositories:110 - Lỗi khi crawl query 'language:C++ driver hardware': RetryError[<Future at 0x7fd7d613c5d0 state=finished raised ClientResponseError>]
2026-04-08 19:18:11.454 | INFO     | pipeline.phase1_acquisition:crawl_repositories:113 - Hoàn thành crawl 0 repos.
2026-04-08 19:18:11.454 | INFO     | pipeline.phase1_acquisition:run_phase1_acquisition:150 - Bắt đầu clone các repo đã thu thập...
2026-04-08 19:18:11.455 | INFO     | pipeline.phase1_acquisition:run_phase1_acquisition:164 - Hoàn thành Giai đoạn 1 (Data Acquisition).
2026-04-08 19:18:11.455 | INFO     | __main__:main:38 - >>> START PHASE 2: ENGINEERING
2026-04-08 19:18:11.456 | INFO     | pipeline.phase2_engineering:run_phase2_engineering:148 - Phase 2: Bắt đầu xử lý 44 repository.
2026-04-08 19:18:11.535 | DEBUG    | pipeline.phase2_engineering:extract_features:88 - [C-Plus-Plus] Đang phân tích và ghi file: /home/lambda/lambda/code/pbl5-queries/temp_data/joern_C-Plus-Plus.json
2026-04-08 19:18:11.559 | ERROR    | pipeline.phase2_engineering:extract_features:110 - Lỗi extract joern cpgqls (có thể do OOM): Multiple exceptions: [Errno 111] Connect call failed ('::1', 9000, 0, 0), [Errno 111] Connect call failed ('127.0.0.1', 9000)
2026-04-08 19:18:11.571 | DEBUG    | pipeline.phase2_engineering:extract_features:88 - [cosmos] Đang phân tích và ghi file: /home/lambda/lambda/code/pbl5-queries/temp_data/joern_cosmos.json
2026-04-08 19:18:11.574 | ERROR    | pipeline.phase2_engineering:extract_features:110 - Lỗi extract joern cpgqls (có thể do OOM): Multiple exceptions: [Errno 111] Connect call failed ('::1', 9000, 0, 0), [Errno 111] Connect call failed ('127.0.0.1', 9000)
2026-04-08 19:18:11.585 | DEBUG    | pipeline.phase2_engineering:extract_features:88 - [MyTinySTL] Đang phân tích và ghi file: /home/lambda/lambda/code/pbl5-queries/temp_data/joern_MyTinySTL.json
2026-04-08 19:18:11.588 | ERROR    | pipeline.phase2_engineering:extract_features:110 - Lỗi extract joern cpgqls (có thể do OOM): Multiple exceptions: [Errno 111] Connect call failed ('::1', 9000, 0, 0), [Errno 111] Connect call failed ('127.0.0.1', 9000)
2026-04-08 19:18:11.599 | DEBUG    | pipeline.phase2_engineering:extract_features:88 - [trader] Đang phân tích và ghi file: /home/lambda/lambda/code/pbl5-queries/temp_data/joern_trader.json
2026-04-08 19:18:11.602 | ERROR    | pipeline.phase2_engineering:extract_features:110 - Lỗi extract joern cpgqls (có thể do OOM): Multiple exceptions: [Errno 111] Connect call failed ('::1', 9000, 0, 0), [Errno 111] Connect call failed ('127.0.0.1', 9000)
2026-04-08 19:18:11.614 | DEBUG    | pipeline.phase2_engineering:extract_features:88 - [tbox] Đang phân tích và ghi file: /home/lambda/lambda/code/pbl5-queries/temp_data/joern_tbox.json
2026-04-08 19:18:11.616 | ERROR    | pipeline.phase2_engineering:extract_features:110 - Lỗi extract joern cpgqls (có thể do OOM): Multiple exceptions: [Errno 111] Connect call failed ('::1', 9000, 0, 0), [Errno 111] Connect call failed ('127.0.0.1', 9000)
2026-04-08 19:18:11.628 | DEBUG    | pipeline.phase2_engineering:extract_features:88 - [klib] Đang phân tích và ghi file: /home/lambda/lambda/code/pbl5-queries/temp_data/joern_klib.json
2026-04-08 19:18:11.630 | ERROR    | pipeline.phase2_engineering:extract_features:110 - Lỗi extract joern cpgqls (có thể do OOM): Multiple exceptions: [Errno 111] Connect call failed ('::1', 9000, 0, 0), [Errno 111] Connect call failed ('127.0.0.1', 9000)
2026-04-08 19:18:11.642 | DEBUG    | pipeline.phase2_engineering:extract_features:88 - [BlackHole] Đang phân tích và ghi file: /home/lambda/lambda/code/pbl5-queries/temp_data/joern_BlackHole.json
2026-04-08 19:18:11.644 | ERROR    | pipeline.phase2_engineering:extract_features:110 - Lỗi extract joern cpgqls (có thể do OOM): Multiple exceptions: [Errno 111] Connect call failed ('::1', 9000, 0, 0), [Errno 111] Connect call failed ('127.0.0.1', 9000)
2026-04-08 19:18:11.656 | DEBUG    | pipeline.phase2_engineering:extract_features:88 - [winfsp] Đang phân tích và ghi file: /home/lambda/lambda/code/pbl5-queries/temp_data/joern_winfsp.json
2026-04-08 19:18:11.659 | ERROR    | pipeline.phase2_engineering:extract_features:110 - Lỗi extract joern cpgqls (có thể do OOM): Multiple exceptions: [Errno 111] Connect call failed ('::1', 9000, 0, 0), [Errno 111] Connect call failed ('127.0.0.1', 9000)
2026-04-08 19:18:11.671 | DEBUG    | pipeline.phase2_engineering:extract_features:88 - [dokany] Đang phân tích và ghi file: /home/lambda/lambda/code/pbl5-queries/temp_data/joern_dokany.json
2026-04-08 19:18:11.674 | ERROR    | pipeline.phase2_engineering:extract_features:110 - Lỗi extract joern cpgqls (có thể do OOM): Multiple exceptions: [Errno 111] Connect call failed ('::1', 9000, 0, 0), [Errno 111] Connect call failed ('127.0.0.1', 9000)
2026-04-08 19:18:11.686 | DEBUG    | pipeline.phase2_engineering:extract_features:88 - [openrazer] Đang phân tích và ghi file: /home/lambda/lambda/code/pbl5-queries/temp_data/joern_openrazer.json
2026-04-08 19:18:11.688 | ERROR    | pipeline.phase2_engineering:extract_features:110 - Lỗi extract joern cpgqls (có thể do OOM): Multiple exceptions: [Errno 111] Connect call failed ('::1', 9000, 0, 0), [Errno 111] Connect call failed ('127.0.0.1', 9000)
2026-04-08 19:18:11.700 | DEBUG    | pipeline.phase2_engineering:extract_features:88 - [ViGEmBus] Đang phân tích và ghi file: /home/lambda/lambda/code/pbl5-queries/temp_data/joern_ViGEmBus.json
2026-04-08 19:18:11.702 | ERROR    | pipeline.phase2_engineering:extract_features:110 - Lỗi extract joern cpgqls (có thể do OOM): Multiple exceptions: [Errno 111] Connect call failed ('::1', 9000, 0, 0), [Errno 111] Connect call failed ('127.0.0.1', 9000)
2026-04-08 19:18:11.715 | DEBUG    | pipeline.phase2_engineering:extract_features:88 - [psycopg2] Đang phân tích và ghi file: /home/lambda/lambda/code/pbl5-queries/temp_data/joern_psycopg2.json
2026-04-08 19:18:11.718 | ERROR    | pipeline.phase2_engineering:extract_features:110 - Lỗi extract joern cpgqls (có thể do OOM): Multiple exceptions: [Errno 111] Connect call failed ('::1', 9000, 0, 0), [Errno 111] Connect call failed ('127.0.0.1', 9000)
2026-04-08 19:18:11.755 | DEBUG    | pipeline.phase2_engineering:extract_features:88 - [TitanHide] Đang phân tích và ghi file: /home/lambda/lambda/code/pbl5-queries/temp_data/joern_TitanHide.json
2026-04-08 19:18:11.758 | ERROR    | pipeline.phase2_engineering:extract_features:110 - Lỗi extract joern cpgqls (có thể do OOM): Multiple exceptions: [Errno 111] Connect call failed ('::1', 9000, 0, 0), [Errno 111] Connect call failed ('127.0.0.1', 9000)
2026-04-08 19:18:11.779 | DEBUG    | pipeline.phase2_engineering:extract_features:88 - [keycloak] Đang phân tích và ghi file: /home/lambda/lambda/code/pbl5-queries/temp_data/joern_keycloak.json
2026-04-08 19:18:11.781 | ERROR    | pipeline.phase2_engineering:extract_features:110 - Lỗi extract joern cpgqls (có thể do OOM): Multiple exceptions: [Errno 111] Connect call failed ('::1', 9000, 0, 0), [Errno 111] Connect call failed ('127.0.0.1', 9000)
2026-04-08 19:18:11.801 | DEBUG    | pipeline.phase2_engineering:extract_features:88 - [nacos] Đang phân tích và ghi file: /home/lambda/lambda/code/pbl5-queries/temp_data/joern_nacos.json
2026-04-08 19:18:11.803 | ERROR    | pipeline.phase2_engineering:extract_features:110 - Lỗi extract joern cpgqls (có thể do OOM): Multiple exceptions: [Errno 111] Connect call failed ('::1', 9000, 0, 0), [Errno 111] Connect call failed ('127.0.0.1', 9000)
2026-04-08 19:18:11.816 | DEBUG    | pipeline.phase2_engineering:extract_features:88 - [apollo] Đang phân tích và ghi file: /home/lambda/lambda/code/pbl5-queries/temp_data/joern_apollo.json
2026-04-08 19:18:11.818 | ERROR    | pipeline.phase2_engineering:extract_features:110 - Lỗi extract joern cpgqls (có thể do OOM): Multiple exceptions: [Errno 111] Connect call failed ('::1', 9000, 0, 0), [Errno 111] Connect call failed ('127.0.0.1', 9000)
2026-04-08 19:18:11.829 | DEBUG    | pipeline.phase2_engineering:extract_features:88 - [thingsboard] Đang phân tích và ghi file: /home/lambda/lambda/code/pbl5-queries/temp_data/joern_thingsboard.json
2026-04-08 19:18:11.832 | ERROR    | pipeline.phase2_engineering:extract_features:110 - Lỗi extract joern cpgqls (có thể do OOM): Multiple exceptions: [Errno 111] Connect call failed ('::1', 9000, 0, 0), [Errno 111] Connect call failed ('127.0.0.1', 9000)
2026-04-08 19:18:11.844 | DEBUG    | pipeline.phase2_engineering:extract_features:88 - [ip2region] Đang phân tích và ghi file: /home/lambda/lambda/code/pbl5-queries/temp_data/joern_ip2region.json
2026-04-08 19:18:11.849 | ERROR    | pipeline.phase2_engineering:extract_features:110 - Lỗi extract joern cpgqls (có thể do OOM): Multiple exceptions: [Errno 111] Connect call failed ('::1', 9000, 0, 0), [Errno 111] Connect call failed ('127.0.0.1', 9000)
2026-04-08 19:18:11.860 | DEBUG    | pipeline.phase2_engineering:extract_features:88 - [pinpoint] Đang phân tích và ghi file: /home/lambda/lambda/code/pbl5-queries/temp_data/joern_pinpoint.json
2026-04-08 19:18:11.862 | ERROR    | pipeline.phase2_engineering:extract_features:110 - Lỗi extract joern cpgqls (có thể do OOM): Multiple exceptions: [Errno 111] Connect call failed ('::1', 9000, 0, 0), [Errno 111] Connect call failed ('127.0.0.1', 9000)
2026-04-08 19:18:11.874 | DEBUG    | pipeline.phase2_engineering:extract_features:88 - [kafka-ui] Đang phân tích và ghi file: /home/lambda/lambda/code/pbl5-queries/temp_data/joern_kafka-ui.json
2026-04-08 19:18:11.877 | ERROR    | pipeline.phase2_engineering:extract_features:110 - Lỗi extract joern cpgqls (có thể do OOM): Multiple exceptions: [Errno 111] Connect call failed ('::1', 9000, 0, 0), [Errno 111] Connect call failed ('127.0.0.1', 9000)
2026-04-08 19:18:11.889 | DEBUG    | pipeline.phase2_engineering:extract_features:88 - [Activiti] Đang phân tích và ghi file: /home/lambda/lambda/code/pbl5-queries/temp_data/joern_Activiti.json
2026-04-08 19:18:11.892 | ERROR    | pipeline.phase2_engineering:extract_features:110 - Lỗi extract joern cpgqls (có thể do OOM): Multiple exceptions: [Errno 111] Connect call failed ('::1', 9000, 0, 0), [Errno 111] Connect call failed ('127.0.0.1', 9000)
2026-04-08 19:18:11.904 | DEBUG    | pipeline.phase2_engineering:extract_features:88 - [flowable-engine] Đang phân tích và ghi file: /home/lambda/lambda/code/pbl5-queries/temp_data/joern_flowable-engine.json
2026-04-08 19:18:11.907 | ERROR    | pipeline.phase2_engineering:extract_features:110 - Lỗi extract joern cpgqls (có thể do OOM): Multiple exceptions: [Errno 111] Connect call failed ('::1', 9000, 0, 0), [Errno 111] Connect call failed ('127.0.0.1', 9000)
2026-04-08 19:18:11.919 | DEBUG    | pipeline.phase2_engineering:extract_features:88 - [graylog2-server] Đang phân tích và ghi file: /home/lambda/lambda/code/pbl5-queries/temp_data/joern_graylog2-server.json
2026-04-08 19:18:11.922 | ERROR    | pipeline.phase2_engineering:extract_features:110 - Lỗi extract joern cpgqls (có thể do OOM): Multiple exceptions: [Errno 111] Connect call failed ('::1', 9000, 0, 0), [Errno 111] Connect call failed ('127.0.0.1', 9000)
2026-04-08 19:18:11.934 | DEBUG    | pipeline.phase2_engineering:extract_features:88 - [pig] Đang phân tích và ghi file: /home/lambda/lambda/code/pbl5-queries/temp_data/joern_pig.json
2026-04-08 19:18:11.936 | ERROR    | pipeline.phase2_engineering:extract_features:110 - Lỗi extract joern cpgqls (có thể do OOM): Multiple exceptions: [Errno 111] Connect call failed ('::1', 9000, 0, 0), [Errno 111] Connect call failed ('127.0.0.1', 9000)
2026-04-08 19:18:11.949 | DEBUG    | pipeline.phase2_engineering:extract_features:88 - [Bastillion] Đang phân tích và ghi file: /home/lambda/lambda/code/pbl5-queries/temp_data/joern_Bastillion.json
2026-04-08 19:18:11.951 | ERROR    | pipeline.phase2_engineering:extract_features:110 - Lỗi extract joern cpgqls (có thể do OOM): Multiple exceptions: [Errno 111] Connect call failed ('::1', 9000, 0, 0), [Errno 111] Connect call failed ('127.0.0.1', 9000)
2026-04-08 19:18:11.963 | DEBUG    | pipeline.phase2_engineering:extract_features:88 - [restcommander] Đang phân tích và ghi file: /home/lambda/lambda/code/pbl5-queries/temp_data/joern_restcommander.json
2026-04-08 19:18:11.966 | ERROR    | pipeline.phase2_engineering:extract_features:110 - Lỗi extract joern cpgqls (có thể do OOM): Multiple exceptions: [Errno 111] Connect call failed ('::1', 9000, 0, 0), [Errno 111] Connect call failed ('127.0.0.1', 9000)
2026-04-08 19:18:11.978 | DEBUG    | pipeline.phase2_engineering:extract_features:88 - [DeepfakeHTTP] Đang phân tích và ghi file: /home/lambda/lambda/code/pbl5-queries/temp_data/joern_DeepfakeHTTP.json
2026-04-08 19:18:11.981 | ERROR    | pipeline.phase2_engineering:extract_features:110 - Lỗi extract joern cpgqls (có thể do OOM): Multiple exceptions: [Errno 111] Connect call failed ('::1', 9000, 0, 0), [Errno 111] Connect call failed ('127.0.0.1', 9000)
2026-04-08 19:18:11.993 | DEBUG    | pipeline.phase2_engineering:extract_features:88 - [android-http-server] Đang phân tích và ghi file: /home/lambda/lambda/code/pbl5-queries/temp_data/joern_android-http-server.json
2026-04-08 19:18:11.995 | ERROR    | pipeline.phase2_engineering:extract_features:110 - Lỗi extract joern cpgqls (có thể do OOM): Multiple exceptions: [Errno 111] Connect call failed ('::1', 9000, 0, 0), [Errno 111] Connect call failed ('127.0.0.1', 9000)
2026-04-08 19:18:12.008 | DEBUG    | pipeline.phase2_engineering:extract_features:88 - [fluent-http] Đang phân tích và ghi file: /home/lambda/lambda/code/pbl5-queries/temp_data/joern_fluent-http.json
2026-04-08 19:18:12.010 | ERROR    | pipeline.phase2_engineering:extract_features:110 - Lỗi extract joern cpgqls (có thể do OOM): Multiple exceptions: [Errno 111] Connect call failed ('::1', 9000, 0, 0), [Errno 111] Connect call failed ('127.0.0.1', 9000)
2026-04-08 19:18:12.023 | DEBUG    | pipeline.phase2_engineering:extract_features:88 - [trino] Đang phân tích và ghi file: /home/lambda/lambda/code/pbl5-queries/temp_data/joern_trino.json
2026-04-08 19:18:12.026 | ERROR    | pipeline.phase2_engineering:extract_features:110 - Lỗi extract joern cpgqls (có thể do OOM): Multiple exceptions: [Errno 111] Connect call failed ('::1', 9000, 0, 0), [Errno 111] Connect call failed ('127.0.0.1', 9000)
2026-04-08 19:18:12.038 | DEBUG    | pipeline.phase2_engineering:extract_features:88 - [starrocks] Đang phân tích và ghi file: /home/lambda/lambda/code/pbl5-queries/temp_data/joern_starrocks.json
2026-04-08 19:18:12.041 | ERROR    | pipeline.phase2_engineering:extract_features:110 - Lỗi extract joern cpgqls (có thể do OOM): Multiple exceptions: [Errno 111] Connect call failed ('::1', 9000, 0, 0), [Errno 111] Connect call failed ('127.0.0.1', 9000)
2026-04-08 19:18:12.053 | INFO     | pipeline.phase2_engineering:run_phase2_engineering:216 - Hoàn thành Giai đoạn 2 (Engineering).
2026-04-08 19:18:12.053 | INFO     | __main__:main:44 - >>> START PHASE 3: AI SYNTHESIS
2026-04-08 19:18:12.054 | INFO     | pipeline.phase3_synthesis:run_phase3_synthesis:203 - Phase 3: Bắt đầu gán nhãn cho 33 repository bằng chế độ: WEB
2026-04-08 19:18:12.054 | ERROR    | pipeline.phase3_synthesis:__init__:72 - Thư viện 'camoufox' chưa được cài đặt. Hãy chạy: pip install camoufox
2026-04-08 19:18:12.055 | INFO     | pipeline.phase3_synthesis:run_phase3_synthesis:254 - [r8152] Tiến hành gán nhãn Web (Camoufox) cho 386 methods...
2026-04-08 19:18:12.055 | INFO     | pipeline.phase3_synthesis:init_browser:77 - Initializing Camoufox Browser (Headless Mode)...
2026-04-08 19:18:12.055 | ERROR    | pipeline.phase3_synthesis:process_method_file:194 - Lỗi AI API file 107374182802.json (Repo r8152): 'NoneType' object is not callable
2026-04-08 19:18:12.056 | INFO     | pipeline.phase3_synthesis:init_browser:77 - Initializing Camoufox Browser (Headless Mode)...
2026-04-08 19:18:12.056 | ERROR    | pipeline.phase3_synthesis:process_method_file:194 - Lỗi AI API file 107374182789.json (Repo r8152): 'NoneType' object is not callable
2026-04-08 19:18:12.056 | INFO     | pipeline.phase3_synthesis:init_browser:77 - Initializing Camoufox Browser (Headless Mode)...
2026-04-08 19:18:12.056 | ERROR    | pipeline.phase3_synthesis:process_method_file:194 - Lỗi AI API file 107374182792.json (Repo r8152): 'NoneType' object is not callable
2026-04-08 19:18:12.056 | INFO     | pipeline.phase3_synthesis:init_browser:77 - Initializing Camoufox Browser (Headless Mode)...
2026-04-08 19:18:12.056 | ERROR    | pipeline.phase3_synthesis:process_method_file:194 - Lỗi AI API file 107374182793.json (Repo r8152): 'NoneType' object is not callable
2026-04-08 19:18:12.056 | INFO     | pipeline.phase3_synthesis:init_browser:77 - Initializing Camoufox Browser (Headless Mode)...
2026-04-08 19:18:12.056 | ERROR    | pipeline.phase3_synthesis:process_method_file:194 - Lỗi AI API file 107374182803.json (Repo r8152): 'NoneType' object is not callable
2026-04-08 19:18:12.056 | INFO     | pipeline.phase3_synthesis:init_browser:77 - Initializing Camoufox Browser (Headless Mode)...
2026-04-08 19:18:12.056 | ERROR    | pipeline.phase3_synthesis:process_method_file:194 - Lỗi AI API file 107374182796.json (Repo r8152): 'NoneType' object is not callable
2026-04-08 19:18:12.057 | INFO     | pipeline.phase3_synthesis:init_browser:77 - Initializing Camoufox Browser (Headless Mode)...
2026-04-08 19:18:12.057 | ERROR    | pipeline.phase3_synthesis:process_method_file:194 - Lỗi AI API file 107374182798.json (Repo r8152): 'NoneType' object is not callable
2026-04-08 19:18:12.057 | INFO     | pipeline.phase3_synthesis:init_browser:77 - Initializing Camoufox Browser (Headless Mode)...
2026-04-08 19:18:12.057 | ERROR    | pipeline.phase3_synthesis:process_method_file:194 - Lỗi AI API file 107374182797.json (Repo r8152): 'NoneType' object is not callable
2026-04-08 19:18:12.057 | INFO     | pipeline.phase3_synthesis:init_browser:77 - Initializing Camoufox Browser (Headless Mode)...
2026-04-08 19:18:12.057 | ERROR    | pipeline.phase3_synthesis:process_method_file:194 - Lỗi AI API file 107374182785.json (Repo r8152): 'NoneType' object is not callable
2026-04-08 19:18:12.057 | INFO     | pipeline.phase3_synthesis:init_browser:77 - Initializing Camoufox Browser (Headless Mode)...
2026-04-08 19:18:12.057 | ERROR    | pipeline.phase3_synthesis:process_method_file:194 - Lỗi AI API file 107374182782.json (Repo r8152): 'NoneType' object is not callable
2026-04-08 19:18:12.057 | INFO     | pipeline.phase3_synthesis:init_browser:77 - Initializing Camoufox Browser (Headless Mode)...
2026-04-08 19:18:12.057 | ERROR    | pipeline.phase3_synthesis:process_method_file:194 - Lỗi AI API file 107374182804.json (Repo r8152): 'NoneType' object is not callable
2026-04-08 19:18:12.057 | INFO     | pipeline.phase3_synthesis:init_browser:77 - Initializing Camoufox Browser (Headless Mode)...
2026-04-08 19:18:12.058 | ERROR    | pipeline.phase3_synthesis:process_method_file:194 - Lỗi AI API file 107374182788.json (Repo r8152): 'NoneType' object is not callable
2026-04-08 19:18:12.058 | INFO     | pipeline.phase3_synthesis:init_browser:77 - Initializing Camoufox Browser (Headless Mode)...
2026-04-08 19:18:12.058 | ERROR    | pipeline.phase3_synthesis:process_method_file:194 - Lỗi AI API file 107374182805.json (Repo r8152): 'NoneType' object is not callable
2026-04-08 19:18:12.058 | INFO     | pipeline.phase3_synthesis:init_browser:77 - Initializing Camoufox Browser (Headless Mode)...
2026-04-08 19:18:12.058 | ERROR    | pipeline.phase3_synthesis:process_method_file:194 - Lỗi AI API file 107374182791.json (Repo r8152): 'NoneType' object is not callable
2026-04-08 19:18:12.058 | INFO     | pipeline.phase3_synthesis:init_browser:77 - Initializing Camoufox Browser (Headless Mode)...
2026-04-08 19:18:12.058 | ERROR    | pipeline.phase3_synthesis:process_method_file:194 - Lỗi AI API file 107374182800.json (Repo r8152): 'NoneType' object is not callable
2026-04-08 19:18:12.058 | INFO     | pipeline.phase3_synthesis:init_browser:77 - Initializing Camoufox Browser (Headless Mode)...
2026-04-08 19:18:12.058 | ERROR    | pipeline.phase3_synthesis:process_method_file:194 - Lỗi AI API file 107374182784.json (Repo r8152): 'NoneType' object is not callable
2026-04-08 19:18:12.058 | INFO     | pipeline.phase3_synthesis:init_browser:77 - Initializing Camoufox Browser (Headless Mode)...
2026-04-08 19:18:12.058 | ERROR    | pipeline.phase3_synthesis:process_method_file:194 - Lỗi AI API file 107374182794.json (Repo r8152): 'NoneType' object is not callable
2026-04-08 19:18:12.058 | INFO     | pipeline.phase3_synthesis:init_browser:77 - Initializing Camoufox Browser (Headless Mode)...
2026-04-08 19:18:12.059 | ERROR    | pipeline.phase3_synthesis:process_method_file:194 - Lỗi AI API file 107374182786.json (Repo r8152): 'NoneType' object is not callable
2026-04-08 19:18:12.059 | INFO     | pipeline.phase3_synthesis:init_browser:77 - Initializing Camoufox Browser (Headless Mode)...
2026-04-08 19:18:12.059 | ERROR    | pipeline.phase3_synthesis:process_method_file:194 - Lỗi AI API file 107374182783.json (Repo r8152): 'NoneType' object is not callable
2026-04-08 19:18:12.059 | INFO     | pipeline.phase3_synthesis:init_browser:77 - Initializing Camoufox Browser (Headless Mode)...
2026-04-08 19:18:12.059 | ERROR    | pipeline.phase3_synthesis:process_method_file:194 - Lỗi AI API file 107374182801.json (Repo r8152): 'NoneType' object is not callable
2026-04-08 19:18:12.059 | INFO     | pipeline.phase3_synthesis:init_browser:77 - Initializing Camoufox Browser (Headless Mode)...
2026-04-08 19:18:12.059 | ERROR    | pipeline.phase3_synthesis:process_method_file:194 - Lỗi AI API file 107374182795.json (Repo r8152): 'NoneType' object is not callable
2026-04-08 19:18:12.059 | INFO     | pipeline.phase3_synthesis:init_browser:77 - Initializing Camoufox Browser (Headless Mode)...
2026-04-08 19:18:12.059 | ERROR    | pipeline.phase3_synthesis:process_method_file:194 - Lỗi AI API file 107374182799.json (Repo r8152): 'NoneType' object is not callable
2026-04-08 19:18:12.059 | INFO     | pipeline.phase3_synthesis:init_browser:77 - Initializing Camoufox Browser (Headless Mode)...
2026-04-08 19:18:12.059 | ERROR    | pipeline.phase3_synthesis:process_method_file:194 - Lỗi AI API file 107374182787.json (Repo r8152): 'NoneType' object is not callable
2026-04-08 19:18:12.059 | INFO     | pipeline.phase3_synthesis:init_browser:77 - Initializing Camoufox Browser (Headless Mode)...
2026-04-08 19:18:12.059 | ERROR    | pipeline.phase3_synthesis:process_method_file:194 - Lỗi AI API file 107374182781.json (Repo r8152): 'NoneType' object is not callable
2026-04-08 19:18:12.060 | INFO     | pipeline.phase3_synthesis:init_browser:77 - Initializing Camoufox Browser (Headless Mode)...
2026-04-08 19:18:12.060 | ERROR    | pipeline.phase3_synthesis:process_method_file:194 - Lỗi AI API file 107374182790.json (Repo r8152): 'NoneType' object is not callable
2026-04-08 19:18:12.060 | INFO     | pipeline.phase3_synthesis:init_browser:77 - Initializing Camoufox Browser (Headless Mode)...
2026-04-08 19:18:12.060 | ERROR    | pipeline.phase3_synthesis:process_method_file:194 - Lỗi AI API file 107374182649.json (Repo r8152): 'NoneType' object is not callable
2026-04-08 19:18:12.060 | INFO     | pipeline.phase3_synthesis:init_browser:77 - Initializing Camoufox Browser (Headless Mode)...
2026-04-08 19:18:12.060 | ERROR    | pipeline.phase3_synthesis:process_method_file:194 - Lỗi AI API file 107374182707.json (Repo r8152): 'NoneType' object is not callable
2026-04-08 19:18:12.060 | INFO     | pipeline.phase3_synthesis:init_browser:77 - Initializing Camoufox Browser (Headless Mode)...
2026-04-08 19:18:12.060 | ERROR    | pipeline.phase3_synthesis:process_method_file:194 - Lỗi AI API file 107374182655.json (Repo r8152): 'NoneType' object is not callable
2026-04-08 19:18:12.060 | INFO     | pipeline.phase3_synthesis:init_browser:77 - Initializing Camoufox Browser (Headless Mode)...
2026-04-08 19:18:12.060 | ERROR    | pipeline.phase3_synthesis:process_method_file:194 - Lỗi AI API file 107374182662.json (Repo r8152): 'NoneType' object is not callable
2026-04-08 19:18:12.060 | INFO     | pipeline.phase3_synthesis:init_browser:77 - Initializing Camoufox Browser (Headless Mode)...
2026-04-08 19:18:12.060 | ERROR    | pipeline.phase3_synthesis:process_method_file:194 - Lỗi AI API file 107374182599.json (Repo r8152): 'NoneType' object is not callable
2026-04-08 19:18:12.061 | INFO     | pipeline.phase3_synthesis:init_browser:77 - Initializing Camoufox Browser (Headless Mode)...
2026-04-08 19:18:12.061 | ERROR    | pipeline.phase3_synthesis:process_method_file:194 - Lỗi AI API file 107374182674.json (Repo r8152): 'NoneType' object is not callable
2026-04-08 19:18:12.061 | INFO     | pipeline.phase3_synthesis:init_browser:77 - Initializing Camoufox Browser (Headless Mode)...
2026-04-08 19:18:12.061 | ERROR    | pipeline.phase3_synthesis:process_method_file:194 - Lỗi AI API file 107374182526.json (Repo r8152): 'NoneType' object is not callable
2026-04-08 19:18:12.061 | INFO     | pipeline.phase3_synthesis:init_browser:77 - Initializing Camoufox Browser (Headless Mode)...
2026-04-08 19:18:12.061 | ERROR    | pipeline.phase3_synthesis:process_method_file:194 - Lỗi AI API file 107374182708.json (Repo r8152): 'NoneType' object is not callable
2026-04-08 19:18:12.061 | INFO     | pipeline.phase3_synthesis:init_browser:77 - Initializing Camoufox Browser (Headless Mode)...
2026-04-08 19:18:12.061 | ERROR    | pipeline.phase3_synthesis:process_method_file:194 - Lỗi AI API file 107374182713.json (Repo r8152): 'NoneType' object is not callable
2026-04-08 19:18:12.061 | INFO     | pipeline.phase3_synthesis:init_browser:77 - Initializing Camoufox Browser (Headless Mode)...
2026-04-08 19:18:12.061 | ERROR    | pipeline.phase3_synthesis:process_method_file:194 - Lỗi AI API file 107374182657.json (Repo r8152): 'NoneType' object is not callable
2026-04-08 19:18:12.061 | INFO     | pipeline.phase3_synthesis:init_browser:77 - Initializing Camoufox Browser (Headless Mode)...
2026-04-08 19:18:12.062 | ERROR    | pipeline.phase3_synthesis:process_method_file:194 - Lỗi AI API file 107374182606.json (Repo r8152): 'NoneType' object is not callable
2026-04-08 19:18:12.062 | INFO     | pipeline.phase3_synthesis:init_browser:77 - Initializing Camoufox Browser (Headless Mode)...
2026-04-08 19:18:12.062 | ERROR    | pipeline.phase3_synthesis:process_method_file:194 - Lỗi AI API file 107374182683.json (Repo r8152): 'NoneType' object is not callable
2026-04-08 19:18:12.062 | INFO     | pipeline.phase3_synthesis:init_browser:77 - Initializing Camoufox Browser (Headless Mode)...
2026-04-08 19:18:12.062 | ERROR    | pipeline.phase3_synthesis:process_method_file:194 - Lỗi AI API file 107374182716.json (Repo r8152): 'NoneType' object is not callable
2026-04-08 19:18:12.062 | INFO     | pipeline.phase3_synthesis:init_browser:77 - Initializing Camoufox Browser (Headless Mode)...
2026-04-08 19:18:12.062 | ERROR    | pipeline.phase3_synthesis:process_method_file:194 - Lỗi AI API file 107374182596.json (Repo r8152): 'NoneType' object is not callable
2026-04-08 19:18:12.062 | INFO     | pipeline.phase3_synthesis:init_browser:77 - Initializing Camoufox Browser (Headless Mode)...
2026-04-08 19:18:12.062 | ERROR    | pipeline.phase3_synthesis:process_method_file:194 - Lỗi AI API file 107374182567.json (Repo r8152): 'NoneType' object is not callable
2026-04-08 19:18:12.062 | INFO     | pipeline.phase3_synthesis:init_browser:77 - Initializing Camoufox Browser (Headless Mode)...
2026-04-08 19:18:12.062 | ERROR    | pipeline.phase3_synthesis:process_method_file:194 - Lỗi AI API file 107374182629.json (Repo r8152): 'NoneType' object is not callable
2026-04-08 19:18:12.062 | INFO     | pipeline.phase3_synthesis:init_browser:77 - Initializing Camoufox Browser (Headless Mode)...
2026-04-08 19:18:12.063 | ERROR    | pipeline.phase3_synthesis:process_method_file:194 - Lỗi AI API file 107374182664.json (Repo r8152): 'NoneType' object is not callable
2026-04-08 19:18:12.063 | INFO     | pipeline.phase3_synthesis:init_browser:77 - Initializing Camoufox Browser (Headless Mode)...
2026-04-08 19:18:12.063 | ERROR    | pipeline.phase3_synthesis:process_method_file:194 - Lỗi AI API file 107374182706.json (Repo r8152): 'NoneType' object is not callable
2026-04-08 19:18:12.063 | INFO     | pipeline.phase3_synthesis:init_browser:77 - Initializing Camoufox Browser (Headless Mode)...
2026-04-08 19:18:12.063 | ERROR    | pipeline.phase3_synthesis:process_method_file:194 - Lỗi AI API file 107374182520.json (Repo r8152): 'NoneType' object is not callable
2026-04-08 19:18:12.063 | INFO     | pipeline.phase3_synthesis:init_browser:77 - Initializing Camoufox Browser (Headless Mode)...
2026-04-08 19:18:12.063 | ERROR    | pipeline.phase3_synthesis:process_method_file:194 - Lỗi AI API file 107374182416.json (Repo r8152): 'NoneType' object is not callable
2026-04-08 19:18:12.063 | INFO     | pipeline.phase3_synthesis:init_browser:77 - Initializing Camoufox Browser (Headless Mode)...
2026-04-08 19:18:12.063 | ERROR    | pipeline.phase3_synthesis:process_method_file:194 - Lỗi AI API file 107374182709.json (Repo r8152): 'NoneType' object is not callable
2026-04-08 19:18:12.063 | INFO     | pipeline.phase3_synthesis:init_browser:77 - Initializing Camoufox Browser (Headless Mode)...
2026-04-08 19:18:12.063 | ERROR    | pipeline.phase3_synthesis:process_method_file:194 - Lỗi AI API file 107374182745.json (Repo r8152): 'NoneType' object is not callable
2026-04-08 19:18:12.063 | INFO     | pipeline.phase3_synthesis:init_browser:77 - Initializing Camoufox Browser (Headless Mode)...
2026-04-08 19:18:12.063 | ERROR    | pipeline.phase3_synthesis:process_method_file:194 - Lỗi AI API file 107374182728.json (Repo r8152): 'NoneType' object is not callable
2026-04-08 19:18:12.064 | INFO     | pipeline.phase3_synthesis:init_browser:77 - Initializing Camoufox Browser (Headless Mode)...
2026-04-08 19:18:12.064 | ERROR    | pipeline.phase3_synthesis:process_method_file:194 - Lỗi AI API file 107374182410.json (Repo r8152): 'NoneType' object is not callable
2026-04-08 19:18:12.064 | INFO     | pipeline.phase3_synthesis:init_browser:77 - Initializing Camoufox Browser (Headless Mode)...
2026-04-08 19:18:12.064 | ERROR    | pipeline.phase3_synthesis:process_method_file:194 - Lỗi AI API file 107374182563.json (Repo r8152): 'NoneType' object is not callable
2026-04-08 19:18:12.064 | INFO     | pipeline.phase3_synthesis:init_browser:77 - Initializing Camoufox Browser (Headless Mode)...
2026-04-08 19:18:12.064 | ERROR    | pipeline.phase3_synthesis:process_method_file:194 - Lỗi AI API file 107374182578.json (Repo r8152): 'NoneType' object is not callable
2026-04-08 19:18:12.064 | INFO     | pipeline.phase3_synthesis:init_browser:77 - Initializing Camoufox Browser (Headless Mode)...
2026-04-08 19:18:12.064 | ERROR    | pipeline.phase3_synthesis:process_method_file:194 - Lỗi AI API file 107374182564.json (Repo r8152): 'NoneType' object is not callable
2026-04-08 19:18:12.064 | INFO     | pipeline.phase3_synthesis:init_browser:77 - Initializing Camoufox Browser (Headless Mode)...
2026-04-08 19:18:12.064 | ERROR    | pipeline.phase3_synthesis:process_method_file:194 - Lỗi AI API file 107374182541.json (Repo r8152): 'NoneType' object is not callable
2026-04-08 19:18:12.064 | INFO     | pipeline.phase3_synthesis:init_browser:77 - Initializing Camoufox Browser (Headless Mode)...
2026-04-08 19:18:12.064 | ERROR    | pipeline.phase3_synthesis:process_method_file:194 - Lỗi AI API file 107374182490.json (Repo r8152): 'NoneType' object is not callable
2026-04-08 19:18:12.065 | INFO     | pipeline.phase3_synthesis:init_browser:77 - Initializing Camoufox Browser (Headless Mode)...
2026-04-08 19:18:12.065 | ERROR    | pipeline.phase3_synthesis:process_method_file:194 - Lỗi AI API file 107374182710.json (Repo r8152): 'NoneType' object is not callable
2026-04-08 19:18:12.065 | INFO     | pipeline.phase3_synthesis:init_browser:77 - Initializing Camoufox Browser (Headless Mode)...
2026-04-08 19:18:12.065 | ERROR    | pipeline.phase3_synthesis:process_method_file:194 - Lỗi AI API file 107374182499.json (Repo r8152): 'NoneType' object is not callable
2026-04-08 19:18:12.065 | INFO     | pipeline.phase3_synthesis:init_browser:77 - Initializing Camoufox Browser (Headless Mode)...
2026-04-08 19:18:12.065 | ERROR    | pipeline.phase3_synthesis:process_method_file:194 - Lỗi AI API file 107374182551.json (Repo r8152): 'NoneType' object is not callable
2026-04-08 19:18:12.065 | INFO     | pipeline.phase3_synthesis:init_browser:77 - Initializing Camoufox Browser (Headless Mode)...
2026-04-08 19:18:12.065 | ERROR    | pipeline.phase3_synthesis:process_method_file:194 - Lỗi AI API file 107374182598.json (Repo r8152): 'NoneType' object is not callable
2026-04-08 19:18:12.065 | INFO     | pipeline.phase3_synthesis:init_browser:77 - Initializing Camoufox Browser (Headless Mode)...
2026-04-08 19:18:12.065 | ERROR    | pipeline.phase3_synthesis:process_method_file:194 - Lỗi AI API file 107374182497.json (Repo r8152): 'NoneType' object is not callable
2026-04-08 19:18:12.065 | INFO     | pipeline.phase3_synthesis:init_browser:77 - Initializing Camoufox Browser (Headless Mode)...
2026-04-08 19:18:12.065 | ERROR    | pipeline.phase3_synthesis:process_method_file:194 - Lỗi AI API file 107374182717.json (Repo r8152): 'NoneType' object is not callable
2026-04-08 19:18:12.065 | INFO     | pipeline.phase3_synthesis:init_browser:77 - Initializing Camoufox Browser (Headless Mode)...
2026-04-08 19:18:12.066 | ERROR    | pipeline.phase3_synthesis:process_method_file:194 - Lỗi AI API file 107374182696.json (Repo r8152): 'NoneType' object is not callable
2026-04-08 19:18:12.066 | INFO     | pipeline.phase3_synthesis:init_browser:77 - Initializing Camoufox Browser (Headless Mode)...
2026-04-08 19:18:12.066 | ERROR    | pipeline.phase3_synthesis:process_method_file:194 - Lỗi AI API file 107374182429.json (Repo r8152): 'NoneType' object is not callable
2026-04-08 19:18:12.066 | INFO     | pipeline.phase3_synthesis:init_browser:77 - Initializing Camoufox Browser (Headless Mode)...
2026-04-08 19:18:12.066 | ERROR    | pipeline.phase3_synthesis:process_method_file:194 - Lỗi AI API file 107374182605.json (Repo r8152): 'NoneType' object is not callable
2026-04-08 19:18:12.066 | INFO     | pipeline.phase3_synthesis:init_browser:77 - Initializing Camoufox Browser (Headless Mode)...
2026-04-08 19:18:12.066 | ERROR    | pipeline.phase3_synthesis:process_method_file:194 - Lỗi AI API file 107374182427.json (Repo r8152): 'NoneType' object is not callable
2026-04-08 19:18:12.066 | INFO     | pipeline.phase3_synthesis:init_browser:77 - Initializing Camoufox Browser (Headless Mode)...
2026-04-08 19:18:12.066 | ERROR    | pipeline.phase3_synthesis:process_method_file:194 - Lỗi AI API file 107374182658.json (Repo r8152): 'NoneType' object is not callable
2026-04-08 19:18:12.066 | INFO     | pipeline.phase3_synthesis:init_browser:77 - Initializing Camoufox Browser (Headless Mode)...
2026-04-08 19:18:12.066 | ERROR    | pipeline.phase3_synthesis:process_method_file:194 - Lỗi AI API file 107374182725.json (Repo r8152): 'NoneType' object is not callable
2026-04-08 19:18:12.066 | INFO     | pipeline.phase3_synthesis:init_browser:77 - Initializing Camoufox Browser (Headless Mode)...
2026-04-08 19:18:12.066 | ERROR    | pipeline.phase3_synthesis:process_method_file:194 - Lỗi AI API file 107374182667.json (Repo r8152): 'NoneType' object is not callable
2026-04-08 19:18:12.067 | INFO     | pipeline.phase3_synthesis:init_browser:77 - Initializing Camoufox Browser (Headless Mode)...
2026-04-08 19:18:12.067 | ERROR    | pipeline.phase3_synthesis:process_method_file:194 - Lỗi AI API file 107374182536.json (Repo r8152): 'NoneType' object is not callable
2026-04-08 19:18:12.067 | INFO     | pipeline.phase3_synthesis:init_browser:77 - Initializing Camoufox Browser (Headless Mode)...
2026-04-08 19:18:12.067 | ERROR    | pipeline.phase3_synthesis:process_method_file:194 - Lỗi AI API file 107374182772.json (Repo r8152): 'NoneType' object is not callable
2026-04-08 19:18:12.067 | INFO     | pipeline.phase3_synthesis:init_browser:77 - Initializing Camoufox Browser (Headless Mode)...
2026-04-08 19:18:12.067 | ERROR    | pipeline.phase3_synthesis:process_method_file:194 - Lỗi AI API file 107374182622.json (Repo r8152): 'NoneType' object is not callable
2026-04-08 19:18:12.067 | INFO     | pipeline.phase3_synthesis:init_browser:77 - Initializing Camoufox Browser (Headless Mode)...
2026-04-08 19:18:12.067 | ERROR    | pipeline.phase3_synthesis:process_method_file:194 - Lỗi AI API file 107374182549.json (Repo r8152): 'NoneType' object is not callable
2026-04-08 19:18:12.067 | INFO     | pipeline.phase3_synthesis:init_browser:77 - Initializing Camoufox Browser (Headless Mode)...
2026-04-08 19:18:12.067 | ERROR    | pipeline.phase3_synthesis:process_method_file:194 - Lỗi AI API file 107374182543.json (Repo r8152): 'NoneType' object is not callable
2026-04-08 19:18:12.067 | INFO     | pipeline.phase3_synthesis:init_browser:77 - Initializing Camoufox Browser (Headless Mode)...
2026-04-08 19:18:12.067 | ERROR    | pipeline.phase3_synthesis:process_method_file:194 - Lỗi AI API file 107374182571.json (Repo r8152): 'NoneType' object is not callable
2026-04-08 19:18:12.067 | INFO     | pipeline.phase3_synthesis:init_browser:77 - Initializing Camoufox Browser (Headless Mode)...
2026-04-08 19:18:12.068 | ERROR    | pipeline.phase3_synthesis:process_method_file:194 - Lỗi AI API file 107374182513.json (Repo r8152): 'NoneType' object is not callable
2026-04-08 19:18:12.068 | INFO     | pipeline.phase3_synthesis:init_browser:77 - Initializing Camoufox Browser (Headless Mode)...
2026-04-08 19:18:12.068 | ERROR    | pipeline.phase3_synthesis:process_method_file:194 - Lỗi AI API file 107374182673.json (Repo r8152): 'NoneType' object is not callable
2026-04-08 19:18:12.068 | INFO     | pipeline.phase3_synthesis:init_browser:77 - Initializing Camoufox Browser (Headless Mode)...
2026-04-08 19:18:12.068 | ERROR    | pipeline.phase3_synthesis:process_method_file:194 - Lỗi AI API file 107374182524.json (Repo r8152): 'NoneType' object is not callable
2026-04-08 19:18:12.068 | INFO     | pipeline.phase3_synthesis:init_browser:77 - Initializing Camoufox Browser (Headless Mode)...
2026-04-08 19:18:12.068 | ERROR    | pipeline.phase3_synthesis:process_method_file:194 - Lỗi AI API file 107374182757.json (Repo r8152): 'NoneType' object is not callable
2026-04-08 19:18:12.068 | INFO     | pipeline.phase3_synthesis:init_browser:77 - Initializing Camoufox Browser (Headless Mode)...
2026-04-08 19:18:12.068 | ERROR    | pipeline.phase3_synthesis:process_method_file:194 - Lỗi AI API file 107374182531.json (Repo r8152): 'NoneType' object is not callable
2026-04-08 19:18:12.068 | INFO     | pipeline.phase3_synthesis:init_browser:77 - Initializing Camoufox Browser (Headless Mode)...
2026-04-08 19:18:12.068 | ERROR    | pipeline.phase3_synthesis:process_method_file:194 - Lỗi AI API file 107374182484.json (Repo r8152): 'NoneType' object is not callable
2026-04-08 19:18:12.068 | INFO     | pipeline.phase3_synthesis:init_browser:77 - Initializing Camoufox Browser (Headless Mode)...
2026-04-08 19:18:12.068 | ERROR    | pipeline.phase3_synthesis:process_method_file:194 - Lỗi AI API file 107374182699.json (Repo r8152): 'NoneType' object is not callable
2026-04-08 19:18:12.069 | INFO     | pipeline.phase3_synthesis:init_browser:77 - Initializing Camoufox Browser (Headless Mode)...
2026-04-08 19:18:12.069 | ERROR    | pipeline.phase3_synthesis:process_method_file:194 - Lỗi AI API file 107374182583.json (Repo r8152): 'NoneType' object is not callable
2026-04-08 19:18:12.069 | INFO     | pipeline.phase3_synthesis:init_browser:77 - Initializing Camoufox Browser (Headless Mode)...
2026-04-08 19:18:12.069 | ERROR    | pipeline.phase3_synthesis:process_method_file:194 - Lỗi AI API file 107374182576.json (Repo r8152): 'NoneType' object is not callable
2026-04-08 19:18:12.069 | INFO     | pipeline.phase3_synthesis:init_browser:77 - Initializing Camoufox Browser (Headless Mode)...
2026-04-08 19:18:12.069 | ERROR    | pipeline.phase3_synthesis:process_method_file:194 - Lỗi AI API file 107374182485.json (Repo r8152): 'NoneType' object is not callable
2026-04-08 19:18:12.069 | INFO     | pipeline.phase3_synthesis:init_browser:77 - Initializing Camoufox Browser (Headless Mode)...
2026-04-08 19:18:12.069 | ERROR    | pipeline.phase3_synthesis:process_method_file:194 - Lỗi AI API file 107374182620.json (Repo r8152): 'NoneType' object is not callable
2026-04-08 19:18:12.069 | INFO     | pipeline.phase3_synthesis:init_browser:77 - Initializing Camoufox Browser (Headless Mode)...
2026-04-08 19:18:12.069 | ERROR    | pipeline.phase3_synthesis:process_method_file:194 - Lỗi AI API file 107374182730.json (Repo r8152): 'NoneType' object is not callable
2026-04-08 19:18:12.069 | INFO     | pipeline.phase3_synthesis:init_browser:77 - Initializing Camoufox Browser (Headless Mode)...
2026-04-08 19:18:12.069 | ERROR    | pipeline.phase3_synthesis:process_method_file:194 - Lỗi AI API file 107374182754.json (Repo r8152): 'NoneType' object is not callable
2026-04-08 19:18:12.070 | INFO     | pipeline.phase3_synthesis:init_browser:77 - Initializing Camoufox Browser (Headless Mode)...
2026-04-08 19:18:12.070 | ERROR    | pipeline.phase3_synthesis:process_method_file:194 - Lỗi AI API file 107374182417.json (Repo r8152): 'NoneType' object is not callable
2026-04-08 19:18:12.070 | INFO     | pipeline.phase3_synthesis:init_browser:77 - Initializing Camoufox Browser (Headless Mode)...
2026-04-08 19:18:12.070 | ERROR    | pipeline.phase3_synthesis:process_method_file:194 - Lỗi AI API file 107374182645.json (Repo r8152): 'NoneType' object is not callable
2026-04-08 19:18:12.070 | INFO     | pipeline.phase3_synthesis:init_browser:77 - Initializing Camoufox Browser (Headless Mode)...
2026-04-08 19:18:12.070 | ERROR    | pipeline.phase3_synthesis:process_method_file:194 - Lỗi AI API file 107374182726.json (Repo r8152): 'NoneType' object is not callable
2026-04-08 19:18:12.070 | INFO     | pipeline.phase3_synthesis:init_browser:77 - Initializing Camoufox Browser (Headless Mode)...
2026-04-08 19:18:12.070 | ERROR    | pipeline.phase3_synthesis:process_method_file:194 - Lỗi AI API file 107374182558.json (Repo r8152): 'NoneType' object is not callable
2026-04-08 19:18:12.070 | INFO     | pipeline.phase3_synthesis:init_browser:77 - Initializing Camoufox Browser (Headless Mode)...
2026-04-08 19:18:12.070 | ERROR    | pipeline.phase3_synthesis:process_method_file:194 - Lỗi AI API file 107374182411.json (Repo r8152): 'NoneType' object is not callable
2026-04-08 19:18:12.070 | INFO     | pipeline.phase3_synthesis:init_browser:77 - Initializing Camoufox Browser (Headless Mode)...
2026-04-08 19:18:12.070 | ERROR    | pipeline.phase3_synthesis:process_method_file:194 - Lỗi AI API file 107374182732.json (Repo r8152): 'NoneType' object is not callable
2026-04-08 19:18:12.071 | INFO     | pipeline.phase3_synthesis:init_browser:77 - Initializing Camoufox Browser (Headless Mode)...
2026-04-08 19:18:12.071 | ERROR    | pipeline.phase3_synthesis:process_method_file:194 - Lỗi AI API file 107374182610.json (Repo r8152): 'NoneType' object is not callable
2026-04-08 19:18:12.071 | INFO     | pipeline.phase3_synthesis:init_browser:77 - Initializing Camoufox Browser (Headless Mode)...
2026-04-08 19:18:12.071 | ERROR    | pipeline.phase3_synthesis:process_method_file:194 - Lỗi AI API file 107374182756.json (Repo r8152): 'NoneType' object is not callable
2026-04-08 19:18:12.071 | INFO     | pipeline.phase3_synthesis:init_browser:77 - Initializing Camoufox Browser (Headless Mode)...
2026-04-08 19:18:12.071 | ERROR    | pipeline.phase3_synthesis:process_method_file:194 - Lỗi AI API file 107374182412.json (Repo r8152): 'NoneType' object is not callable
2026-04-08 19:18:12.071 | INFO     | pipeline.phase3_synthesis:init_browser:77 - Initializing Camoufox Browser (Headless Mode)...
2026-04-08 19:18:12.071 | ERROR    | pipeline.phase3_synthesis:process_method_file:194 - Lỗi AI API file 107374182420.json (Repo r8152): 'NoneType' object is not callable
2026-04-08 19:18:12.071 | INFO     | pipeline.phase3_synthesis:init_browser:77 - Initializing Camoufox Browser (Headless Mode)...
2026-04-08 19:18:12.071 | ERROR    | pipeline.phase3_synthesis:process_method_file:194 - Lỗi AI API file 107374182733.json (Repo r8152): 'NoneType' object is not callable
2026-04-08 19:18:12.071 | INFO     | pipeline.phase3_synthesis:init_browser:77 - Initializing Camoufox Browser (Headless Mode)...
2026-04-08 19:18:12.071 | ERROR    | pipeline.phase3_synthesis:process_method_file:194 - Lỗi AI API file 107374182566.json (Repo r8152): 'NoneType' object is not callable
2026-04-08 19:18:12.072 | INFO     | pipeline.phase3_synthesis:init_browser:77 - Initializing Camoufox Browser (Headless Mode)...
2026-04-08 19:18:12.072 | ERROR    | pipeline.phase3_synthesis:process_method_file:194 - Lỗi AI API file 107374182413.json (Repo r8152): 'NoneType' object is not callable
2026-04-08 19:18:12.072 | INFO     | pipeline.phase3_synthesis:init_browser:77 - Initializing Camoufox Browser (Headless Mode)...
2026-04-08 19:18:12.072 | ERROR    | pipeline.phase3_synthesis:process_method_file:194 - Lỗi AI API file 107374182718.json (Repo r8152): 'NoneType' object is not callable
2026-04-08 19:18:12.072 | INFO     | pipeline.phase3_synthesis:init_browser:77 - Initializing Camoufox Browser (Headless Mode)...
2026-04-08 19:18:12.072 | ERROR    | pipeline.phase3_synthesis:process_method_file:194 - Lỗi AI API file 107374182481.json (Repo r8152): 'NoneType' object is not callable
2026-04-08 19:18:12.072 | INFO     | pipeline.phase3_synthesis:init_browser:77 - Initializing Camoufox Browser (Headless Mode)...
2026-04-08 19:18:12.072 | ERROR    | pipeline.phase3_synthesis:process_method_file:194 - Lỗi AI API file 107374182409.json (Repo r8152): 'NoneType' object is not callable
2026-04-08 19:18:12.072 | INFO     | pipeline.phase3_synthesis:init_browser:77 - Initializing Camoufox Browser (Headless Mode)...
2026-04-08 19:18:12.072 | ERROR    | pipeline.phase3_synthesis:process_method_file:194 - Lỗi AI API file 107374182550.json (Repo r8152): 'NoneType' object is not callable
2026-04-08 19:18:12.072 | INFO     | pipeline.phase3_synthesis:init_browser:77 - Initializing Camoufox Browser (Headless Mode)...
2026-04-08 19:18:12.073 | ERROR    | pipeline.phase3_synthesis:process_method_file:194 - Lỗi AI API file 107374182594.json (Repo r8152): 'NoneType' object is not callable
2026-04-08 19:18:12.073 | INFO     | pipeline.phase3_synthesis:init_browser:77 - Initializing Camoufox Browser (Headless Mode)...
2026-04-08 19:18:12.073 | ERROR    | pipeline.phase3_synthesis:process_method_file:194 - Lỗi AI API file 107374182600.json (Repo r8152): 'NoneType' object is not callable
2026-04-08 19:18:12.073 | INFO     | pipeline.phase3_synthesis:init_browser:77 - Initializing Camoufox Browser (Headless Mode)...
2026-04-08 19:18:12.073 | ERROR    | pipeline.phase3_synthesis:process_method_file:194 - Lỗi AI API file 107374182663.json (Repo r8152): 'NoneType' object is not callable
2026-04-08 19:18:12.073 | INFO     | pipeline.phase3_synthesis:init_browser:77 - Initializing Camoufox Browser (Headless Mode)...
2026-04-08 19:18:12.073 | ERROR    | pipeline.phase3_synthesis:process_method_file:194 - Lỗi AI API file 107374182634.json (Repo r8152): 'NoneType' object is not callable
2026-04-08 19:18:12.073 | INFO     | pipeline.phase3_synthesis:init_browser:77 - Initializing Camoufox Browser (Headless Mode)...
2026-04-08 19:18:12.073 | ERROR    | pipeline.phase3_synthesis:process_method_file:194 - Lỗi AI API file 107374182665.json (Repo r8152): 'NoneType' object is not callable
2026-04-08 19:18:12.073 | INFO     | pipeline.phase3_synthesis:init_browser:77 - Initializing Camoufox Browser (Headless Mode)...
2026-04-08 19:18:12.073 | ERROR    | pipeline.phase3_synthesis:process_method_file:194 - Lỗi AI API file 107374182638.json (Repo r8152): 'NoneType' object is not callable
2026-04-08 19:18:12.074 | INFO     | pipeline.phase3_synthesis:init_browser:77 - Initializing Camoufox Browser (Headless Mode)...
2026-04-08 19:18:12.074 | ERROR    | pipeline.phase3_synthesis:process_method_file:194 - Lỗi AI API file 107374182688.json (Repo r8152): 'NoneType' object is not callable
2026-04-08 19:18:12.074 | INFO     | pipeline.phase3_synthesis:init_browser:77 - Initializing Camoufox Browser (Headless Mode)...
2026-04-08 19:18:12.074 | ERROR    | pipeline.phase3_synthesis:process_method_file:194 - Lỗi AI API file 107374182704.json (Repo r8152): 'NoneType' object is not callable
2026-04-08 19:18:12.074 | INFO     | pipeline.phase3_synthesis:init_browser:77 - Initializing Camoufox Browser (Headless Mode)...
2026-04-08 19:18:12.074 | ERROR    | pipeline.phase3_synthesis:process_method_file:194 - Lỗi AI API file 107374182623.json (Repo r8152): 'NoneType' object is not callable
2026-04-08 19:18:12.074 | INFO     | pipeline.phase3_synthesis:init_browser:77 - Initializing Camoufox Browser (Headless Mode)...
2026-04-08 19:18:12.074 | ERROR    | pipeline.phase3_synthesis:process_method_file:194 - Lỗi AI API file 107374182538.json (Repo r8152): 'NoneType' object is not callable
2026-04-08 19:18:12.074 | INFO     | pipeline.phase3_synthesis:init_browser:77 - Initializing Camoufox Browser (Headless Mode)...
2026-04-08 19:18:12.074 | ERROR    | pipeline.phase3_synthesis:process_method_file:194 - Lỗi AI API file 107374182577.json (Repo r8152): 'NoneType' object is not callable
2026-04-08 19:18:12.074 | INFO     | pipeline.phase3_synthesis:init_browser:77 - Initializing Camoufox Browser (Headless Mode)...
2026-04-08 19:18:12.074 | ERROR    | pipeline.phase3_synthesis:process_method_file:194 - Lỗi AI API file 107374182582.json (Repo r8152): 'NoneType' object is not callable
2026-04-08 19:18:12.075 | INFO     | pipeline.phase3_synthesis:init_browser:77 - Initializing Camoufox Browser (Headless Mode)...
2026-04-08 19:18:12.075 | ERROR    | pipeline.phase3_synthesis:process_method_file:194 - Lỗi AI API file 107374182724.json (Repo r8152): 'NoneType' object is not callable
2026-04-08 19:18:12.075 | INFO     | pipeline.phase3_synthesis:init_browser:77 - Initializing Camoufox Browser (Headless Mode)...
2026-04-08 19:18:12.075 | ERROR    | pipeline.phase3_synthesis:process_method_file:194 - Lỗi AI API file 107374182584.json (Repo r8152): 'NoneType' object is not callable
2026-04-08 19:18:12.075 | INFO     | pipeline.phase3_synthesis:init_browser:77 - Initializing Camoufox Browser (Headless Mode)...
2026-04-08 19:18:12.075 | ERROR    | pipeline.phase3_synthesis:process_method_file:194 - Lỗi AI API file 107374182529.json (Repo r8152): 'NoneType' object is not callable
2026-04-08 19:18:12.075 | INFO     | pipeline.phase3_synthesis:init_browser:77 - Initializing Camoufox Browser (Headless Mode)...
2026-04-08 19:18:12.075 | ERROR    | pipeline.phase3_synthesis:process_method_file:194 - Lỗi AI API file 107374182675.json (Repo r8152): 'NoneType' object is not callable
2026-04-08 19:18:12.075 | INFO     | pipeline.phase3_synthesis:init_browser:77 - Initializing Camoufox Browser (Headless Mode)...
2026-04-08 19:18:12.075 | ERROR    | pipeline.phase3_synthesis:process_method_file:194 - Lỗi AI API file 107374182670.json (Repo r8152): 'NoneType' object is not callable
2026-04-08 19:18:12.075 | INFO     | pipeline.phase3_synthesis:init_browser:77 - Initializing Camoufox Browser (Headless Mode)...
2026-04-08 19:18:12.076 | ERROR    | pipeline.phase3_synthesis:process_method_file:194 - Lỗi AI API file 107374182570.json (Repo r8152): 'NoneType' object is not callable
2026-04-08 19:18:12.076 | INFO     | pipeline.phase3_synthesis:init_browser:77 - Initializing Camoufox Browser (Headless Mode)...
2026-04-08 19:18:12.076 | ERROR    | pipeline.phase3_synthesis:process_method_file:194 - Lỗi AI API file 107374182771.json (Repo r8152): 'NoneType' object is not callable
2026-04-08 19:18:12.076 | INFO     | pipeline.phase3_synthesis:init_browser:77 - Initializing Camoufox Browser (Headless Mode)...
2026-04-08 19:18:12.076 | ERROR    | pipeline.phase3_synthesis:process_method_file:194 - Lỗi AI API file 107374182698.json (Repo r8152): 'NoneType' object is not callable
2026-04-08 19:18:12.076 | INFO     | pipeline.phase3_synthesis:init_browser:77 - Initializing Camoufox Browser (Headless Mode)...
2026-04-08 19:18:12.076 | ERROR    | pipeline.phase3_synthesis:process_method_file:194 - Lỗi AI API file 107374182624.json (Repo r8152): 'NoneType' object is not callable
2026-04-08 19:18:12.076 | INFO     | pipeline.phase3_synthesis:init_browser:77 - Initializing Camoufox Browser (Headless Mode)...
2026-04-08 19:18:12.076 | ERROR    | pipeline.phase3_synthesis:process_method_file:194 - Lỗi AI API file 107374182521.json (Repo r8152): 'NoneType' object is not callable
2026-04-08 19:18:12.076 | INFO     | pipeline.phase3_synthesis:init_browser:77 - Initializing Camoufox Browser (Headless Mode)...
2026-04-08 19:18:12.076 | ERROR    | pipeline.phase3_synthesis:process_method_file:194 - Lỗi AI API file 107374182574.json (Repo r8152): 'NoneType' object is not callable
2026-04-08 19:18:12.077 | INFO     | pipeline.phase3_synthesis:init_browser:77 - Initializing Camoufox Browser (Headless Mode)...
2026-04-08 19:18:12.077 | ERROR    | pipeline.phase3_synthesis:process_method_file:194 - Lỗi AI API file 107374182557.json (Repo r8152): 'NoneType' object is not callable
2026-04-08 19:18:12.077 | INFO     | pipeline.phase3_synthesis:init_browser:77 - Initializing Camoufox Browser (Headless Mode)...
2026-04-08 19:18:12.077 | ERROR    | pipeline.phase3_synthesis:process_method_file:194 - Lỗi AI API file 107374182654.json (Repo r8152): 'NoneType' object is not callable
2026-04-08 19:18:12.077 | INFO     | pipeline.phase3_synthesis:init_browser:77 - Initializing Camoufox Browser (Headless Mode)...
2026-04-08 19:18:12.077 | ERROR    | pipeline.phase3_synthesis:process_method_file:194 - Lỗi AI API file 107374182544.json (Repo r8152): 'NoneType' object is not callable
2026-04-08 19:18:12.077 | INFO     | pipeline.phase3_synthesis:init_browser:77 - Initializing Camoufox Browser (Headless Mode)...
2026-04-08 19:18:12.077 | ERROR    | pipeline.phase3_synthesis:process_method_file:194 - Lỗi AI API file 107374182668.json (Repo r8152): 'NoneType' object is not callable
2026-04-08 19:18:12.077 | INFO     | pipeline.phase3_synthesis:init_browser:77 - Initializing Camoufox Browser (Headless Mode)...
2026-04-08 19:18:12.077 | ERROR    | pipeline.phase3_synthesis:process_method_file:194 - Lỗi AI API file 107374182488.json (Repo r8152): 'NoneType' object is not callable
2026-04-08 19:18:12.077 | INFO     | pipeline.phase3_synthesis:init_browser:77 - Initializing Camoufox Browser (Headless Mode)...
2026-04-08 19:18:12.077 | ERROR    | pipeline.phase3_synthesis:process_method_file:194 - Lỗi AI API file 107374182705.json (Repo r8152): 'NoneType' object is not callable
2026-04-08 19:18:12.078 | INFO     | pipeline.phase3_synthesis:init_browser:77 - Initializing Camoufox Browser (Headless Mode)...
2026-04-08 19:18:12.078 | ERROR    | pipeline.phase3_synthesis:process_method_file:194 - Lỗi AI API file 107374182628.json (Repo r8152): 'NoneType' object is not callable
2026-04-08 19:18:12.078 | INFO     | pipeline.phase3_synthesis:init_browser:77 - Initializing Camoufox Browser (Headless Mode)...
2026-04-08 19:18:12.078 | ERROR    | pipeline.phase3_synthesis:process_method_file:194 - Lỗi AI API file 107374182532.json (Repo r8152): 'NoneType' object is not callable
2026-04-08 19:18:12.078 | INFO     | pipeline.phase3_synthesis:init_browser:77 - Initializing Camoufox Browser (Headless Mode)...
2026-04-08 19:18:12.078 | ERROR    | pipeline.phase3_synthesis:process_method_file:194 - Lỗi AI API file 107374182677.json (Repo r8152): 'NoneType' object is not callable
2026-04-08 19:18:12.078 | INFO     | pipeline.phase3_synthesis:init_browser:77 - Initializing Camoufox Browser (Headless Mode)...
2026-04-08 19:18:12.078 | ERROR    | pipeline.phase3_synthesis:process_method_file:194 - Lỗi AI API file 107374182743.json (Repo r8152): 'NoneType' object is not callable
2026-04-08 19:18:12.078 | INFO     | pipeline.phase3_synthesis:init_browser:77 - Initializing Camoufox Browser (Headless Mode)...
2026-04-08 19:18:12.078 | ERROR    | pipeline.phase3_synthesis:process_method_file:194 - Lỗi AI API file 107374182681.json (Repo r8152): 'NoneType' object is not callable
2026-04-08 19:18:12.078 | INFO     | pipeline.phase3_synthesis:init_browser:77 - Initializing Camoufox Browser (Headless Mode)...
2026-04-08 19:18:12.078 | ERROR    | pipeline.phase3_synthesis:process_method_file:194 - Lỗi AI API file 107374182731.json (Repo r8152): 'NoneType' object is not callable
2026-04-08 19:18:12.078 | INFO     | pipeline.phase3_synthesis:init_browser:77 - Initializing Camoufox Browser (Headless Mode)...
2026-04-08 19:18:12.079 | ERROR    | pipeline.phase3_synthesis:process_method_file:194 - Lỗi AI API file 107374182612.json (Repo r8152): 'NoneType' object is not callable
2026-04-08 19:18:12.079 | INFO     | pipeline.phase3_synthesis:init_browser:77 - Initializing Camoufox Browser (Headless Mode)...
2026-04-08 19:18:12.079 | ERROR    | pipeline.phase3_synthesis:process_method_file:194 - Lỗi AI API file 107374182742.json (Repo r8152): 'NoneType' object is not callable
2026-04-08 19:18:12.079 | INFO     | pipeline.phase3_synthesis:init_browser:77 - Initializing Camoufox Browser (Headless Mode)...
2026-04-08 19:18:12.079 | ERROR    | pipeline.phase3_synthesis:process_method_file:194 - Lỗi AI API file 107374182421.json (Repo r8152): 'NoneType' object is not callable
2026-04-08 19:18:12.079 | INFO     | pipeline.phase3_synthesis:init_browser:77 - Initializing Camoufox Browser (Headless Mode)...
2026-04-08 19:18:12.079 | ERROR    | pipeline.phase3_synthesis:process_method_file:194 - Lỗi AI API file 107374182617.json (Repo r8152): 'NoneType' object is not callable
2026-04-08 19:18:12.079 | INFO     | pipeline.phase3_synthesis:init_browser:77 - Initializing Camoufox Browser (Headless Mode)...
2026-04-08 19:18:12.079 | ERROR    | pipeline.phase3_synthesis:process_method_file:194 - Lỗi AI API file 107374182407.json (Repo r8152): 'NoneType' object is not callable
2026-04-08 19:18:12.079 | INFO     | pipeline.phase3_synthesis:init_browser:77 - Initializing Camoufox Browser (Headless Mode)...
2026-04-08 19:18:12.079 | ERROR    | pipeline.phase3_synthesis:process_method_file:194 - Lỗi AI API file 107374182533.json (Repo r8152): 'NoneType' object is not callable
2026-04-08 19:18:12.079 | INFO     | pipeline.phase3_synthesis:init_browser:77 - Initializing Camoufox Browser (Headless Mode)...
2026-04-08 19:18:12.079 | ERROR    | pipeline.phase3_synthesis:process_method_file:194 - Lỗi AI API file 107374182530.json (Repo r8152): 'NoneType' object is not callable
2026-04-08 19:18:12.080 | INFO     | pipeline.phase3_synthesis:init_browser:77 - Initializing Camoufox Browser (Headless Mode)...
2026-04-08 19:18:12.080 | ERROR    | pipeline.phase3_synthesis:process_method_file:194 - Lỗi AI API file 107374182572.json (Repo r8152): 'NoneType' object is not callable
2026-04-08 19:18:12.080 | INFO     | pipeline.phase3_synthesis:init_browser:77 - Initializing Camoufox Browser (Headless Mode)...
2026-04-08 19:18:12.080 | ERROR    | pipeline.phase3_synthesis:process_method_file:194 - Lỗi AI API file 107374182755.json (Repo r8152): 'NoneType' object is not callable
2026-04-08 19:18:12.080 | INFO     | pipeline.phase3_synthesis:init_browser:77 - Initializing Camoufox Browser (Headless Mode)...
2026-04-08 19:18:12.080 | ERROR    | pipeline.phase3_synthesis:process_method_file:194 - Lỗi AI API file 107374182650.json (Repo r8152): 'NoneType' object is not callable
2026-04-08 19:18:12.080 | INFO     | pipeline.phase3_synthesis:init_browser:77 - Initializing Camoufox Browser (Headless Mode)...
2026-04-08 19:18:12.080 | ERROR    | pipeline.phase3_synthesis:process_method_file:194 - Lỗi AI API file 107374182424.json (Repo r8152): 'NoneType' object is not callable
2026-04-08 19:18:12.080 | INFO     | pipeline.phase3_synthesis:init_browser:77 - Initializing Camoufox Browser (Headless Mode)...
2026-04-08 19:18:12.080 | ERROR    | pipeline.phase3_synthesis:process_method_file:194 - Lỗi AI API file 107374182644.json (Repo r8152): 'NoneType' object is not callable
2026-04-08 19:18:12.080 | INFO     | pipeline.phase3_synthesis:init_browser:77 - Initializing Camoufox Browser (Headless Mode)...
2026-04-08 19:18:12.080 | ERROR    | pipeline.phase3_synthesis:process_method_file:194 - Lỗi AI API file 107374182703.json (Repo r8152): 'NoneType' object is not callable
2026-04-08 19:18:12.081 | INFO     | pipeline.phase3_synthesis:init_browser:77 - Initializing Camoufox Browser (Headless Mode)...
2026-04-08 19:18:12.081 | ERROR    | pipeline.phase3_synthesis:process_method_file:194 - Lỗi AI API file 107374182711.json (Repo r8152): 'NoneType' object is not callable
2026-04-08 19:18:12.081 | INFO     | pipeline.phase3_synthesis:init_browser:77 - Initializing Camoufox Browser (Headless Mode)...
2026-04-08 19:18:12.081 | ERROR    | pipeline.phase3_synthesis:process_method_file:194 - Lỗi AI API file 107374182478.json (Repo r8152): 'NoneType' object is not callable
2026-04-08 19:18:12.081 | INFO     | pipeline.phase3_synthesis:init_browser:77 - Initializing Camoufox Browser (Headless Mode)...
2026-04-08 19:18:12.081 | ERROR    | pipeline.phase3_synthesis:process_method_file:194 - Lỗi AI API file 107374182575.json (Repo r8152): 'NoneType' object is not callable
2026-04-08 19:18:12.081 | INFO     | pipeline.phase3_synthesis:init_browser:77 - Initializing Camoufox Browser (Headless Mode)...
2026-04-08 19:18:12.081 | ERROR    | pipeline.phase3_synthesis:process_method_file:194 - Lỗi AI API file 107374182639.json (Repo r8152): 'NoneType' object is not callable
2026-04-08 19:18:12.081 | INFO     | pipeline.phase3_synthesis:init_browser:77 - Initializing Camoufox Browser (Headless Mode)...
2026-04-08 19:18:12.081 | ERROR    | pipeline.phase3_synthesis:process_method_file:194 - Lỗi AI API file 107374182702.json (Repo r8152): 'NoneType' object is not callable
2026-04-08 19:18:12.081 | INFO     | pipeline.phase3_synthesis:init_browser:77 - Initializing Camoufox Browser (Headless Mode)...
2026-04-08 19:18:12.081 | ERROR    | pipeline.phase3_synthesis:process_method_file:194 - Lỗi AI API file 107374182523.json (Repo r8152): 'NoneType' object is not callable
2026-04-08 19:18:12.081 | INFO     | pipeline.phase3_synthesis:init_browser:77 - Initializing Camoufox Browser (Headless Mode)...
2026-04-08 19:18:12.082 | ERROR    | pipeline.phase3_synthesis:process_method_file:194 - Lỗi AI API file 107374182534.json (Repo r8152): 'NoneType' object is not callable
2026-04-08 19:18:12.082 | INFO     | pipeline.phase3_synthesis:init_browser:77 - Initializing Camoufox Browser (Headless Mode)...
2026-04-08 19:18:12.082 | ERROR    | pipeline.phase3_synthesis:process_method_file:194 - Lỗi AI API file 107374182697.json (Repo r8152): 'NoneType' object is not callable
2026-04-08 19:18:12.082 | INFO     | pipeline.phase3_synthesis:init_browser:77 - Initializing Camoufox Browser (Headless Mode)...
2026-04-08 19:18:12.082 | ERROR    | pipeline.phase3_synthesis:process_method_file:194 - Lỗi AI API file 107374182430.json (Repo r8152): 'NoneType' object is not callable
2026-04-08 19:18:12.082 | INFO     | pipeline.phase3_synthesis:init_browser:77 - Initializing Camoufox Browser (Headless Mode)...
2026-04-08 19:18:12.082 | ERROR    | pipeline.phase3_synthesis:process_method_file:194 - Lỗi AI API file 107374182418.json (Repo r8152): 'NoneType' object is not callable
2026-04-08 19:18:12.082 | INFO     | pipeline.phase3_synthesis:init_browser:77 - Initializing Camoufox Browser (Headless Mode)...
2026-04-08 19:18:12.082 | ERROR    | pipeline.phase3_synthesis:process_method_file:194 - Lỗi AI API file 107374182609.json (Repo r8152): 'NoneType' object is not callable
2026-04-08 19:18:12.082 | INFO     | pipeline.phase3_synthesis:init_browser:77 - Initializing Camoufox Browser (Headless Mode)...
2026-04-08 19:18:12.082 | ERROR    | pipeline.phase3_synthesis:process_method_file:194 - Lỗi AI API file 107374182593.json (Repo r8152): 'NoneType' object is not callable
2026-04-08 19:18:12.082 | INFO     | pipeline.phase3_synthesis:init_browser:77 - Initializing Camoufox Browser (Headless Mode)...
2026-04-08 19:18:12.082 | ERROR    | pipeline.phase3_synthesis:process_method_file:194 - Lỗi AI API file 107374182508.json (Repo r8152): 'NoneType' object is not callable
2026-04-08 19:18:12.083 | INFO     | pipeline.phase3_synthesis:init_browser:77 - Initializing Camoufox Browser (Headless Mode)...
2026-04-08 19:18:12.083 | ERROR    | pipeline.phase3_synthesis:process_method_file:194 - Lỗi AI API file 107374182741.json (Repo r8152): 'NoneType' object is not callable
2026-04-08 19:18:12.083 | INFO     | pipeline.phase3_synthesis:init_browser:77 - Initializing Camoufox Browser (Headless Mode)...
2026-04-08 19:18:12.083 | ERROR    | pipeline.phase3_synthesis:process_method_file:194 - Lỗi AI API file 107374182537.json (Repo r8152): 'NoneType' object is not callable
2026-04-08 19:18:12.083 | INFO     | pipeline.phase3_synthesis:init_browser:77 - Initializing Camoufox Browser (Headless Mode)...
2026-04-08 19:18:12.083 | ERROR    | pipeline.phase3_synthesis:process_method_file:194 - Lỗi AI API file 107374182712.json (Repo r8152): 'NoneType' object is not callable
2026-04-08 19:18:12.083 | INFO     | pipeline.phase3_synthesis:init_browser:77 - Initializing Camoufox Browser (Headless Mode)...
2026-04-08 19:18:12.083 | ERROR    | pipeline.phase3_synthesis:process_method_file:194 - Lỗi AI API file 107374182492.json (Repo r8152): 'NoneType' object is not callable
2026-04-08 19:18:12.083 | INFO     | pipeline.phase3_synthesis:init_browser:77 - Initializing Camoufox Browser (Headless Mode)...
2026-04-08 19:18:12.083 | ERROR    | pipeline.phase3_synthesis:process_method_file:194 - Lỗi AI API file 107374182568.json (Repo r8152): 'NoneType' object is not callable
2026-04-08 19:18:12.083 | INFO     | pipeline.phase3_synthesis:init_browser:77 - Initializing Camoufox Browser (Headless Mode)...
2026-04-08 19:18:12.083 | ERROR    | pipeline.phase3_synthesis:process_method_file:194 - Lỗi AI API file 107374182714.json (Repo r8152): 'NoneType' object is not callable
2026-04-08 19:18:12.083 | INFO     | pipeline.phase3_synthesis:init_browser:77 - Initializing Camoufox Browser (Headless Mode)...
2026-04-08 19:18:12.084 | ERROR    | pipeline.phase3_synthesis:process_method_file:194 - Lỗi AI API file 107374182555.json (Repo r8152): 'NoneType' object is not callable
2026-04-08 19:18:12.084 | INFO     | pipeline.phase3_synthesis:init_browser:77 - Initializing Camoufox Browser (Headless Mode)...
2026-04-08 19:18:12.084 | ERROR    | pipeline.phase3_synthesis:process_method_file:194 - Lỗi AI API file 107374182580.json (Repo r8152): 'NoneType' object is not callable
2026-04-08 19:18:12.084 | INFO     | pipeline.phase3_synthesis:init_browser:77 - Initializing Camoufox Browser (Headless Mode)...
2026-04-08 19:18:12.084 | ERROR    | pipeline.phase3_synthesis:process_method_file:194 - Lỗi AI API file 107374182489.json (Repo r8152): 'NoneType' object is not callable
2026-04-08 19:18:12.084 | INFO     | pipeline.phase3_synthesis:init_browser:77 - Initializing Camoufox Browser (Headless Mode)...
2026-04-08 19:18:12.084 | ERROR    | pipeline.phase3_synthesis:process_method_file:194 - Lỗi AI API file 107374182640.json (Repo r8152): 'NoneType' object is not callable
2026-04-08 19:18:12.084 | INFO     | pipeline.phase3_synthesis:init_browser:77 - Initializing Camoufox Browser (Headless Mode)...
2026-04-08 19:18:12.084 | ERROR    | pipeline.phase3_synthesis:process_method_file:194 - Lỗi AI API file 107374182548.json (Repo r8152): 'NoneType' object is not callable
2026-04-08 19:18:12.084 | INFO     | pipeline.phase3_synthesis:init_browser:77 - Initializing Camoufox Browser (Headless Mode)...
2026-04-08 19:18:12.084 | ERROR    | pipeline.phase3_synthesis:process_method_file:194 - Lỗi AI API file 107374182426.json (Repo r8152): 'NoneType' object is not callable
2026-04-08 19:18:12.084 | INFO     | pipeline.phase3_synthesis:init_browser:77 - Initializing Camoufox Browser (Headless Mode)...
2026-04-08 19:18:12.084 | ERROR    | pipeline.phase3_synthesis:process_method_file:194 - Lỗi AI API file 107374182525.json (Repo r8152): 'NoneType' object is not callable
2026-04-08 19:18:12.085 | INFO     | pipeline.phase3_synthesis:init_browser:77 - Initializing Camoufox Browser (Headless Mode)...
2026-04-08 19:18:12.085 | ERROR    | pipeline.phase3_synthesis:process_method_file:194 - Lỗi AI API file 107374182618.json (Repo r8152): 'NoneType' object is not callable
2026-04-08 19:18:12.085 | INFO     | pipeline.phase3_synthesis:init_browser:77 - Initializing Camoufox Browser (Headless Mode)...
2026-04-08 19:18:12.085 | ERROR    | pipeline.phase3_synthesis:process_method_file:194 - Lỗi AI API file 107374182751.json (Repo r8152): 'NoneType' object is not callable
2026-04-08 19:18:12.085 | INFO     | pipeline.phase3_synthesis:init_browser:77 - Initializing Camoufox Browser (Headless Mode)...
2026-04-08 19:18:12.085 | ERROR    | pipeline.phase3_synthesis:process_method_file:194 - Lỗi AI API file 107374182415.json (Repo r8152): 'NoneType' object is not callable
2026-04-08 19:18:12.085 | INFO     | pipeline.phase3_synthesis:init_browser:77 - Initializing Camoufox Browser (Headless Mode)...
2026-04-08 19:18:12.085 | ERROR    | pipeline.phase3_synthesis:process_method_file:194 - Lỗi AI API file 107374182630.json (Repo r8152): 'NoneType' object is not callable
2026-04-08 19:18:12.085 | INFO     | pipeline.phase3_synthesis:init_browser:77 - Initializing Camoufox Browser (Headless Mode)...
2026-04-08 19:18:12.085 | ERROR    | pipeline.phase3_synthesis:process_method_file:194 - Lỗi AI API file 107374182695.json (Repo r8152): 'NoneType' object is not callable
2026-04-08 19:18:12.085 | INFO     | pipeline.phase3_synthesis:init_browser:77 - Initializing Camoufox Browser (Headless Mode)...
2026-04-08 19:18:12.085 | ERROR    | pipeline.phase3_synthesis:process_method_file:194 - Lỗi AI API file 107374182547.json (Repo r8152): 'NoneType' object is not callable
2026-04-08 19:18:12.085 | INFO     | pipeline.phase3_synthesis:init_browser:77 - Initializing Camoufox Browser (Headless Mode)...
2026-04-08 19:18:12.085 | ERROR    | pipeline.phase3_synthesis:process_method_file:194 - Lỗi AI API file 107374182473.json (Repo r8152): 'NoneType' object is not callable
2026-04-08 19:18:12.086 | INFO     | pipeline.phase3_synthesis:init_browser:77 - Initializing Camoufox Browser (Headless Mode)...
2026-04-08 19:18:12.086 | ERROR    | pipeline.phase3_synthesis:process_method_file:194 - Lỗi AI API file 107374182642.json (Repo r8152): 'NoneType' object is not callable
2026-04-08 19:18:12.086 | INFO     | pipeline.phase3_synthesis:init_browser:77 - Initializing Camoufox Browser (Headless Mode)...
2026-04-08 19:18:12.086 | ERROR    | pipeline.phase3_synthesis:process_method_file:194 - Lỗi AI API file 107374182746.json (Repo r8152): 'NoneType' object is not callable
2026-04-08 19:18:12.086 | INFO     | pipeline.phase3_synthesis:init_browser:77 - Initializing Camoufox Browser (Headless Mode)...
2026-04-08 19:18:12.086 | ERROR    | pipeline.phase3_synthesis:process_method_file:194 - Lỗi AI API file 107374182701.json (Repo r8152): 'NoneType' object is not callable
2026-04-08 19:18:12.086 | INFO     | pipeline.phase3_synthesis:init_browser:77 - Initializing Camoufox Browser (Headless Mode)...
2026-04-08 19:18:12.086 | ERROR    | pipeline.phase3_synthesis:process_method_file:194 - Lỗi AI API file 107374182597.json (Repo r8152): 'NoneType' object is not callable
2026-04-08 19:18:12.086 | INFO     | pipeline.phase3_synthesis:init_browser:77 - Initializing Camoufox Browser (Headless Mode)...
2026-04-08 19:18:12.086 | ERROR    | pipeline.phase3_synthesis:process_method_file:194 - Lỗi AI API file 107374182483.json (Repo r8152): 'NoneType' object is not callable
2026-04-08 19:18:12.086 | INFO     | pipeline.phase3_synthesis:init_browser:77 - Initializing Camoufox Browser (Headless Mode)...
2026-04-08 19:18:12.086 | ERROR    | pipeline.phase3_synthesis:process_method_file:194 - Lỗi AI API file 107374182592.json (Repo r8152): 'NoneType' object is not callable
2026-04-08 19:18:12.087 | INFO     | pipeline.phase3_synthesis:init_browser:77 - Initializing Camoufox Browser (Headless Mode)...
2026-04-08 19:18:12.087 | ERROR    | pipeline.phase3_synthesis:process_method_file:194 - Lỗi AI API file 107374182414.json (Repo r8152): 'NoneType' object is not callable
2026-04-08 19:18:12.087 | INFO     | pipeline.phase3_synthesis:init_browser:77 - Initializing Camoufox Browser (Headless Mode)...
2026-04-08 19:18:12.087 | ERROR    | pipeline.phase3_synthesis:process_method_file:194 - Lỗi AI API file 107374182425.json (Repo r8152): 'NoneType' object is not callable
2026-04-08 19:18:12.087 | INFO     | pipeline.phase3_synthesis:init_browser:77 - Initializing Camoufox Browser (Headless Mode)...
2026-04-08 19:18:12.087 | ERROR    | pipeline.phase3_synthesis:process_method_file:194 - Lỗi AI API file 107374182527.json (Repo r8152): 'NoneType' object is not callable
2026-04-08 19:18:12.087 | INFO     | pipeline.phase3_synthesis:init_browser:77 - Initializing Camoufox Browser (Headless Mode)...
2026-04-08 19:18:12.087 | ERROR    | pipeline.phase3_synthesis:process_method_file:194 - Lỗi AI API file 107374182479.json (Repo r8152): 'NoneType' object is not callable
2026-04-08 19:18:12.087 | INFO     | pipeline.phase3_synthesis:init_browser:77 - Initializing Camoufox Browser (Headless Mode)...
2026-04-08 19:18:12.087 | ERROR    | pipeline.phase3_synthesis:process_method_file:194 - Lỗi AI API file 107374182669.json (Repo r8152): 'NoneType' object is not callable
2026-04-08 19:18:12.087 | INFO     | pipeline.phase3_synthesis:init_browser:77 - Initializing Camoufox Browser (Headless Mode)...
2026-04-08 19:18:12.087 | ERROR    | pipeline.phase3_synthesis:process_method_file:194 - Lỗi AI API file 107374182431.json (Repo r8152): 'NoneType' object is not callable
2026-04-08 19:18:12.087 | INFO     | pipeline.phase3_synthesis:init_browser:77 - Initializing Camoufox Browser (Headless Mode)...
2026-04-08 19:18:12.087 | ERROR    | pipeline.phase3_synthesis:process_method_file:194 - Lỗi AI API file 107374182595.json (Repo r8152): 'NoneType' object is not callable
2026-04-08 19:18:12.088 | INFO     | pipeline.phase3_synthesis:init_browser:77 - Initializing Camoufox Browser (Headless Mode)...
2026-04-08 19:18:12.088 | ERROR    | pipeline.phase3_synthesis:process_method_file:194 - Lỗi AI API file 107374182700.json (Repo r8152): 'NoneType' object is not callable
2026-04-08 19:18:12.088 | INFO     | pipeline.phase3_synthesis:init_browser:77 - Initializing Camoufox Browser (Headless Mode)...
2026-04-08 19:18:12.088 | ERROR    | pipeline.phase3_synthesis:process_method_file:194 - Lỗi AI API file 107374182408.json (Repo r8152): 'NoneType' object is not callable
2026-04-08 19:18:12.088 | INFO     | pipeline.phase3_synthesis:init_browser:77 - Initializing Camoufox Browser (Headless Mode)...
2026-04-08 19:18:12.088 | ERROR    | pipeline.phase3_synthesis:process_method_file:194 - Lỗi AI API file 107374182419.json (Repo r8152): 'NoneType' object is not callable
2026-04-08 19:18:12.088 | INFO     | pipeline.phase3_synthesis:init_browser:77 - Initializing Camoufox Browser (Headless Mode)...
2026-04-08 19:18:12.088 | ERROR    | pipeline.phase3_synthesis:process_method_file:194 - Lỗi AI API file 107374182539.json (Repo r8152): 'NoneType' object is not callable
2026-04-08 19:18:12.088 | INFO     | pipeline.phase3_synthesis:init_browser:77 - Initializing Camoufox Browser (Headless Mode)...
2026-04-08 19:18:12.088 | ERROR    | pipeline.phase3_synthesis:process_method_file:194 - Lỗi AI API file 107374182552.json (Repo r8152): 'NoneType' object is not callable
2026-04-08 19:18:12.088 | INFO     | pipeline.phase3_synthesis:init_browser:77 - Initializing Camoufox Browser (Headless Mode)...
2026-04-08 19:18:12.088 | ERROR    | pipeline.phase3_synthesis:process_method_file:194 - Lỗi AI API file 107374182560.json (Repo r8152): 'NoneType' object is not callable
2026-04-08 19:18:12.089 | INFO     | pipeline.phase3_synthesis:init_browser:77 - Initializing Camoufox Browser (Headless Mode)...
2026-04-08 19:18:12.089 | ERROR    | pipeline.phase3_synthesis:process_method_file:194 - Lỗi AI API file 107374182546.json (Repo r8152): 'NoneType' object is not callable
2026-04-08 19:18:12.089 | INFO     | pipeline.phase3_synthesis:init_browser:77 - Initializing Camoufox Browser (Headless Mode)...
2026-04-08 19:18:12.089 | ERROR    | pipeline.phase3_synthesis:process_method_file:194 - Lỗi AI API file 107374182734.json (Repo r8152): 'NoneType' object is not callable
2026-04-08 19:18:12.089 | INFO     | pipeline.phase3_synthesis:init_browser:77 - Initializing Camoufox Browser (Headless Mode)...
2026-04-08 19:18:12.089 | ERROR    | pipeline.phase3_synthesis:process_method_file:194 - Lỗi AI API file 107374182659.json (Repo r8152): 'NoneType' object is not callable
2026-04-08 19:18:12.089 | INFO     | pipeline.phase3_synthesis:init_browser:77 - Initializing Camoufox Browser (Headless Mode)...
2026-04-08 19:18:12.089 | ERROR    | pipeline.phase3_synthesis:process_method_file:194 - Lỗi AI API file 107374182643.json (Repo r8152): 'NoneType' object is not callable
2026-04-08 19:18:12.089 | INFO     | pipeline.phase3_synthesis:init_browser:77 - Initializing Camoufox Browser (Headless Mode)...
2026-04-08 19:18:12.089 | ERROR    | pipeline.phase3_synthesis:process_method_file:194 - Lỗi AI API file 107374182519.json (Repo r8152): 'NoneType' object is not callable
2026-04-08 19:18:12.089 | INFO     | pipeline.phase3_synthesis:init_browser:77 - Initializing Camoufox Browser (Headless Mode)...
2026-04-08 19:18:12.089 | ERROR    | pipeline.phase3_synthesis:process_method_file:194 - Lỗi AI API file 107374182518.json (Repo r8152): 'NoneType' object is not callable
2026-04-08 19:18:12.090 | INFO     | pipeline.phase3_synthesis:init_browser:77 - Initializing Camoufox Browser (Headless Mode)...
2026-04-08 19:18:12.090 | ERROR    | pipeline.phase3_synthesis:process_method_file:194 - Lỗi AI API file 107374182604.json (Repo r8152): 'NoneType' object is not callable
2026-04-08 19:18:12.090 | INFO     | pipeline.phase3_synthesis:init_browser:77 - Initializing Camoufox Browser (Headless Mode)...
2026-04-08 19:18:12.090 | ERROR    | pipeline.phase3_synthesis:process_method_file:194 - Lỗi AI API file 107374182554.json (Repo r8152): 'NoneType' object is not callable
2026-04-08 19:18:12.090 | INFO     | pipeline.phase3_synthesis:init_browser:77 - Initializing Camoufox Browser (Headless Mode)...
2026-04-08 19:18:12.090 | ERROR    | pipeline.phase3_synthesis:process_method_file:194 - Lỗi AI API file 107374182744.json (Repo r8152): 'NoneType' object is not callable
2026-04-08 19:18:12.090 | INFO     | pipeline.phase3_synthesis:init_browser:77 - Initializing Camoufox Browser (Headless Mode)...
2026-04-08 19:18:12.090 | ERROR    | pipeline.phase3_synthesis:process_method_file:194 - Lỗi AI API file 107374182619.json (Repo r8152): 'NoneType' object is not callable
2026-04-08 19:18:12.090 | INFO     | pipeline.phase3_synthesis:init_browser:77 - Initializing Camoufox Browser (Headless Mode)...
2026-04-08 19:18:12.090 | ERROR    | pipeline.phase3_synthesis:process_method_file:194 - Lỗi AI API file 107374182553.json (Repo r8152): 'NoneType' object is not callable
2026-04-08 19:18:12.090 | INFO     | pipeline.phase3_synthesis:init_browser:77 - Initializing Camoufox Browser (Headless Mode)...
2026-04-08 19:18:12.090 | ERROR    | pipeline.phase3_synthesis:process_method_file:194 - Lỗi AI API file 107374182542.json (Repo r8152): 'NoneType' object is not callable
2026-04-08 19:18:12.091 | INFO     | pipeline.phase3_synthesis:init_browser:77 - Initializing Camoufox Browser (Headless Mode)...
2026-04-08 19:18:12.091 | ERROR    | pipeline.phase3_synthesis:process_method_file:194 - Lỗi AI API file 107374182585.json (Repo r8152): 'NoneType' object is not callable
2026-04-08 19:18:12.091 | INFO     | pipeline.phase3_synthesis:init_browser:77 - Initializing Camoufox Browser (Headless Mode)...
2026-04-08 19:18:12.091 | ERROR    | pipeline.phase3_synthesis:process_method_file:194 - Lỗi AI API file 107374182428.json (Repo r8152): 'NoneType' object is not callable
2026-04-08 19:18:12.091 | INFO     | pipeline.phase3_synthesis:init_browser:77 - Initializing Camoufox Browser (Headless Mode)...
2026-04-08 19:18:12.091 | ERROR    | pipeline.phase3_synthesis:process_method_file:194 - Lỗi AI API file 107374182641.json (Repo r8152): 'NoneType' object is not callable
2026-04-08 19:18:12.091 | INFO     | pipeline.phase3_synthesis:init_browser:77 - Initializing Camoufox Browser (Headless Mode)...
2026-04-08 19:18:12.091 | ERROR    | pipeline.phase3_synthesis:process_method_file:194 - Lỗi AI API file 107374182729.json (Repo r8152): 'NoneType' object is not callable
2026-04-08 19:18:12.091 | INFO     | pipeline.phase3_synthesis:init_browser:77 - Initializing Camoufox Browser (Headless Mode)...
2026-04-08 19:18:12.091 | ERROR    | pipeline.phase3_synthesis:process_method_file:194 - Lỗi AI API file 107374182559.json (Repo r8152): 'NoneType' object is not callable
2026-04-08 19:18:12.091 | INFO     | pipeline.phase3_synthesis:init_browser:77 - Initializing Camoufox Browser (Headless Mode)...
2026-04-08 19:18:12.091 | ERROR    | pipeline.phase3_synthesis:process_method_file:194 - Lỗi AI API file 107374182480.json (Repo r8152): 'NoneType' object is not callable
2026-04-08 19:18:12.092 | INFO     | pipeline.phase3_synthesis:init_browser:77 - Initializing Camoufox Browser (Headless Mode)...
2026-04-08 19:18:12.092 | ERROR    | pipeline.phase3_synthesis:process_method_file:194 - Lỗi AI API file 107374182811.json (Repo r8152): 'NoneType' object is not callable
2026-04-08 19:18:12.092 | INFO     | pipeline.phase3_synthesis:init_browser:77 - Initializing Camoufox Browser (Headless Mode)...
2026-04-08 19:18:12.092 | ERROR    | pipeline.phase3_synthesis:process_method_file:194 - Lỗi AI API file 107374182807.json (Repo r8152): 'NoneType' object is not callable
2026-04-08 19:18:12.092 | INFO     | pipeline.phase3_synthesis:init_browser:77 - Initializing Camoufox Browser (Headless Mode)...
2026-04-08 19:18:12.092 | ERROR    | pipeline.phase3_synthesis:process_method_file:194 - Lỗi AI API file 107374182810.json (Repo r8152): 'NoneType' object is not callable
2026-04-08 19:18:12.092 | INFO     | pipeline.phase3_synthesis:init_browser:77 - Initializing Camoufox Browser (Headless Mode)...
2026-04-08 19:18:12.092 | ERROR    | pipeline.phase3_synthesis:process_method_file:194 - Lỗi AI API file 107374182812.json (Repo r8152): 'NoneType' object is not callable
2026-04-08 19:18:12.092 | INFO     | pipeline.phase3_synthesis:init_browser:77 - Initializing Camoufox Browser (Headless Mode)...
2026-04-08 19:18:12.092 | ERROR    | pipeline.phase3_synthesis:process_method_file:194 - Lỗi AI API file 107374182806.json (Repo r8152): 'NoneType' object is not callable
2026-04-08 19:18:12.092 | INFO     | pipeline.phase3_synthesis:init_browser:77 - Initializing Camoufox Browser (Headless Mode)...
2026-04-08 19:18:12.092 | ERROR    | pipeline.phase3_synthesis:process_method_file:194 - Lỗi AI API file 107374182813.json (Repo r8152): 'NoneType' object is not callable
2026-04-08 19:18:12.092 | INFO     | pipeline.phase3_synthesis:init_browser:77 - Initializing Camoufox Browser (Headless Mode)...
2026-04-08 19:18:12.093 | ERROR    | pipeline.phase3_synthesis:process_method_file:194 - Lỗi AI API file 107374182482.json (Repo r8152): 'NoneType' object is not callable
2026-04-08 19:18:12.093 | INFO     | pipeline.phase3_synthesis:init_browser:77 - Initializing Camoufox Browser (Headless Mode)...
2026-04-08 19:18:12.093 | ERROR    | pipeline.phase3_synthesis:process_method_file:194 - Lỗi AI API file 107374182633.json (Repo r8152): 'NoneType' object is not callable
2026-04-08 19:18:12.093 | INFO     | pipeline.phase3_synthesis:init_browser:77 - Initializing Camoufox Browser (Headless Mode)...
2026-04-08 19:18:12.093 | ERROR    | pipeline.phase3_synthesis:process_method_file:194 - Lỗi AI API file 107374182690.json (Repo r8152): 'NoneType' object is not callable
2026-04-08 19:18:12.093 | INFO     | pipeline.phase3_synthesis:init_browser:77 - Initializing Camoufox Browser (Headless Mode)...
2026-04-08 19:18:12.093 | ERROR    | pipeline.phase3_synthesis:process_method_file:194 - Lỗi AI API file 107374182767.json (Repo r8152): 'NoneType' object is not callable
2026-04-08 19:18:12.093 | INFO     | pipeline.phase3_synthesis:init_browser:77 - Initializing Camoufox Browser (Headless Mode)...
2026-04-08 19:18:12.093 | ERROR    | pipeline.phase3_synthesis:process_method_file:194 - Lỗi AI API file 107374182680.json (Repo r8152): 'NoneType' object is not callable
2026-04-08 19:18:12.093 | INFO     | pipeline.phase3_synthesis:init_browser:77 - Initializing Camoufox Browser (Headless Mode)...
2026-04-08 19:18:12.093 | ERROR    | pipeline.phase3_synthesis:process_method_file:194 - Lỗi AI API file 107374182685.json (Repo r8152): 'NoneType' object is not callable
2026-04-08 19:18:12.094 | INFO     | pipeline.phase3_synthesis:init_browser:77 - Initializing Camoufox Browser (Headless Mode)...
2026-04-08 19:18:12.094 | ERROR    | pipeline.phase3_synthesis:process_method_file:194 - Lỗi AI API file 107374182607.json (Repo r8152): 'NoneType' object is not callable
2026-04-08 19:18:12.094 | INFO     | pipeline.phase3_synthesis:init_browser:77 - Initializing Camoufox Browser (Headless Mode)...
2026-04-08 19:18:12.094 | ERROR    | pipeline.phase3_synthesis:process_method_file:194 - Lỗi AI API file 107374182486.json (Repo r8152): 'NoneType' object is not callable
2026-04-08 19:18:12.094 | INFO     | pipeline.phase3_synthesis:init_browser:77 - Initializing Camoufox Browser (Headless Mode)...
2026-04-08 19:18:12.094 | ERROR    | pipeline.phase3_synthesis:process_method_file:194 - Lỗi AI API file 107374182477.json (Repo r8152): 'NoneType' object is not callable
2026-04-08 19:18:12.094 | INFO     | pipeline.phase3_synthesis:init_browser:77 - Initializing Camoufox Browser (Headless Mode)...
2026-04-08 19:18:12.094 | ERROR    | pipeline.phase3_synthesis:process_method_file:194 - Lỗi AI API file 107374182515.json (Repo r8152): 'NoneType' object is not callable
2026-04-08 19:18:12.094 | INFO     | pipeline.phase3_synthesis:init_browser:77 - Initializing Camoufox Browser (Headless Mode)...
2026-04-08 19:18:12.094 | ERROR    | pipeline.phase3_synthesis:process_method_file:194 - Lỗi AI API file 107374182735.json (Repo r8152): 'NoneType' object is not callable
2026-04-08 19:18:12.094 | INFO     | pipeline.phase3_synthesis:init_browser:77 - Initializing Camoufox Browser (Headless Mode)...
2026-04-08 19:18:12.094 | ERROR    | pipeline.phase3_synthesis:process_method_file:194 - Lỗi AI API file 107374182768.json (Repo r8152): 'NoneType' object is not callable
2026-04-08 19:18:12.095 | INFO     | pipeline.phase3_synthesis:init_browser:77 - Initializing Camoufox Browser (Headless Mode)...
2026-04-08 19:18:12.095 | ERROR    | pipeline.phase3_synthesis:process_method_file:194 - Lỗi AI API file 107374182517.json (Repo r8152): 'NoneType' object is not callable
2026-04-08 19:18:12.095 | INFO     | pipeline.phase3_synthesis:init_browser:77 - Initializing Camoufox Browser (Headless Mode)...
2026-04-08 19:18:12.095 | ERROR    | pipeline.phase3_synthesis:process_method_file:194 - Lỗi AI API file 107374182737.json (Repo r8152): 'NoneType' object is not callable
2026-04-08 19:18:12.095 | INFO     | pipeline.phase3_synthesis:init_browser:77 - Initializing Camoufox Browser (Headless Mode)...
2026-04-08 19:18:12.095 | ERROR    | pipeline.phase3_synthesis:process_method_file:194 - Lỗi AI API file 107374182475.json (Repo r8152): 'NoneType' object is not callable
2026-04-08 19:18:12.095 | INFO     | pipeline.phase3_synthesis:init_browser:77 - Initializing Camoufox Browser (Headless Mode)...
2026-04-08 19:18:12.095 | ERROR    | pipeline.phase3_synthesis:process_method_file:194 - Lỗi AI API file 107374182528.json (Repo r8152): 'NoneType' object is not callable
2026-04-08 19:18:12.095 | INFO     | pipeline.phase3_synthesis:init_browser:77 - Initializing Camoufox Browser (Headless Mode)...
2026-04-08 19:18:12.095 | ERROR    | pipeline.phase3_synthesis:process_method_file:194 - Lỗi AI API file 107374182684.json (Repo r8152): 'NoneType' object is not callable
2026-04-08 19:18:12.095 | INFO     | pipeline.phase3_synthesis:init_browser:77 - Initializing Camoufox Browser (Headless Mode)...
2026-04-08 19:18:12.095 | ERROR    | pipeline.phase3_synthesis:process_method_file:194 - Lỗi AI API file 107374182760.json (Repo r8152): 'NoneType' object is not callable
2026-04-08 19:18:12.096 | INFO     | pipeline.phase3_synthesis:init_browser:77 - Initializing Camoufox Browser (Headless Mode)...
2026-04-08 19:18:12.096 | ERROR    | pipeline.phase3_synthesis:process_method_file:194 - Lỗi AI API file 107374182636.json (Repo r8152): 'NoneType' object is not callable
2026-04-08 19:18:12.096 | INFO     | pipeline.phase3_synthesis:init_browser:77 - Initializing Camoufox Browser (Headless Mode)...
2026-04-08 19:18:12.096 | ERROR    | pipeline.phase3_synthesis:process_method_file:194 - Lỗi AI API file 107374182487.json (Repo r8152): 'NoneType' object is not callable
2026-04-08 19:18:12.096 | INFO     | pipeline.phase3_synthesis:init_browser:77 - Initializing Camoufox Browser (Headless Mode)...
2026-04-08 19:18:12.096 | ERROR    | pipeline.phase3_synthesis:process_method_file:194 - Lỗi AI API file 107374182736.json (Repo r8152): 'NoneType' object is not callable
2026-04-08 19:18:12.096 | INFO     | pipeline.phase3_synthesis:init_browser:77 - Initializing Camoufox Browser (Headless Mode)...
2026-04-08 19:18:12.096 | ERROR    | pipeline.phase3_synthesis:process_method_file:194 - Lỗi AI API file 107374182516.json (Repo r8152): 'NoneType' object is not callable
2026-04-08 19:18:12.096 | INFO     | pipeline.phase3_synthesis:init_browser:77 - Initializing Camoufox Browser (Headless Mode)...
2026-04-08 19:18:12.096 | ERROR    | pipeline.phase3_synthesis:process_method_file:194 - Lỗi AI API file 107374182602.json (Repo r8152): 'NoneType' object is not callable
2026-04-08 19:18:12.096 | INFO     | pipeline.phase3_synthesis:init_browser:77 - Initializing Camoufox Browser (Headless Mode)...
2026-04-08 19:18:12.096 | ERROR    | pipeline.phase3_synthesis:process_method_file:194 - Lỗi AI API file 107374182565.json (Repo r8152): 'NoneType' object is not callable
2026-04-08 19:18:12.097 | INFO     | pipeline.phase3_synthesis:init_browser:77 - Initializing Camoufox Browser (Headless Mode)...
2026-04-08 19:18:12.097 | ERROR    | pipeline.phase3_synthesis:process_method_file:194 - Lỗi AI API file 107374182589.json (Repo r8152): 'NoneType' object is not callable
2026-04-08 19:18:12.097 | INFO     | pipeline.phase3_synthesis:init_browser:77 - Initializing Camoufox Browser (Headless Mode)...
2026-04-08 19:18:12.097 | ERROR    | pipeline.phase3_synthesis:process_method_file:194 - Lỗi AI API file 107374182738.json (Repo r8152): 'NoneType' object is not callable
2026-04-08 19:18:12.097 | INFO     | pipeline.phase3_synthesis:init_browser:77 - Initializing Camoufox Browser (Headless Mode)...
2026-04-08 19:18:12.097 | ERROR    | pipeline.phase3_synthesis:process_method_file:194 - Lỗi AI API file 107374182759.json (Repo r8152): 'NoneType' object is not callable
2026-04-08 19:18:12.097 | INFO     | pipeline.phase3_synthesis:init_browser:77 - Initializing Camoufox Browser (Headless Mode)...
2026-04-08 19:18:12.097 | ERROR    | pipeline.phase3_synthesis:process_method_file:194 - Lỗi AI API file 107374182512.json (Repo r8152): 'NoneType' object is not callable
2026-04-08 19:18:12.097 | INFO     | pipeline.phase3_synthesis:init_browser:77 - Initializing Camoufox Browser (Headless Mode)...
2026-04-08 19:18:12.097 | ERROR    | pipeline.phase3_synthesis:process_method_file:194 - Lỗi AI API file 107374182590.json (Repo r8152): 'NoneType' object is not callable
2026-04-08 19:18:12.097 | INFO     | pipeline.phase3_synthesis:init_browser:77 - Initializing Camoufox Browser (Headless Mode)...
2026-04-08 19:18:12.097 | ERROR    | pipeline.phase3_synthesis:process_method_file:194 - Lỗi AI API file 107374182540.json (Repo r8152): 'NoneType' object is not callable
2026-04-08 19:18:12.097 | INFO     | pipeline.phase3_synthesis:init_browser:77 - Initializing Camoufox Browser (Headless Mode)...
2026-04-08 19:18:12.098 | ERROR    | pipeline.phase3_synthesis:process_method_file:194 - Lỗi AI API file 107374182579.json (Repo r8152): 'NoneType' object is not callable
2026-04-08 19:18:12.098 | INFO     | pipeline.phase3_synthesis:init_browser:77 - Initializing Camoufox Browser (Headless Mode)...
2026-04-08 19:18:12.098 | ERROR    | pipeline.phase3_synthesis:process_method_file:194 - Lỗi AI API file 107374182647.json (Repo r8152): 'NoneType' object is not callable
2026-04-08 19:18:12.098 | INFO     | pipeline.phase3_synthesis:init_browser:77 - Initializing Camoufox Browser (Headless Mode)...
2026-04-08 19:18:12.098 | ERROR    | pipeline.phase3_synthesis:process_method_file:194 - Lỗi AI API file 107374182625.json (Repo r8152): 'NoneType' object is not callable
2026-04-08 19:18:12.098 | INFO     | pipeline.phase3_synthesis:init_browser:77 - Initializing Camoufox Browser (Headless Mode)...
2026-04-08 19:18:12.098 | ERROR    | pipeline.phase3_synthesis:process_method_file:194 - Lỗi AI API file 107374182676.json (Repo r8152): 'NoneType' object is not callable
2026-04-08 19:18:12.098 | INFO     | pipeline.phase3_synthesis:init_browser:77 - Initializing Camoufox Browser (Headless Mode)...
2026-04-08 19:18:12.098 | ERROR    | pipeline.phase3_synthesis:process_method_file:194 - Lỗi AI API file 107374182591.json (Repo r8152): 'NoneType' object is not callable
2026-04-08 19:18:12.098 | INFO     | pipeline.phase3_synthesis:init_browser:77 - Initializing Camoufox Browser (Headless Mode)...
2026-04-08 19:18:12.098 | ERROR    | pipeline.phase3_synthesis:process_method_file:194 - Lỗi AI API file 107374182474.json (Repo r8152): 'NoneType' object is not callable
2026-04-08 19:18:12.098 | INFO     | pipeline.phase3_synthesis:init_browser:77 - Initializing Camoufox Browser (Headless Mode)...
2026-04-08 19:18:12.099 | ERROR    | pipeline.phase3_synthesis:process_method_file:194 - Lỗi AI API file 107374182608.json (Repo r8152): 'NoneType' object is not callable
2026-04-08 19:18:12.099 | INFO     | pipeline.phase3_synthesis:init_browser:77 - Initializing Camoufox Browser (Headless Mode)...
2026-04-08 19:18:12.099 | ERROR    | pipeline.phase3_synthesis:process_method_file:194 - Lỗi AI API file 107374182588.json (Repo r8152): 'NoneType' object is not callable
2026-04-08 19:18:12.099 | INFO     | pipeline.phase3_synthesis:init_browser:77 - Initializing Camoufox Browser (Headless Mode)...
2026-04-08 19:18:12.099 | ERROR    | pipeline.phase3_synthesis:process_method_file:194 - Lỗi AI API file 107374182569.json (Repo r8152): 'NoneType' object is not callable
2026-04-08 19:18:12.099 | INFO     | pipeline.phase3_synthesis:init_browser:77 - Initializing Camoufox Browser (Headless Mode)...
2026-04-08 19:18:12.099 | ERROR    | pipeline.phase3_synthesis:process_method_file:194 - Lỗi AI API file 107374182770.json (Repo r8152): 'NoneType' object is not callable
2026-04-08 19:18:12.099 | INFO     | pipeline.phase3_synthesis:init_browser:77 - Initializing Camoufox Browser (Headless Mode)...
2026-04-08 19:18:12.099 | ERROR    | pipeline.phase3_synthesis:process_method_file:194 - Lỗi AI API file 107374182535.json (Repo r8152): 'NoneType' object is not callable
2026-04-08 19:18:12.099 | INFO     | pipeline.phase3_synthesis:init_browser:77 - Initializing Camoufox Browser (Headless Mode)...
2026-04-08 19:18:12.099 | ERROR    | pipeline.phase3_synthesis:process_method_file:194 - Lỗi AI API file 107374182809.json (Repo r8152): 'NoneType' object is not callable
2026-04-08 19:18:12.099 | INFO     | pipeline.phase3_synthesis:init_browser:77 - Initializing Camoufox Browser (Headless Mode)...
2026-04-08 19:18:12.099 | ERROR    | pipeline.phase3_synthesis:process_method_file:194 - Lỗi AI API file 107374182763.json (Repo r8152): 'NoneType' object is not callable
2026-04-08 19:18:12.100 | INFO     | pipeline.phase3_synthesis:init_browser:77 - Initializing Camoufox Browser (Headless Mode)...
2026-04-08 19:18:12.100 | ERROR    | pipeline.phase3_synthesis:process_method_file:194 - Lỗi AI API file 107374182753.json (Repo r8152): 'NoneType' object is not callable
2026-04-08 19:18:12.100 | INFO     | pipeline.phase3_synthesis:init_browser:77 - Initializing Camoufox Browser (Headless Mode)...
2026-04-08 19:18:12.100 | ERROR    | pipeline.phase3_synthesis:process_method_file:194 - Lỗi AI API file 107374182611.json (Repo r8152): 'NoneType' object is not callable
2026-04-08 19:18:12.100 | INFO     | pipeline.phase3_synthesis:init_browser:77 - Initializing Camoufox Browser (Headless Mode)...
2026-04-08 19:18:12.100 | ERROR    | pipeline.phase3_synthesis:process_method_file:194 - Lỗi AI API file 107374182631.json (Repo r8152): 'NoneType' object is not callable
2026-04-08 19:18:12.100 | INFO     | pipeline.phase3_synthesis:init_browser:77 - Initializing Camoufox Browser (Headless Mode)...
2026-04-08 19:18:12.100 | ERROR    | pipeline.phase3_synthesis:process_method_file:194 - Lỗi AI API file 107374182765.json (Repo r8152): 'NoneType' object is not callable
2026-04-08 19:18:12.100 | INFO     | pipeline.phase3_synthesis:init_browser:77 - Initializing Camoufox Browser (Headless Mode)...
2026-04-08 19:18:12.100 | ERROR    | pipeline.phase3_synthesis:process_method_file:194 - Lỗi AI API file 107374182646.json (Repo r8152): 'NoneType' object is not callable
2026-04-08 19:18:12.100 | INFO     | pipeline.phase3_synthesis:init_browser:77 - Initializing Camoufox Browser (Headless Mode)...
2026-04-08 19:18:12.100 | ERROR    | pipeline.phase3_synthesis:process_method_file:194 - Lỗi AI API file 107374182626.json (Repo r8152): 'NoneType' object is not callable
2026-04-08 19:18:12.100 | INFO     | pipeline.phase3_synthesis:init_browser:77 - Initializing Camoufox Browser (Headless Mode)...
2026-04-08 19:18:12.101 | ERROR    | pipeline.phase3_synthesis:process_method_file:194 - Lỗi AI API file 107374182766.json (Repo r8152): 'NoneType' object is not callable
2026-04-08 19:18:12.101 | INFO     | pipeline.phase3_synthesis:init_browser:77 - Initializing Camoufox Browser (Headless Mode)...
2026-04-08 19:18:12.101 | ERROR    | pipeline.phase3_synthesis:process_method_file:194 - Lỗi AI API file 107374182556.json (Repo r8152): 'NoneType' object is not callable
2026-04-08 19:18:12.101 | INFO     | pipeline.phase3_synthesis:init_browser:77 - Initializing Camoufox Browser (Headless Mode)...
2026-04-08 19:18:12.101 | ERROR    | pipeline.phase3_synthesis:process_method_file:194 - Lỗi AI API file 107374182648.json (Repo r8152): 'NoneType' object is not callable
2026-04-08 19:18:12.101 | INFO     | pipeline.phase3_synthesis:init_browser:77 - Initializing Camoufox Browser (Headless Mode)...
2026-04-08 19:18:12.101 | ERROR    | pipeline.phase3_synthesis:process_method_file:194 - Lỗi AI API file 107374182764.json (Repo r8152): 'NoneType' object is not callable
2026-04-08 19:18:12.101 | INFO     | pipeline.phase3_synthesis:init_browser:77 - Initializing Camoufox Browser (Headless Mode)...
2026-04-08 19:18:12.101 | ERROR    | pipeline.phase3_synthesis:process_method_file:194 - Lỗi AI API file 107374182632.json (Repo r8152): 'NoneType' object is not callable
2026-04-08 19:18:12.101 | INFO     | pipeline.phase3_synthesis:init_browser:77 - Initializing Camoufox Browser (Headless Mode)...
2026-04-08 19:18:12.101 | ERROR    | pipeline.phase3_synthesis:process_method_file:194 - Lỗi AI API file 107374182774.json (Repo r8152): 'NoneType' object is not callable
2026-04-08 19:18:12.101 | INFO     | pipeline.phase3_synthesis:init_browser:77 - Initializing Camoufox Browser (Headless Mode)...
2026-04-08 19:18:12.101 | ERROR    | pipeline.phase3_synthesis:process_method_file:194 - Lỗi AI API file 107374182817.json (Repo r8152): 'NoneType' object is not callable
2026-04-08 19:18:12.102 | INFO     | pipeline.phase3_synthesis:init_browser:77 - Initializing Camoufox Browser (Headless Mode)...
2026-04-08 19:18:12.102 | ERROR    | pipeline.phase3_synthesis:process_method_file:194 - Lỗi AI API file 107374182816.json (Repo r8152): 'NoneType' object is not callable
2026-04-08 19:18:12.102 | INFO     | pipeline.phase3_synthesis:init_browser:77 - Initializing Camoufox Browser (Headless Mode)...
2026-04-08 19:18:12.102 | ERROR    | pipeline.phase3_synthesis:process_method_file:194 - Lỗi AI API file 107374182808.json (Repo r8152): 'NoneType' object is not callable
2026-04-08 19:18:12.102 | INFO     | pipeline.phase3_synthesis:init_browser:77 - Initializing Camoufox Browser (Headless Mode)...
2026-04-08 19:18:12.102 | ERROR    | pipeline.phase3_synthesis:process_method_file:194 - Lỗi AI API file 107374182815.json (Repo r8152): 'NoneType' object is not callable
2026-04-08 19:18:12.102 | INFO     | pipeline.phase3_synthesis:init_browser:77 - Initializing Camoufox Browser (Headless Mode)...
2026-04-08 19:18:12.102 | ERROR    | pipeline.phase3_synthesis:process_method_file:194 - Lỗi AI API file 107374182672.json (Repo r8152): 'NoneType' object is not callable
2026-04-08 19:18:12.102 | INFO     | pipeline.phase3_synthesis:init_browser:77 - Initializing Camoufox Browser (Headless Mode)...
2026-04-08 19:18:12.102 | ERROR    | pipeline.phase3_synthesis:process_method_file:194 - Lỗi AI API file 107374182739.json (Repo r8152): 'NoneType' object is not callable
2026-04-08 19:18:12.102 | INFO     | pipeline.phase3_synthesis:init_browser:77 - Initializing Camoufox Browser (Headless Mode)...
2026-04-08 19:18:12.102 | ERROR    | pipeline.phase3_synthesis:process_method_file:194 - Lỗi AI API file 107374182614.json (Repo r8152): 'NoneType' object is not callable
2026-04-08 19:18:12.103 | INFO     | pipeline.phase3_synthesis:init_browser:77 - Initializing Camoufox Browser (Headless Mode)...
2026-04-08 19:18:12.103 | ERROR    | pipeline.phase3_synthesis:process_method_file:194 - Lỗi AI API file 107374182472.json (Repo r8152): 'NoneType' object is not callable
2026-04-08 19:18:12.103 | INFO     | pipeline.phase3_synthesis:init_browser:77 - Initializing Camoufox Browser (Headless Mode)...
2026-04-08 19:18:12.103 | ERROR    | pipeline.phase3_synthesis:process_method_file:194 - Lỗi AI API file 107374182740.json (Repo r8152): 'NoneType' object is not callable
2026-04-08 19:18:12.103 | INFO     | pipeline.phase3_synthesis:init_browser:77 - Initializing Camoufox Browser (Headless Mode)...
2026-04-08 19:18:12.103 | ERROR    | pipeline.phase3_synthesis:process_method_file:194 - Lỗi AI API file 107374182613.json (Repo r8152): 'NoneType' object is not callable
2026-04-08 19:18:12.103 | INFO     | pipeline.phase3_synthesis:init_browser:77 - Initializing Camoufox Browser (Headless Mode)...
2026-04-08 19:18:12.103 | ERROR    | pipeline.phase3_synthesis:process_method_file:194 - Lỗi AI API file 107374182587.json (Repo r8152): 'NoneType' object is not callable
2026-04-08 19:18:12.103 | INFO     | pipeline.phase3_synthesis:init_browser:77 - Initializing Camoufox Browser (Headless Mode)...
2026-04-08 19:18:12.103 | ERROR    | pipeline.phase3_synthesis:process_method_file:194 - Lỗi AI API file 107374182476.json (Repo r8152): 'NoneType' object is not callable
2026-04-08 19:18:12.103 | INFO     | pipeline.phase3_synthesis:init_browser:77 - Initializing Camoufox Browser (Headless Mode)...
2026-04-08 19:18:12.103 | ERROR    | pipeline.phase3_synthesis:process_method_file:194 - Lỗi AI API file 107374182621.json (Repo r8152): 'NoneType' object is not callable
2026-04-08 19:18:12.104 | INFO     | pipeline.phase3_synthesis:init_browser:77 - Initializing Camoufox Browser (Headless Mode)...
2026-04-08 19:18:12.104 | ERROR    | pipeline.phase3_synthesis:process_method_file:194 - Lỗi AI API file 107374182666.json (Repo r8152): 'NoneType' object is not callable
2026-04-08 19:18:12.104 | INFO     | pipeline.phase3_synthesis:init_browser:77 - Initializing Camoufox Browser (Headless Mode)...
2026-04-08 19:18:12.104 | ERROR    | pipeline.phase3_synthesis:process_method_file:194 - Lỗi AI API file 107374182656.json (Repo r8152): 'NoneType' object is not callable
2026-04-08 19:18:12.104 | INFO     | pipeline.phase3_synthesis:init_browser:77 - Initializing Camoufox Browser (Headless Mode)...
2026-04-08 19:18:12.104 | ERROR    | pipeline.phase3_synthesis:process_method_file:194 - Lỗi AI API file 107374182694.json (Repo r8152): 'NoneType' object is not callable
2026-04-08 19:18:12.104 | INFO     | pipeline.phase3_synthesis:init_browser:77 - Initializing Camoufox Browser (Headless Mode)...
2026-04-08 19:18:12.104 | ERROR    | pipeline.phase3_synthesis:process_method_file:194 - Lỗi AI API file 107374182615.json (Repo r8152): 'NoneType' object is not callable
2026-04-08 19:18:12.104 | INFO     | pipeline.phase3_synthesis:init_browser:77 - Initializing Camoufox Browser (Headless Mode)...
2026-04-08 19:18:12.104 | ERROR    | pipeline.phase3_synthesis:process_method_file:194 - Lỗi AI API file 107374182635.json (Repo r8152): 'NoneType' object is not callable
2026-04-08 19:18:12.104 | INFO     | pipeline.phase3_synthesis:init_browser:77 - Initializing Camoufox Browser (Headless Mode)...
2026-04-08 19:18:12.104 | ERROR    | pipeline.phase3_synthesis:process_method_file:194 - Lỗi AI API file 107374182586.json (Repo r8152): 'NoneType' object is not callable
2026-04-08 19:18:12.105 | INFO     | pipeline.phase3_synthesis:init_browser:77 - Initializing Camoufox Browser (Headless Mode)...
2026-04-08 19:18:12.105 | ERROR    | pipeline.phase3_synthesis:process_method_file:194 - Lỗi AI API file 107374182752.json (Repo r8152): 'NoneType' object is not callable
2026-04-08 19:18:12.105 | INFO     | pipeline.phase3_synthesis:init_browser:77 - Initializing Camoufox Browser (Headless Mode)...
2026-04-08 19:18:12.105 | ERROR    | pipeline.phase3_synthesis:process_method_file:194 - Lỗi AI API file 107374182627.json (Repo r8152): 'NoneType' object is not callable
2026-04-08 19:18:12.105 | INFO     | pipeline.phase3_synthesis:init_browser:77 - Initializing Camoufox Browser (Headless Mode)...
2026-04-08 19:18:12.105 | ERROR    | pipeline.phase3_synthesis:process_method_file:194 - Lỗi AI API file 107374182562.json (Repo r8152): 'NoneType' object is not callable
2026-04-08 19:18:12.105 | INFO     | pipeline.phase3_synthesis:init_browser:77 - Initializing Camoufox Browser (Headless Mode)...
2026-04-08 19:18:12.105 | ERROR    | pipeline.phase3_synthesis:process_method_file:194 - Lỗi AI API file 107374182818.json (Repo r8152): 'NoneType' object is not callable
2026-04-08 19:18:12.105 | INFO     | pipeline.phase3_synthesis:init_browser:77 - Initializing Camoufox Browser (Headless Mode)...
2026-04-08 19:18:12.105 | ERROR    | pipeline.phase3_synthesis:process_method_file:194 - Lỗi AI API file 107374182433.json (Repo r8152): 'NoneType' object is not callable
2026-04-08 19:18:12.105 | INFO     | pipeline.phase3_synthesis:init_browser:77 - Initializing Camoufox Browser (Headless Mode)...
2026-04-08 19:18:12.105 | ERROR    | pipeline.phase3_synthesis:process_method_file:194 - Lỗi AI API file 107374182581.json (Repo r8152): 'NoneType' object is not callable
2026-04-08 19:18:12.105 | INFO     | pipeline.phase3_synthesis:init_browser:77 - Initializing Camoufox Browser (Headless Mode)...
2026-04-08 19:18:12.105 | ERROR    | pipeline.phase3_synthesis:process_method_file:194 - Lỗi AI API file 107374182463.json (Repo r8152): 'NoneType' object is not callable
2026-04-08 19:18:12.106 | INFO     | pipeline.phase3_synthesis:init_browser:77 - Initializing Camoufox Browser (Headless Mode)...
2026-04-08 19:18:12.106 | ERROR    | pipeline.phase3_synthesis:process_method_file:194 - Lỗi AI API file 107374182468.json (Repo r8152): 'NoneType' object is not callable
2026-04-08 19:18:12.106 | INFO     | pipeline.phase3_synthesis:init_browser:77 - Initializing Camoufox Browser (Headless Mode)...
2026-04-08 19:18:12.106 | ERROR    | pipeline.phase3_synthesis:process_method_file:194 - Lỗi AI API file 107374182469.json (Repo r8152): 'NoneType' object is not callable
2026-04-08 19:18:12.106 | INFO     | pipeline.phase3_synthesis:init_browser:77 - Initializing Camoufox Browser (Headless Mode)...
2026-04-08 19:18:12.106 | ERROR    | pipeline.phase3_synthesis:process_method_file:194 - Lỗi AI API file 107374182466.json (Repo r8152): 'NoneType' object is not callable
2026-04-08 19:18:12.106 | INFO     | pipeline.phase3_synthesis:init_browser:77 - Initializing Camoufox Browser (Headless Mode)...
2026-04-08 19:18:12.106 | ERROR    | pipeline.phase3_synthesis:process_method_file:194 - Lỗi AI API file 107374182504.json (Repo r8152): 'NoneType' object is not callable
2026-04-08 19:18:12.106 | INFO     | pipeline.phase3_synthesis:init_browser:77 - Initializing Camoufox Browser (Headless Mode)...
2026-04-08 19:18:12.106 | ERROR    | pipeline.phase3_synthesis:process_method_file:194 - Lỗi AI API file 107374182498.json (Repo r8152): 'NoneType' object is not callable
2026-04-08 19:18:12.106 | INFO     | pipeline.phase3_synthesis:init_browser:77 - Initializing Camoufox Browser (Headless Mode)...
2026-04-08 19:18:12.106 | ERROR    | pipeline.phase3_synthesis:process_method_file:194 - Lỗi AI API file 107374182507.json (Repo r8152): 'NoneType' object is not callable
2026-04-08 19:18:12.107 | INFO     | pipeline.phase3_synthesis:init_browser:77 - Initializing Camoufox Browser (Headless Mode)...
2026-04-08 19:18:12.107 | ERROR    | pipeline.phase3_synthesis:process_method_file:194 - Lỗi AI API file 107374182446.json (Repo r8152): 'NoneType' object is not callable
2026-04-08 19:18:12.107 | INFO     | pipeline.phase3_synthesis:init_browser:77 - Initializing Camoufox Browser (Headless Mode)...
2026-04-08 19:18:12.107 | ERROR    | pipeline.phase3_synthesis:process_method_file:194 - Lỗi AI API file 107374182443.json (Repo r8152): 'NoneType' object is not callable
2026-04-08 19:18:12.107 | INFO     | pipeline.phase3_synthesis:init_browser:77 - Initializing Camoufox Browser (Headless Mode)...
2026-04-08 19:18:12.107 | ERROR    | pipeline.phase3_synthesis:process_method_file:194 - Lỗi AI API file 107374182467.json (Repo r8152): 'NoneType' object is not callable
2026-04-08 19:18:12.107 | INFO     | pipeline.phase3_synthesis:init_browser:77 - Initializing Camoufox Browser (Headless Mode)...
2026-04-08 19:18:12.107 | ERROR    | pipeline.phase3_synthesis:process_method_file:194 - Lỗi AI API file 107374182442.json (Repo r8152): 'NoneType' object is not callable
2026-04-08 19:18:12.107 | INFO     | pipeline.phase3_synthesis:init_browser:77 - Initializing Camoufox Browser (Headless Mode)...
2026-04-08 19:18:12.107 | ERROR    | pipeline.phase3_synthesis:process_method_file:194 - Lỗi AI API file 107374182500.json (Repo r8152): 'NoneType' object is not callable
2026-04-08 19:18:12.107 | INFO     | pipeline.phase3_synthesis:init_browser:77 - Initializing Camoufox Browser (Headless Mode)...
2026-04-08 19:18:12.107 | ERROR    | pipeline.phase3_synthesis:process_method_file:194 - Lỗi AI API file 107374182601.json (Repo r8152): 'NoneType' object is not callable
2026-04-08 19:18:12.107 | INFO     | pipeline.phase3_synthesis:init_browser:77 - Initializing Camoufox Browser (Headless Mode)...
2026-04-08 19:18:12.108 | ERROR    | pipeline.phase3_synthesis:process_method_file:194 - Lỗi AI API file 107374182545.json (Repo r8152): 'NoneType' object is not callable
2026-04-08 19:18:12.108 | INFO     | pipeline.phase3_synthesis:init_browser:77 - Initializing Camoufox Browser (Headless Mode)...
2026-04-08 19:18:12.108 | ERROR    | pipeline.phase3_synthesis:process_method_file:194 - Lỗi AI API file 107374182465.json (Repo r8152): 'NoneType' object is not callable
2026-04-08 19:18:12.108 | INFO     | pipeline.phase3_synthesis:init_browser:77 - Initializing Camoufox Browser (Headless Mode)...
2026-04-08 19:18:12.108 | ERROR    | pipeline.phase3_synthesis:process_method_file:194 - Lỗi AI API file 107374182470.json (Repo r8152): 'NoneType' object is not callable
2026-04-08 19:18:12.108 | INFO     | pipeline.phase3_synthesis:init_browser:77 - Initializing Camoufox Browser (Headless Mode)...
2026-04-08 19:18:12.108 | ERROR    | pipeline.phase3_synthesis:process_method_file:194 - Lỗi AI API file 107374182573.json (Repo r8152): 'NoneType' object is not callable
2026-04-08 19:18:12.108 | INFO     | pipeline.phase3_synthesis:init_browser:77 - Initializing Camoufox Browser (Headless Mode)...
2026-04-08 19:18:12.108 | ERROR    | pipeline.phase3_synthesis:process_method_file:194 - Lỗi AI API file 107374182671.json (Repo r8152): 'NoneType' object is not callable
2026-04-08 19:18:12.108 | INFO     | pipeline.phase3_synthesis:init_browser:77 - Initializing Camoufox Browser (Headless Mode)...
2026-04-08 19:18:12.108 | ERROR    | pipeline.phase3_synthesis:process_method_file:194 - Lỗi AI API file 107374182748.json (Repo r8152): 'NoneType' object is not callable
2026-04-08 19:18:12.108 | INFO     | pipeline.phase3_synthesis:init_browser:77 - Initializing Camoufox Browser (Headless Mode)...
2026-04-08 19:18:12.108 | ERROR    | pipeline.phase3_synthesis:process_method_file:194 - Lỗi AI API file 107374182436.json (Repo r8152): 'NoneType' object is not callable
2026-04-08 19:18:12.109 | INFO     | pipeline.phase3_synthesis:init_browser:77 - Initializing Camoufox Browser (Headless Mode)...
2026-04-08 19:18:12.109 | ERROR    | pipeline.phase3_synthesis:process_method_file:194 - Lỗi AI API file 107374182505.json (Repo r8152): 'NoneType' object is not callable
2026-04-08 19:18:12.109 | INFO     | pipeline.phase3_synthesis:init_browser:77 - Initializing Camoufox Browser (Headless Mode)...
2026-04-08 19:18:12.109 | ERROR    | pipeline.phase3_synthesis:process_method_file:194 - Lỗi AI API file 107374182503.json (Repo r8152): 'NoneType' object is not callable
2026-04-08 19:18:12.109 | INFO     | pipeline.phase3_synthesis:init_browser:77 - Initializing Camoufox Browser (Headless Mode)...
2026-04-08 19:18:12.109 | ERROR    | pipeline.phase3_synthesis:process_method_file:194 - Lỗi AI API file 107374182456.json (Repo r8152): 'NoneType' object is not callable
2026-04-08 19:18:12.109 | INFO     | pipeline.phase3_synthesis:init_browser:77 - Initializing Camoufox Browser (Headless Mode)...
2026-04-08 19:18:12.109 | ERROR    | pipeline.phase3_synthesis:process_method_file:194 - Lỗi AI API file 107374182471.json (Repo r8152): 'NoneType' object is not callable
2026-04-08 19:18:12.109 | INFO     | pipeline.phase3_synthesis:init_browser:77 - Initializing Camoufox Browser (Headless Mode)...
2026-04-08 19:18:12.109 | ERROR    | pipeline.phase3_synthesis:process_method_file:194 - Lỗi AI API file 107374182435.json (Repo r8152): 'NoneType' object is not callable
2026-04-08 19:18:12.109 | INFO     | pipeline.phase3_synthesis:init_browser:77 - Initializing Camoufox Browser (Headless Mode)...
2026-04-08 19:18:12.109 | ERROR    | pipeline.phase3_synthesis:process_method_file:194 - Lỗi AI API file 107374182501.json (Repo r8152): 'NoneType' object is not callable
2026-04-08 19:18:12.109 | INFO     | pipeline.phase3_synthesis:init_browser:77 - Initializing Camoufox Browser (Headless Mode)...
2026-04-08 19:18:12.110 | ERROR    | pipeline.phase3_synthesis:process_method_file:194 - Lỗi AI API file 107374182561.json (Repo r8152): 'NoneType' object is not callable
2026-04-08 19:18:12.110 | INFO     | pipeline.phase3_synthesis:init_browser:77 - Initializing Camoufox Browser (Headless Mode)...
2026-04-08 19:18:12.110 | ERROR    | pipeline.phase3_synthesis:process_method_file:194 - Lỗi AI API file 107374182749.json (Repo r8152): 'NoneType' object is not callable
2026-04-08 19:18:12.110 | INFO     | pipeline.phase3_synthesis:init_browser:77 - Initializing Camoufox Browser (Headless Mode)...
2026-04-08 19:18:12.110 | ERROR    | pipeline.phase3_synthesis:process_method_file:194 - Lỗi AI API file 107374182438.json (Repo r8152): 'NoneType' object is not callable
2026-04-08 19:18:12.110 | INFO     | pipeline.phase3_synthesis:init_browser:77 - Initializing Camoufox Browser (Headless Mode)...
2026-04-08 19:18:12.110 | ERROR    | pipeline.phase3_synthesis:process_method_file:194 - Lỗi AI API file 107374182514.json (Repo r8152): 'NoneType' object is not callable
2026-04-08 19:18:12.110 | INFO     | pipeline.phase3_synthesis:init_browser:77 - Initializing Camoufox Browser (Headless Mode)...
2026-04-08 19:18:12.110 | ERROR    | pipeline.phase3_synthesis:process_method_file:194 - Lỗi AI API file 107374182750.json (Repo r8152): 'NoneType' object is not callable
2026-04-08 19:18:12.110 | INFO     | pipeline.phase3_synthesis:init_browser:77 - Initializing Camoufox Browser (Headless Mode)...
2026-04-08 19:18:12.110 | ERROR    | pipeline.phase3_synthesis:process_method_file:194 - Lỗi AI API file 107374182686.json (Repo r8152): 'NoneType' object is not callable
2026-04-08 19:18:12.110 | INFO     | pipeline.phase3_synthesis:init_browser:77 - Initializing Camoufox Browser (Headless Mode)...
2026-04-08 19:18:12.110 | ERROR    | pipeline.phase3_synthesis:process_method_file:194 - Lỗi AI API file 107374182506.json (Repo r8152): 'NoneType' object is not callable
2026-04-08 19:18:12.111 | INFO     | pipeline.phase3_synthesis:init_browser:77 - Initializing Camoufox Browser (Headless Mode)...
2026-04-08 19:18:12.111 | ERROR    | pipeline.phase3_synthesis:process_method_file:194 - Lỗi AI API file 107374182454.json (Repo r8152): 'NoneType' object is not callable
2026-04-08 19:18:12.111 | INFO     | pipeline.phase3_synthesis:init_browser:77 - Initializing Camoufox Browser (Headless Mode)...
2026-04-08 19:18:12.111 | ERROR    | pipeline.phase3_synthesis:process_method_file:194 - Lỗi AI API file 107374182493.json (Repo r8152): 'NoneType' object is not callable
2026-04-08 19:18:12.111 | INFO     | pipeline.phase3_synthesis:init_browser:77 - Initializing Camoufox Browser (Headless Mode)...
2026-04-08 19:18:12.111 | ERROR    | pipeline.phase3_synthesis:process_method_file:194 - Lỗi AI API file 107374182637.json (Repo r8152): 'NoneType' object is not callable
2026-04-08 19:18:12.111 | INFO     | pipeline.phase3_synthesis:init_browser:77 - Initializing Camoufox Browser (Headless Mode)...
2026-04-08 19:18:12.111 | ERROR    | pipeline.phase3_synthesis:process_method_file:194 - Lỗi AI API file 107374182682.json (Repo r8152): 'NoneType' object is not callable
2026-04-08 19:18:12.111 | INFO     | pipeline.phase3_synthesis:init_browser:77 - Initializing Camoufox Browser (Headless Mode)...
2026-04-08 19:18:12.111 | ERROR    | pipeline.phase3_synthesis:process_method_file:194 - Lỗi AI API file 107374182453.json (Repo r8152): 'NoneType' object is not callable
2026-04-08 19:18:12.111 | INFO     | pipeline.phase3_synthesis:init_browser:77 - Initializing Camoufox Browser (Headless Mode)...
2026-04-08 19:18:12.111 | ERROR    | pipeline.phase3_synthesis:process_method_file:194 - Lỗi AI API file 107374182496.json (Repo r8152): 'NoneType' object is not callable
2026-04-08 19:18:12.111 | INFO     | pipeline.phase3_synthesis:init_browser:77 - Initializing Camoufox Browser (Headless Mode)...
2026-04-08 19:18:12.112 | ERROR    | pipeline.phase3_synthesis:process_method_file:194 - Lỗi AI API file 107374182440.json (Repo r8152): 'NoneType' object is not callable
2026-04-08 19:18:12.112 | INFO     | pipeline.phase3_synthesis:init_browser:77 - Initializing Camoufox Browser (Headless Mode)...
2026-04-08 19:18:12.112 | ERROR    | pipeline.phase3_synthesis:process_method_file:194 - Lỗi AI API file 107374182445.json (Repo r8152): 'NoneType' object is not callable
2026-04-08 19:18:12.112 | INFO     | pipeline.phase3_synthesis:init_browser:77 - Initializing Camoufox Browser (Headless Mode)...
2026-04-08 19:18:12.112 | ERROR    | pipeline.phase3_synthesis:process_method_file:194 - Lỗi AI API file 107374182653.json (Repo r8152): 'NoneType' object is not callable
2026-04-08 19:18:12.112 | INFO     | pipeline.phase3_synthesis:init_browser:77 - Initializing Camoufox Browser (Headless Mode)...
2026-04-08 19:18:12.112 | ERROR    | pipeline.phase3_synthesis:process_method_file:194 - Lỗi AI API file 107374182455.json (Repo r8152): 'NoneType' object is not callable
2026-04-08 19:18:12.112 | INFO     | pipeline.phase3_synthesis:init_browser:77 - Initializing Camoufox Browser (Headless Mode)...
2026-04-08 19:18:12.112 | ERROR    | pipeline.phase3_synthesis:process_method_file:194 - Lỗi AI API file 107374182437.json (Repo r8152): 'NoneType' object is not callable
2026-04-08 19:18:12.112 | INFO     | pipeline.phase3_synthesis:init_browser:77 - Initializing Camoufox Browser (Headless Mode)...
2026-04-08 19:18:12.112 | ERROR    | pipeline.phase3_synthesis:process_method_file:194 - Lỗi AI API file 107374182457.json (Repo r8152): 'NoneType' object is not callable
2026-04-08 19:18:12.112 | INFO     | pipeline.phase3_synthesis:init_browser:77 - Initializing Camoufox Browser (Headless Mode)...
2026-04-08 19:18:12.112 | ERROR    | pipeline.phase3_synthesis:process_method_file:194 - Lỗi AI API file 107374182652.json (Repo r8152): 'NoneType' object is not callable
2026-04-08 19:18:12.113 | INFO     | pipeline.phase3_synthesis:init_browser:77 - Initializing Camoufox Browser (Headless Mode)...
2026-04-08 19:18:12.113 | ERROR    | pipeline.phase3_synthesis:process_method_file:194 - Lỗi AI API file 107374182423.json (Repo r8152): 'NoneType' object is not callable
2026-04-08 19:18:12.113 | INFO     | pipeline.phase3_synthesis:init_browser:77 - Initializing Camoufox Browser (Headless Mode)...
2026-04-08 19:18:12.113 | ERROR    | pipeline.phase3_synthesis:process_method_file:194 - Lỗi AI API file 107374182439.json (Repo r8152): 'NoneType' object is not callable
2026-04-08 19:18:12.113 | INFO     | pipeline.phase3_synthesis:init_browser:77 - Initializing Camoufox Browser (Headless Mode)...
2026-04-08 19:18:12.113 | ERROR    | pipeline.phase3_synthesis:process_method_file:194 - Lỗi AI API file 107374182441.json (Repo r8152): 'NoneType' object is not callable
2026-04-08 19:18:12.113 | INFO     | pipeline.phase3_synthesis:init_browser:77 - Initializing Camoufox Browser (Headless Mode)...
2026-04-08 19:18:12.113 | ERROR    | pipeline.phase3_synthesis:process_method_file:194 - Lỗi AI API file 107374182434.json (Repo r8152): 'NoneType' object is not callable
2026-04-08 19:18:12.113 | INFO     | pipeline.phase3_synthesis:init_browser:77 - Initializing Camoufox Browser (Headless Mode)...
2026-04-08 19:18:12.113 | ERROR    | pipeline.phase3_synthesis:process_method_file:194 - Lỗi AI API file 107374182494.json (Repo r8152): 'NoneType' object is not callable
2026-04-08 19:18:12.113 | INFO     | pipeline.phase3_synthesis:init_browser:77 - Initializing Camoufox Browser (Headless Mode)...
2026-04-08 19:18:12.113 | ERROR    | pipeline.phase3_synthesis:process_method_file:194 - Lỗi AI API file 107374182464.json (Repo r8152): 'NoneType' object is not callable
2026-04-08 19:18:12.113 | INFO     | pipeline.phase3_synthesis:init_browser:77 - Initializing Camoufox Browser (Headless Mode)...
2026-04-08 19:18:12.113 | ERROR    | pipeline.phase3_synthesis:process_method_file:194 - Lỗi AI API file 107374182432.json (Repo r8152): 'NoneType' object is not callable
2026-04-08 19:18:12.113 | INFO     | pipeline.phase3_synthesis:init_browser:77 - Initializing Camoufox Browser (Headless Mode)...
2026-04-08 19:18:12.114 | ERROR    | pipeline.phase3_synthesis:process_method_file:194 - Lỗi AI API file 107374182651.json (Repo r8152): 'NoneType' object is not callable
2026-04-08 19:18:12.114 | INFO     | pipeline.phase3_synthesis:init_browser:77 - Initializing Camoufox Browser (Headless Mode)...
2026-04-08 19:18:12.114 | ERROR    | pipeline.phase3_synthesis:process_method_file:194 - Lỗi AI API file 107374182444.json (Repo r8152): 'NoneType' object is not callable
2026-04-08 19:18:12.114 | INFO     | pipeline.phase3_synthesis:init_browser:77 - Initializing Camoufox Browser (Headless Mode)...
2026-04-08 19:18:12.114 | ERROR    | pipeline.phase3_synthesis:process_method_file:194 - Lỗi AI API file 107374182422.json (Repo r8152): 'NoneType' object is not callable
2026-04-08 19:18:12.114 | INFO     | pipeline.phase3_synthesis:init_browser:77 - Initializing Camoufox Browser (Headless Mode)...
2026-04-08 19:18:12.114 | ERROR    | pipeline.phase3_synthesis:process_method_file:194 - Lỗi AI API file 107374182447.json (Repo r8152): 'NoneType' object is not callable
2026-04-08 19:18:12.114 | INFO     | pipeline.phase3_synthesis:init_browser:77 - Initializing Camoufox Browser (Headless Mode)...
2026-04-08 19:18:12.114 | ERROR    | pipeline.phase3_synthesis:process_method_file:194 - Lỗi AI API file 107374182691.json (Repo r8152): 'NoneType' object is not callable
2026-04-08 19:18:12.114 | INFO     | pipeline.phase3_synthesis:init_browser:77 - Initializing Camoufox Browser (Headless Mode)...
2026-04-08 19:18:12.114 | ERROR    | pipeline.phase3_synthesis:process_method_file:194 - Lỗi AI API file 107374182603.json (Repo r8152): 'NoneType' object is not callable
2026-04-08 19:18:12.114 | INFO     | pipeline.phase3_synthesis:init_browser:77 - Initializing Camoufox Browser (Headless Mode)...
2026-04-08 19:18:12.114 | ERROR    | pipeline.phase3_synthesis:process_method_file:194 - Lỗi AI API file 107374182747.json (Repo r8152): 'NoneType' object is not callable
2026-04-08 19:18:12.114 | INFO     | pipeline.phase3_synthesis:init_browser:77 - Initializing Camoufox Browser (Headless Mode)...
2026-04-08 19:18:12.115 | ERROR    | pipeline.phase3_synthesis:process_method_file:194 - Lỗi AI API file 107374182678.json (Repo r8152): 'NoneType' object is not callable
2026-04-08 19:18:12.115 | INFO     | pipeline.phase3_synthesis:init_browser:77 - Initializing Camoufox Browser (Headless Mode)...
2026-04-08 19:18:12.115 | ERROR    | pipeline.phase3_synthesis:process_method_file:194 - Lỗi AI API file 107374182727.json (Repo r8152): 'NoneType' object is not callable
2026-04-08 19:18:12.115 | INFO     | pipeline.phase3_synthesis:init_browser:77 - Initializing Camoufox Browser (Headless Mode)...
2026-04-08 19:18:12.115 | ERROR    | pipeline.phase3_synthesis:process_method_file:194 - Lỗi AI API file 107374182449.json (Repo r8152): 'NoneType' object is not callable
2026-04-08 19:18:12.115 | INFO     | pipeline.phase3_synthesis:init_browser:77 - Initializing Camoufox Browser (Headless Mode)...
2026-04-08 19:18:12.115 | ERROR    | pipeline.phase3_synthesis:process_method_file:194 - Lỗi AI API file 107374182687.json (Repo r8152): 'NoneType' object is not callable
2026-04-08 19:18:12.115 | INFO     | pipeline.phase3_synthesis:init_browser:77 - Initializing Camoufox Browser (Headless Mode)...
2026-04-08 19:18:12.115 | ERROR    | pipeline.phase3_synthesis:process_method_file:194 - Lỗi AI API file 107374182448.json (Repo r8152): 'NoneType' object is not callable
2026-04-08 19:18:12.115 | INFO     | pipeline.phase3_synthesis:init_browser:77 - Initializing Camoufox Browser (Headless Mode)...
2026-04-08 19:18:12.115 | ERROR    | pipeline.phase3_synthesis:process_method_file:194 - Lỗi AI API file 107374182452.json (Repo r8152): 'NoneType' object is not callable
2026-04-08 19:18:12.115 | INFO     | pipeline.phase3_synthesis:init_browser:77 - Initializing Camoufox Browser (Headless Mode)...
2026-04-08 19:18:12.115 | ERROR    | pipeline.phase3_synthesis:process_method_file:194 - Lỗi AI API file 107374182450.json (Repo r8152): 'NoneType' object is not callable
2026-04-08 19:18:12.115 | INFO     | pipeline.phase3_synthesis:init_browser:77 - Initializing Camoufox Browser (Headless Mode)...
2026-04-08 19:18:12.115 | ERROR    | pipeline.phase3_synthesis:process_method_file:194 - Lỗi AI API file 107374182451.json (Repo r8152): 'NoneType' object is not callable
2026-04-08 19:18:12.116 | INFO     | pipeline.phase3_synthesis:init_browser:77 - Initializing Camoufox Browser (Headless Mode)...
2026-04-08 19:18:12.116 | ERROR    | pipeline.phase3_synthesis:process_method_file:194 - Lỗi AI API file 107374182693.json (Repo r8152): 'NoneType' object is not callable
2026-04-08 19:18:12.116 | INFO     | pipeline.phase3_synthesis:init_browser:77 - Initializing Camoufox Browser (Headless Mode)...
2026-04-08 19:18:12.116 | ERROR    | pipeline.phase3_synthesis:process_method_file:194 - Lỗi AI API file 107374182692.json (Repo r8152): 'NoneType' object is not callable
2026-04-08 19:18:12.116 | INFO     | pipeline.phase3_synthesis:init_browser:77 - Initializing Camoufox Browser (Headless Mode)...
2026-04-08 19:18:12.116 | ERROR    | pipeline.phase3_synthesis:process_method_file:194 - Lỗi AI API file 107374182679.json (Repo r8152): 'NoneType' object is not callable
2026-04-08 19:18:12.116 | INFO     | pipeline.phase3_synthesis:init_browser:77 - Initializing Camoufox Browser (Headless Mode)...
2026-04-08 19:18:12.116 | ERROR    | pipeline.phase3_synthesis:process_method_file:194 - Lỗi AI API file 107374182814.json (Repo r8152): 'NoneType' object is not callable
2026-04-08 19:18:12.116 | INFO     | pipeline.phase3_synthesis:init_browser:77 - Initializing Camoufox Browser (Headless Mode)...
2026-04-08 19:18:12.116 | ERROR    | pipeline.phase3_synthesis:process_method_file:194 - Lỗi AI API file 107374182689.json (Repo r8152): 'NoneType' object is not callable
2026-04-08 19:18:12.116 | INFO     | pipeline.phase3_synthesis:init_browser:77 - Initializing Camoufox Browser (Headless Mode)...
2026-04-08 19:18:12.116 | ERROR    | pipeline.phase3_synthesis:process_method_file:194 - Lỗi AI API file 107374182510.json (Repo r8152): 'NoneType' object is not callable
2026-04-08 19:18:12.116 | INFO     | pipeline.phase3_synthesis:init_browser:77 - Initializing Camoufox Browser (Headless Mode)...
2026-04-08 19:18:12.116 | ERROR    | pipeline.phase3_synthesis:process_method_file:194 - Lỗi AI API file 107374182491.json (Repo r8152): 'NoneType' object is not callable
2026-04-08 19:18:12.117 | INFO     | pipeline.phase3_synthesis:init_browser:77 - Initializing Camoufox Browser (Headless Mode)...
2026-04-08 19:18:12.117 | ERROR    | pipeline.phase3_synthesis:process_method_file:194 - Lỗi AI API file 107374182511.json (Repo r8152): 'NoneType' object is not callable
2026-04-08 19:18:12.117 | INFO     | pipeline.phase3_synthesis:init_browser:77 - Initializing Camoufox Browser (Headless Mode)...
2026-04-08 19:18:12.117 | ERROR    | pipeline.phase3_synthesis:process_method_file:194 - Lỗi AI API file 107374182616.json (Repo r8152): 'NoneType' object is not callable
2026-04-08 19:18:12.117 | INFO     | pipeline.phase3_synthesis:init_browser:77 - Initializing Camoufox Browser (Headless Mode)...
2026-04-08 19:18:12.117 | ERROR    | pipeline.phase3_synthesis:process_method_file:194 - Lỗi AI API file 107374182509.json (Repo r8152): 'NoneType' object is not callable
2026-04-08 19:18:12.117 | INFO     | pipeline.phase3_synthesis:init_browser:77 - Initializing Camoufox Browser (Headless Mode)...
2026-04-08 19:18:12.117 | ERROR    | pipeline.phase3_synthesis:process_method_file:194 - Lỗi AI API file 107374182776.json (Repo r8152): 'NoneType' object is not callable
2026-04-08 19:18:12.315 | INFO     | pipeline.phase3_synthesis:run_phase3_synthesis:263 - Hoàn thành Giai đoạn 3 (AI Synthesis).
2026-04-08 19:18:12.315 | INFO     | __main__:main:50 - >>> START PHASE 4: VALIDATION
2026-04-08 19:18:12.316 | INFO     | pipeline.phase4_validation:run_phase4_validation:57 - Phase 4: Bắt đầu Validating logic cho 41 repository.
2026-04-08 19:18:12.570 | INFO     | pipeline.phase4_validation:run_phase4_validation:100 - Hoàn thành Giai đoạn 4 (QA & Refinement).
2026-04-09 12:42:47.599 | INFO     | __main__:main:23 - 🔥 KHỞI CHẠY PIPELINE CODE SMELL (ASYNC & MULTIPROCESSING) 🔥
2026-04-09 12:42:47.599 | INFO     | __main__:main:24 - 🚀 Running in API mode for AI Labeling
2026-04-09 12:42:47.599 | INFO     | __main__:main:32 - >>> START PHASE 1: DATA ACQUISITION
2026-04-09 12:42:47.599 | INFO     | pipeline.phase1_acquisition:crawl_repositories:80 - Đang fetch repositories với query: language:java management system
2026-04-09 12:42:50.626 | ERROR    | pipeline.phase1_acquisition:fetch_repos_page:50 - Lỗi truy vấn GitHub: 401
2026-04-09 12:42:56.672 | ERROR    | pipeline.phase1_acquisition:fetch_repos_page:50 - Lỗi truy vấn GitHub: 401
2026-04-09 12:43:00.408 | WARNING  | __main__:<module>:59 - Pipeline bị dừng bởi người dùng.
2026-04-09 12:45:57.742 | INFO     | __main__:main:23 - 🔥 KHỞI CHẠY PIPELINE CODE SMELL (ASYNC & MULTIPROCESSING) 🔥
2026-04-09 12:45:57.743 | INFO     | __main__:main:24 - 🚀 Running in API mode for AI Labeling
2026-04-09 12:45:57.743 | INFO     | __main__:main:32 - >>> START PHASE 1: DATA ACQUISITION
2026-04-09 12:45:57.743 | INFO     | pipeline.phase1_acquisition:crawl_repositories:107 - Đang fetch repositories với query: language:java management system
2026-04-09 12:45:59.298 | ERROR    | pipeline.phase1_acquisition:fetch_repos_page:63 - Lỗi truy vấn GitHub: 401
2026-04-09 12:46:05.693 | ERROR    | pipeline.phase1_acquisition:fetch_repos_page:63 - Lỗi truy vấn GitHub: 401
2026-04-09 12:46:07.049 | WARNING  | __main__:<module>:59 - Pipeline bị dừng bởi người dùng.
2026-04-09 12:46:39.959 | INFO     | __main__:main:23 - 🔥 KHỞI CHẠY PIPELINE CODE SMELL (ASYNC & MULTIPROCESSING) 🔥
2026-04-09 12:46:39.959 | INFO     | __main__:main:24 - 🚀 Running in API mode for AI Labeling
2026-04-09 12:46:39.959 | INFO     | __main__:main:32 - >>> START PHASE 1: DATA ACQUISITION
2026-04-09 12:46:39.959 | INFO     | pipeline.phase1_acquisition:crawl_repositories:107 - Đang fetch repositories với query: language:java management system
2026-04-09 12:46:42.657 | ERROR    | pipeline.phase1_acquisition:fetch_repos_page:64 - Lỗi truy vấn GitHub: 401
2026-04-09 12:46:43.261 | WARNING  | __main__:<module>:59 - Pipeline bị dừng bởi người dùng.
2026-04-09 12:47:03.005 | INFO     | __main__:main:23 - 🔥 KHỞI CHẠY PIPELINE CODE SMELL (ASYNC & MULTIPROCESSING) 🔥
2026-04-09 12:47:03.006 | INFO     | __main__:main:24 - 🚀 Running in API mode for AI Labeling
2026-04-09 12:47:03.006 | INFO     | __main__:main:32 - >>> START PHASE 1: DATA ACQUISITION
2026-04-09 12:47:03.006 | INFO     | pipeline.phase1_acquisition:crawl_repositories:107 - Đang fetch repositories với query: language:java management system
2026-04-09 12:47:05.453 | ERROR    | pipeline.phase1_acquisition:fetch_repos_page:64 - Lỗi truy vấn GitHub: 401
2026-04-09 12:47:05.899 | WARNING  | __main__:<module>:59 - Pipeline bị dừng bởi người dùng.
2026-04-09 12:50:59.708 | INFO     | __main__:main:23 - 🔥 KHỞI CHẠY PIPELINE CODE SMELL (ASYNC & MULTIPROCESSING) 🔥
2026-04-09 12:50:59.709 | INFO     | __main__:main:24 - 🚀 Running in API mode for AI Labeling
2026-04-09 12:50:59.709 | INFO     | __main__:main:32 - >>> START PHASE 1: DATA ACQUISITION
2026-04-09 12:50:59.709 | INFO     | pipeline.phase1_acquisition:crawl_repositories:107 - Đang fetch repositories với query: language:java management system
2026-04-09 12:51:07.751 | INFO     | pipeline.phase1_acquisition:crawl_repositories:107 - Đang fetch repositories với query: language:java "web server" http
2026-04-09 12:51:14.096 | INFO     | pipeline.phase1_acquisition:crawl_repositories:107 - Đang fetch repositories với query: language:java database engine
2026-04-09 12:51:14.823 | WARNING  | __main__:<module>:59 - Pipeline bị dừng bởi người dùng.
2026-04-09 12:51:26.617 | INFO     | __main__:main:23 - 🔥 KHỞI CHẠY PIPELINE CODE SMELL (ASYNC & MULTIPROCESSING) 🔥
2026-04-09 12:51:26.617 | INFO     | __main__:main:24 - 🚀 Running in API mode for AI Labeling
2026-04-09 12:51:26.617 | INFO     | __main__:main:32 - >>> START PHASE 1: DATA ACQUISITION
2026-04-09 12:51:26.617 | INFO     | pipeline.phase1_acquisition:crawl_repositories:106 - Đang fetch repositories với query: language:java management system
2026-04-09 12:51:34.267 | INFO     | pipeline.phase1_acquisition:crawl_repositories:106 - Đang fetch repositories với query: language:java "web server" http
2026-04-09 12:51:41.098 | INFO     | pipeline.phase1_acquisition:crawl_repositories:106 - Đang fetch repositories với query: language:java database engine
2026-04-09 12:51:47.355 | INFO     | pipeline.phase1_acquisition:crawl_repositories:106 - Đang fetch repositories với query: language:C++ "game engine" graphics
2026-04-09 12:51:47.356 | INFO     | pipeline.phase1_acquisition:crawl_repositories:106 - Đang fetch repositories với query: language:C++ "operating system" kernel
2026-04-09 12:51:47.356 | INFO     | pipeline.phase1_acquisition:crawl_repositories:106 - Đang fetch repositories với query: language:C++ computer-vision library
2026-04-09 12:51:47.356 | INFO     | pipeline.phase1_acquisition:crawl_repositories:106 - Đang fetch repositories với query: language:C++ networking tool
2026-04-09 12:51:47.356 | INFO     | pipeline.phase1_acquisition:crawl_repositories:106 - Đang fetch repositories với query: language:C++ driver hardware
2026-04-09 12:51:47.356 | INFO     | pipeline.phase1_acquisition:crawl_repositories:143 - Hoàn thành crawl 10 repos.
2026-04-09 12:51:47.357 | INFO     | pipeline.phase1_acquisition:run_phase1_acquisition:180 - Bắt đầu clone các repo đã thu thập...
2026-04-09 12:51:47.357 | INFO     | pipeline.phase1_acquisition:clone_repository:149 - Đang shallow clone apollo...
2026-04-09 12:51:47.357 | INFO     | pipeline.phase1_acquisition:clone_repository:152 - Repo apollo đã tồn tại, skip clone.
2026-04-09 12:51:47.364 | INFO     | pipeline.phase1_acquisition:clone_repository:149 - Đang shallow clone pinpoint...
2026-04-09 12:51:47.365 | INFO     | pipeline.phase1_acquisition:clone_repository:152 - Repo pinpoint đã tồn tại, skip clone.
2026-04-09 12:51:47.370 | INFO     | pipeline.phase1_acquisition:clone_repository:149 - Đang shallow clone Activiti...
2026-04-09 12:51:47.371 | INFO     | pipeline.phase1_acquisition:clone_repository:152 - Repo Activiti đã tồn tại, skip clone.
2026-04-09 12:51:47.376 | INFO     | pipeline.phase1_acquisition:clone_repository:149 - Đang shallow clone flowable-engine...
2026-04-09 12:51:47.377 | INFO     | pipeline.phase1_acquisition:clone_repository:152 - Repo flowable-engine đã tồn tại, skip clone.
2026-04-09 12:51:47.383 | INFO     | pipeline.phase1_acquisition:clone_repository:149 - Đang shallow clone restcommander...
2026-04-09 12:51:47.383 | INFO     | pipeline.phase1_acquisition:clone_repository:152 - Repo restcommander đã tồn tại, skip clone.
2026-04-09 12:51:47.389 | INFO     | pipeline.phase1_acquisition:clone_repository:149 - Đang shallow clone DeepfakeHTTP...
2026-04-09 12:51:47.390 | INFO     | pipeline.phase1_acquisition:clone_repository:152 - Repo DeepfakeHTTP đã tồn tại, skip clone.
2026-04-09 12:51:47.395 | INFO     | pipeline.phase1_acquisition:clone_repository:149 - Đang shallow clone android-http-server...
2026-04-09 12:51:47.396 | INFO     | pipeline.phase1_acquisition:clone_repository:152 - Repo android-http-server đã tồn tại, skip clone.
2026-04-09 12:51:47.401 | INFO     | pipeline.phase1_acquisition:clone_repository:149 - Đang shallow clone fluent-http...
2026-04-09 12:51:47.402 | INFO     | pipeline.phase1_acquisition:clone_repository:152 - Repo fluent-http đã tồn tại, skip clone.
2026-04-09 12:51:47.407 | INFO     | pipeline.phase1_acquisition:clone_repository:149 - Đang shallow clone trino...
2026-04-09 12:51:47.407 | INFO     | pipeline.phase1_acquisition:clone_repository:152 - Repo trino đã tồn tại, skip clone.
2026-04-09 12:51:47.414 | INFO     | pipeline.phase1_acquisition:clone_repository:149 - Đang shallow clone starrocks...
2026-04-09 12:51:47.414 | INFO     | pipeline.phase1_acquisition:clone_repository:152 - Repo starrocks đã tồn tại, skip clone.
2026-04-09 12:51:47.420 | INFO     | pipeline.phase1_acquisition:run_phase1_acquisition:198 - Hoàn thành Giai đoạn 1 (Data Acquisition).
2026-04-09 12:51:47.421 | INFO     | __main__:main:38 - >>> START PHASE 2: ENGINEERING
2026-04-09 12:51:47.421 | INFO     | pipeline.phase2_engineering:run_phase2_engineering:148 - Phase 2: Bắt đầu xử lý 44 repository.
2026-04-09 12:51:47.502 | DEBUG    | pipeline.phase2_engineering:extract_features:88 - [C-Plus-Plus] Đang phân tích và ghi file: /home/lambda/lambda/code/pbl5-queries/temp_data/joern_C-Plus-Plus.json
2026-04-09 12:51:47.531 | ERROR    | pipeline.phase2_engineering:extract_features:110 - Lỗi extract joern cpgqls (có thể do OOM): Multiple exceptions: [Errno 111] Connect call failed ('::1', 9000, 0, 0), [Errno 111] Connect call failed ('127.0.0.1', 9000)
2026-04-09 12:51:47.543 | DEBUG    | pipeline.phase2_engineering:extract_features:88 - [cosmos] Đang phân tích và ghi file: /home/lambda/lambda/code/pbl5-queries/temp_data/joern_cosmos.json
2026-04-09 12:51:47.546 | ERROR    | pipeline.phase2_engineering:extract_features:110 - Lỗi extract joern cpgqls (có thể do OOM): Multiple exceptions: [Errno 111] Connect call failed ('::1', 9000, 0, 0), [Errno 111] Connect call failed ('127.0.0.1', 9000)
2026-04-09 12:51:47.560 | DEBUG    | pipeline.phase2_engineering:extract_features:88 - [MyTinySTL] Đang phân tích và ghi file: /home/lambda/lambda/code/pbl5-queries/temp_data/joern_MyTinySTL.json
2026-04-09 12:51:47.564 | ERROR    | pipeline.phase2_engineering:extract_features:110 - Lỗi extract joern cpgqls (có thể do OOM): Multiple exceptions: [Errno 111] Connect call failed ('::1', 9000, 0, 0), [Errno 111] Connect call failed ('127.0.0.1', 9000)
2026-04-09 12:51:47.576 | DEBUG    | pipeline.phase2_engineering:extract_features:88 - [trader] Đang phân tích và ghi file: /home/lambda/lambda/code/pbl5-queries/temp_data/joern_trader.json
2026-04-09 12:51:47.578 | ERROR    | pipeline.phase2_engineering:extract_features:110 - Lỗi extract joern cpgqls (có thể do OOM): Multiple exceptions: [Errno 111] Connect call failed ('::1', 9000, 0, 0), [Errno 111] Connect call failed ('127.0.0.1', 9000)
2026-04-09 12:51:47.592 | DEBUG    | pipeline.phase2_engineering:extract_features:88 - [tbox] Đang phân tích và ghi file: /home/lambda/lambda/code/pbl5-queries/temp_data/joern_tbox.json
2026-04-09 12:51:47.595 | ERROR    | pipeline.phase2_engineering:extract_features:110 - Lỗi extract joern cpgqls (có thể do OOM): Multiple exceptions: [Errno 111] Connect call failed ('::1', 9000, 0, 0), [Errno 111] Connect call failed ('127.0.0.1', 9000)
2026-04-09 12:51:47.608 | DEBUG    | pipeline.phase2_engineering:extract_features:88 - [klib] Đang phân tích và ghi file: /home/lambda/lambda/code/pbl5-queries/temp_data/joern_klib.json
2026-04-09 12:51:47.611 | ERROR    | pipeline.phase2_engineering:extract_features:110 - Lỗi extract joern cpgqls (có thể do OOM): Multiple exceptions: [Errno 111] Connect call failed ('::1', 9000, 0, 0), [Errno 111] Connect call failed ('127.0.0.1', 9000)
2026-04-09 12:51:47.625 | DEBUG    | pipeline.phase2_engineering:extract_features:88 - [BlackHole] Đang phân tích và ghi file: /home/lambda/lambda/code/pbl5-queries/temp_data/joern_BlackHole.json
2026-04-09 12:51:47.628 | ERROR    | pipeline.phase2_engineering:extract_features:110 - Lỗi extract joern cpgqls (có thể do OOM): Multiple exceptions: [Errno 111] Connect call failed ('::1', 9000, 0, 0), [Errno 111] Connect call failed ('127.0.0.1', 9000)
2026-04-09 12:51:47.641 | DEBUG    | pipeline.phase2_engineering:extract_features:88 - [winfsp] Đang phân tích và ghi file: /home/lambda/lambda/code/pbl5-queries/temp_data/joern_winfsp.json
2026-04-09 12:51:47.644 | ERROR    | pipeline.phase2_engineering:extract_features:110 - Lỗi extract joern cpgqls (có thể do OOM): Multiple exceptions: [Errno 111] Connect call failed ('::1', 9000, 0, 0), [Errno 111] Connect call failed ('127.0.0.1', 9000)
2026-04-09 12:51:47.656 | DEBUG    | pipeline.phase2_engineering:extract_features:88 - [dokany] Đang phân tích và ghi file: /home/lambda/lambda/code/pbl5-queries/temp_data/joern_dokany.json
2026-04-09 12:51:47.658 | ERROR    | pipeline.phase2_engineering:extract_features:110 - Lỗi extract joern cpgqls (có thể do OOM): Multiple exceptions: [Errno 111] Connect call failed ('::1', 9000, 0, 0), [Errno 111] Connect call failed ('127.0.0.1', 9000)
2026-04-09 12:51:47.671 | DEBUG    | pipeline.phase2_engineering:extract_features:88 - [openrazer] Đang phân tích và ghi file: /home/lambda/lambda/code/pbl5-queries/temp_data/joern_openrazer.json
2026-04-09 12:51:47.674 | ERROR    | pipeline.phase2_engineering:extract_features:110 - Lỗi extract joern cpgqls (có thể do OOM): Multiple exceptions: [Errno 111] Connect call failed ('::1', 9000, 0, 0), [Errno 111] Connect call failed ('127.0.0.1', 9000)
2026-04-09 12:51:47.686 | DEBUG    | pipeline.phase2_engineering:extract_features:88 - [ViGEmBus] Đang phân tích và ghi file: /home/lambda/lambda/code/pbl5-queries/temp_data/joern_ViGEmBus.json
2026-04-09 12:51:47.688 | ERROR    | pipeline.phase2_engineering:extract_features:110 - Lỗi extract joern cpgqls (có thể do OOM): Multiple exceptions: [Errno 111] Connect call failed ('::1', 9000, 0, 0), [Errno 111] Connect call failed ('127.0.0.1', 9000)
2026-04-09 12:51:47.701 | DEBUG    | pipeline.phase2_engineering:extract_features:88 - [psycopg2] Đang phân tích và ghi file: /home/lambda/lambda/code/pbl5-queries/temp_data/joern_psycopg2.json
2026-04-09 12:51:47.704 | ERROR    | pipeline.phase2_engineering:extract_features:110 - Lỗi extract joern cpgqls (có thể do OOM): Multiple exceptions: [Errno 111] Connect call failed ('::1', 9000, 0, 0), [Errno 111] Connect call failed ('127.0.0.1', 9000)
2026-04-09 12:51:47.717 | DEBUG    | pipeline.phase2_engineering:extract_features:88 - [TitanHide] Đang phân tích và ghi file: /home/lambda/lambda/code/pbl5-queries/temp_data/joern_TitanHide.json
2026-04-09 12:51:47.720 | ERROR    | pipeline.phase2_engineering:extract_features:110 - Lỗi extract joern cpgqls (có thể do OOM): Multiple exceptions: [Errno 111] Connect call failed ('::1', 9000, 0, 0), [Errno 111] Connect call failed ('127.0.0.1', 9000)
2026-04-09 12:51:47.733 | DEBUG    | pipeline.phase2_engineering:extract_features:88 - [keycloak] Đang phân tích và ghi file: /home/lambda/lambda/code/pbl5-queries/temp_data/joern_keycloak.json
2026-04-09 12:51:47.736 | ERROR    | pipeline.phase2_engineering:extract_features:110 - Lỗi extract joern cpgqls (có thể do OOM): Multiple exceptions: [Errno 111] Connect call failed ('::1', 9000, 0, 0), [Errno 111] Connect call failed ('127.0.0.1', 9000)
2026-04-09 12:51:47.750 | DEBUG    | pipeline.phase2_engineering:extract_features:88 - [nacos] Đang phân tích và ghi file: /home/lambda/lambda/code/pbl5-queries/temp_data/joern_nacos.json
2026-04-09 12:51:47.753 | ERROR    | pipeline.phase2_engineering:extract_features:110 - Lỗi extract joern cpgqls (có thể do OOM): Multiple exceptions: [Errno 111] Connect call failed ('::1', 9000, 0, 0), [Errno 111] Connect call failed ('127.0.0.1', 9000)
2026-04-09 12:51:47.765 | DEBUG    | pipeline.phase2_engineering:extract_features:88 - [apollo] Đang phân tích và ghi file: /home/lambda/lambda/code/pbl5-queries/temp_data/joern_apollo.json
2026-04-09 12:51:47.768 | ERROR    | pipeline.phase2_engineering:extract_features:110 - Lỗi extract joern cpgqls (có thể do OOM): Multiple exceptions: [Errno 111] Connect call failed ('::1', 9000, 0, 0), [Errno 111] Connect call failed ('127.0.0.1', 9000)
2026-04-09 12:51:47.781 | DEBUG    | pipeline.phase2_engineering:extract_features:88 - [thingsboard] Đang phân tích và ghi file: /home/lambda/lambda/code/pbl5-queries/temp_data/joern_thingsboard.json
2026-04-09 12:51:47.784 | ERROR    | pipeline.phase2_engineering:extract_features:110 - Lỗi extract joern cpgqls (có thể do OOM): Multiple exceptions: [Errno 111] Connect call failed ('::1', 9000, 0, 0), [Errno 111] Connect call failed ('127.0.0.1', 9000)
2026-04-09 12:51:47.797 | DEBUG    | pipeline.phase2_engineering:extract_features:88 - [ip2region] Đang phân tích và ghi file: /home/lambda/lambda/code/pbl5-queries/temp_data/joern_ip2region.json
2026-04-09 12:51:47.800 | ERROR    | pipeline.phase2_engineering:extract_features:110 - Lỗi extract joern cpgqls (có thể do OOM): Multiple exceptions: [Errno 111] Connect call failed ('::1', 9000, 0, 0), [Errno 111] Connect call failed ('127.0.0.1', 9000)
2026-04-09 12:51:47.812 | DEBUG    | pipeline.phase2_engineering:extract_features:88 - [pinpoint] Đang phân tích và ghi file: /home/lambda/lambda/code/pbl5-queries/temp_data/joern_pinpoint.json
2026-04-09 12:51:47.814 | ERROR    | pipeline.phase2_engineering:extract_features:110 - Lỗi extract joern cpgqls (có thể do OOM): Multiple exceptions: [Errno 111] Connect call failed ('::1', 9000, 0, 0), [Errno 111] Connect call failed ('127.0.0.1', 9000)
2026-04-09 12:51:47.827 | DEBUG    | pipeline.phase2_engineering:extract_features:88 - [kafka-ui] Đang phân tích và ghi file: /home/lambda/lambda/code/pbl5-queries/temp_data/joern_kafka-ui.json
2026-04-09 12:51:47.829 | ERROR    | pipeline.phase2_engineering:extract_features:110 - Lỗi extract joern cpgqls (có thể do OOM): Multiple exceptions: [Errno 111] Connect call failed ('::1', 9000, 0, 0), [Errno 111] Connect call failed ('127.0.0.1', 9000)
2026-04-09 12:51:47.843 | DEBUG    | pipeline.phase2_engineering:extract_features:88 - [Activiti] Đang phân tích và ghi file: /home/lambda/lambda/code/pbl5-queries/temp_data/joern_Activiti.json
2026-04-09 12:51:47.848 | ERROR    | pipeline.phase2_engineering:extract_features:110 - Lỗi extract joern cpgqls (có thể do OOM): Multiple exceptions: [Errno 111] Connect call failed ('::1', 9000, 0, 0), [Errno 111] Connect call failed ('127.0.0.1', 9000)
2026-04-09 12:51:47.861 | DEBUG    | pipeline.phase2_engineering:extract_features:88 - [flowable-engine] Đang phân tích và ghi file: /home/lambda/lambda/code/pbl5-queries/temp_data/joern_flowable-engine.json
2026-04-09 12:51:47.864 | ERROR    | pipeline.phase2_engineering:extract_features:110 - Lỗi extract joern cpgqls (có thể do OOM): Multiple exceptions: [Errno 111] Connect call failed ('::1', 9000, 0, 0), [Errno 111] Connect call failed ('127.0.0.1', 9000)
2026-04-09 12:51:47.878 | DEBUG    | pipeline.phase2_engineering:extract_features:88 - [graylog2-server] Đang phân tích và ghi file: /home/lambda/lambda/code/pbl5-queries/temp_data/joern_graylog2-server.json
2026-04-09 12:51:47.881 | ERROR    | pipeline.phase2_engineering:extract_features:110 - Lỗi extract joern cpgqls (có thể do OOM): Multiple exceptions: [Errno 111] Connect call failed ('::1', 9000, 0, 0), [Errno 111] Connect call failed ('127.0.0.1', 9000)
2026-04-09 12:51:47.896 | DEBUG    | pipeline.phase2_engineering:extract_features:88 - [pig] Đang phân tích và ghi file: /home/lambda/lambda/code/pbl5-queries/temp_data/joern_pig.json
2026-04-09 12:51:47.899 | ERROR    | pipeline.phase2_engineering:extract_features:110 - Lỗi extract joern cpgqls (có thể do OOM): Multiple exceptions: [Errno 111] Connect call failed ('::1', 9000, 0, 0), [Errno 111] Connect call failed ('127.0.0.1', 9000)
2026-04-09 12:51:47.911 | DEBUG    | pipeline.phase2_engineering:extract_features:88 - [Bastillion] Đang phân tích và ghi file: /home/lambda/lambda/code/pbl5-queries/temp_data/joern_Bastillion.json
2026-04-09 12:51:47.914 | ERROR    | pipeline.phase2_engineering:extract_features:110 - Lỗi extract joern cpgqls (có thể do OOM): Multiple exceptions: [Errno 111] Connect call failed ('::1', 9000, 0, 0), [Errno 111] Connect call failed ('127.0.0.1', 9000)
2026-04-09 12:51:47.926 | DEBUG    | pipeline.phase2_engineering:extract_features:88 - [restcommander] Đang phân tích và ghi file: /home/lambda/lambda/code/pbl5-queries/temp_data/joern_restcommander.json
2026-04-09 12:51:47.929 | ERROR    | pipeline.phase2_engineering:extract_features:110 - Lỗi extract joern cpgqls (có thể do OOM): Multiple exceptions: [Errno 111] Connect call failed ('::1', 9000, 0, 0), [Errno 111] Connect call failed ('127.0.0.1', 9000)
2026-04-09 12:51:47.943 | DEBUG    | pipeline.phase2_engineering:extract_features:88 - [DeepfakeHTTP] Đang phân tích và ghi file: /home/lambda/lambda/code/pbl5-queries/temp_data/joern_DeepfakeHTTP.json
2026-04-09 12:51:47.946 | ERROR    | pipeline.phase2_engineering:extract_features:110 - Lỗi extract joern cpgqls (có thể do OOM): Multiple exceptions: [Errno 111] Connect call failed ('::1', 9000, 0, 0), [Errno 111] Connect call failed ('127.0.0.1', 9000)
2026-04-09 12:51:47.958 | DEBUG    | pipeline.phase2_engineering:extract_features:88 - [android-http-server] Đang phân tích và ghi file: /home/lambda/lambda/code/pbl5-queries/temp_data/joern_android-http-server.json
2026-04-09 12:51:47.961 | ERROR    | pipeline.phase2_engineering:extract_features:110 - Lỗi extract joern cpgqls (có thể do OOM): Multiple exceptions: [Errno 111] Connect call failed ('::1', 9000, 0, 0), [Errno 111] Connect call failed ('127.0.0.1', 9000)
2026-04-09 12:51:47.974 | DEBUG    | pipeline.phase2_engineering:extract_features:88 - [fluent-http] Đang phân tích và ghi file: /home/lambda/lambda/code/pbl5-queries/temp_data/joern_fluent-http.json
2026-04-09 12:51:47.977 | ERROR    | pipeline.phase2_engineering:extract_features:110 - Lỗi extract joern cpgqls (có thể do OOM): Multiple exceptions: [Errno 111] Connect call failed ('::1', 9000, 0, 0), [Errno 111] Connect call failed ('127.0.0.1', 9000)
2026-04-09 12:51:47.989 | DEBUG    | pipeline.phase2_engineering:extract_features:88 - [trino] Đang phân tích và ghi file: /home/lambda/lambda/code/pbl5-queries/temp_data/joern_trino.json
2026-04-09 12:51:47.992 | ERROR    | pipeline.phase2_engineering:extract_features:110 - Lỗi extract joern cpgqls (có thể do OOM): Multiple exceptions: [Errno 111] Connect call failed ('::1', 9000, 0, 0), [Errno 111] Connect call failed ('127.0.0.1', 9000)
2026-04-09 12:51:48.005 | DEBUG    | pipeline.phase2_engineering:extract_features:88 - [starrocks] Đang phân tích và ghi file: /home/lambda/lambda/code/pbl5-queries/temp_data/joern_starrocks.json
2026-04-09 12:51:48.007 | ERROR    | pipeline.phase2_engineering:extract_features:110 - Lỗi extract joern cpgqls (có thể do OOM): Multiple exceptions: [Errno 111] Connect call failed ('::1', 9000, 0, 0), [Errno 111] Connect call failed ('127.0.0.1', 9000)
2026-04-09 12:51:48.020 | INFO     | pipeline.phase2_engineering:run_phase2_engineering:216 - Hoàn thành Giai đoạn 2 (Engineering).
2026-04-09 12:51:48.020 | INFO     | __main__:main:44 - >>> START PHASE 3: AI SYNTHESIS
2026-04-09 12:51:48.021 | INFO     | pipeline.phase3_synthesis:run_phase3_synthesis:200 - Không có Repos nào chờ AI Phase 3.
2026-04-09 12:51:48.021 | INFO     | __main__:main:50 - >>> START PHASE 4: VALIDATION
2026-04-09 12:51:48.021 | INFO     | pipeline.phase4_validation:run_phase4_validation:54 - Không có Repos nào chờ Phase 4.
2026-04-09 12:52:45.424 | INFO     | __main__:main:23 - 🔥 KHỞI CHẠY PIPELINE CODE SMELL (ASYNC & MULTIPROCESSING) 🔥
2026-04-09 12:52:45.425 | INFO     | __main__:main:24 - 🚀 Running in API mode for AI Labeling
2026-04-09 12:52:45.425 | INFO     | __main__:main:32 - >>> START PHASE 1: DATA ACQUISITION
2026-04-09 12:52:45.425 | INFO     | pipeline.phase1_acquisition:crawl_repositories:106 - Đang fetch repositories với query: language:java management system
2026-04-09 12:52:57.855 | INFO     | pipeline.phase1_acquisition:crawl_repositories:106 - Đang fetch repositories với query: language:java "web server" http
2026-04-09 12:53:04.673 | INFO     | pipeline.phase1_acquisition:crawl_repositories:106 - Đang fetch repositories với query: language:java database engine
2026-04-09 12:53:11.492 | INFO     | pipeline.phase1_acquisition:crawl_repositories:106 - Đang fetch repositories với query: language:C++ "game engine" graphics
2026-04-09 12:53:11.493 | INFO     | pipeline.phase1_acquisition:crawl_repositories:106 - Đang fetch repositories với query: language:C++ "operating system" kernel
2026-04-09 12:53:11.493 | INFO     | pipeline.phase1_acquisition:crawl_repositories:106 - Đang fetch repositories với query: language:C++ computer-vision library
2026-04-09 12:53:11.493 | INFO     | pipeline.phase1_acquisition:crawl_repositories:106 - Đang fetch repositories với query: language:C++ networking tool
2026-04-09 12:53:11.493 | INFO     | pipeline.phase1_acquisition:crawl_repositories:106 - Đang fetch repositories với query: language:C++ driver hardware
2026-04-09 12:53:11.494 | INFO     | pipeline.phase1_acquisition:crawl_repositories:143 - Hoàn thành crawl 10 repos.
2026-04-09 12:53:11.495 | INFO     | pipeline.phase1_acquisition:run_phase1_acquisition:180 - Bắt đầu clone các repo đã thu thập...
2026-04-09 12:53:11.495 | INFO     | pipeline.phase1_acquisition:clone_repository:149 - Đang shallow clone apollo...
2026-04-09 12:53:11.495 | INFO     | pipeline.phase1_acquisition:clone_repository:152 - Repo apollo đã tồn tại, skip clone.
2026-04-09 12:53:11.503 | INFO     | pipeline.phase1_acquisition:clone_repository:149 - Đang shallow clone pinpoint...
2026-04-09 12:53:11.504 | INFO     | pipeline.phase1_acquisition:clone_repository:152 - Repo pinpoint đã tồn tại, skip clone.
2026-04-09 12:53:11.510 | INFO     | pipeline.phase1_acquisition:clone_repository:149 - Đang shallow clone Activiti...
2026-04-09 12:53:11.510 | INFO     | pipeline.phase1_acquisition:clone_repository:152 - Repo Activiti đã tồn tại, skip clone.
2026-04-09 12:53:11.516 | INFO     | pipeline.phase1_acquisition:clone_repository:149 - Đang shallow clone flowable-engine...
2026-04-09 12:53:11.516 | INFO     | pipeline.phase1_acquisition:clone_repository:152 - Repo flowable-engine đã tồn tại, skip clone.
2026-04-09 12:53:11.521 | INFO     | pipeline.phase1_acquisition:clone_repository:149 - Đang shallow clone restcommander...
2026-04-09 12:53:11.522 | INFO     | pipeline.phase1_acquisition:clone_repository:152 - Repo restcommander đã tồn tại, skip clone.
2026-04-09 12:53:11.528 | INFO     | pipeline.phase1_acquisition:clone_repository:149 - Đang shallow clone DeepfakeHTTP...
2026-04-09 12:53:11.529 | INFO     | pipeline.phase1_acquisition:clone_repository:152 - Repo DeepfakeHTTP đã tồn tại, skip clone.
2026-04-09 12:53:11.535 | INFO     | pipeline.phase1_acquisition:clone_repository:149 - Đang shallow clone android-http-server...
2026-04-09 12:53:11.535 | INFO     | pipeline.phase1_acquisition:clone_repository:152 - Repo android-http-server đã tồn tại, skip clone.
2026-04-09 12:53:11.541 | INFO     | pipeline.phase1_acquisition:clone_repository:149 - Đang shallow clone fluent-http...
2026-04-09 12:53:11.541 | INFO     | pipeline.phase1_acquisition:clone_repository:152 - Repo fluent-http đã tồn tại, skip clone.
2026-04-09 12:53:11.547 | INFO     | pipeline.phase1_acquisition:clone_repository:149 - Đang shallow clone trino...
2026-04-09 12:53:11.547 | INFO     | pipeline.phase1_acquisition:clone_repository:152 - Repo trino đã tồn tại, skip clone.
2026-04-09 12:53:11.552 | INFO     | pipeline.phase1_acquisition:clone_repository:149 - Đang shallow clone starrocks...
2026-04-09 12:53:11.553 | INFO     | pipeline.phase1_acquisition:clone_repository:152 - Repo starrocks đã tồn tại, skip clone.
2026-04-09 12:53:11.559 | INFO     | pipeline.phase1_acquisition:run_phase1_acquisition:198 - Hoàn thành Giai đoạn 1 (Data Acquisition).
2026-04-09 12:53:11.559 | INFO     | __main__:main:38 - >>> START PHASE 2: ENGINEERING
2026-04-09 12:53:11.560 | INFO     | pipeline.phase2_engineering:run_phase2_engineering:162 - Phase 2: Bắt đầu xử lý 44 repository.
2026-04-09 12:53:11.633 | DEBUG    | pipeline.phase2_engineering:extract_features:92 - [C-Plus-Plus] Đang phân tích và ghi file: /home/lambda/lambda/code/pbl5-queries/temp_data/joern_C-Plus-Plus.json
2026-04-09 12:53:25.437 | DEBUG    | pipeline.phase2_engineering:extract_features:92 - [cosmos] Đang phân tích và ghi file: /home/lambda/lambda/code/pbl5-queries/temp_data/joern_cosmos.json
2026-04-09 12:53:25.437 | INFO     | pipeline.phase2_engineering:process_commit_history_worker:126 - [CPU Worker] Bắt đầu duyệt PyDriller trên: temp_data/C-Plus-Plus
2026-04-09 12:53:38.274 | DEBUG    | pipeline.phase2_engineering:extract_features:92 - [MyTinySTL] Đang phân tích và ghi file: /home/lambda/lambda/code/pbl5-queries/temp_data/joern_MyTinySTL.json
2026-04-09 12:53:38.275 | INFO     | pipeline.phase2_engineering:process_commit_history_worker:126 - [CPU Worker] Bắt đầu duyệt PyDriller trên: temp_data/cosmos
2026-04-09 12:53:49.157 | DEBUG    | pipeline.phase2_engineering:extract_features:92 - [trader] Đang phân tích và ghi file: /home/lambda/lambda/code/pbl5-queries/temp_data/joern_trader.json
2026-04-09 12:53:49.158 | INFO     | pipeline.phase2_engineering:process_commit_history_worker:126 - [CPU Worker] Bắt đầu duyệt PyDriller trên: temp_data/MyTinySTL
2026-04-09 12:53:55.277 | DEBUG    | pipeline.phase2_engineering:extract_features:92 - [tbox] Đang phân tích và ghi file: /home/lambda/lambda/code/pbl5-queries/temp_data/joern_tbox.json
2026-04-09 12:53:55.278 | INFO     | pipeline.phase2_engineering:process_commit_history_worker:126 - [CPU Worker] Bắt đầu duyệt PyDriller trên: temp_data/trader
2026-04-09 12:54:13.722 | DEBUG    | pipeline.phase2_engineering:extract_features:92 - [klib] Đang phân tích và ghi file: /home/lambda/lambda/code/pbl5-queries/temp_data/joern_klib.json
2026-04-09 12:54:13.723 | INFO     | pipeline.phase2_engineering:process_commit_history_worker:126 - [CPU Worker] Bắt đầu duyệt PyDriller trên: temp_data/tbox
2026-04-09 12:54:18.301 | DEBUG    | pipeline.phase2_engineering:extract_features:92 - [BlackHole] Đang phân tích và ghi file: /home/lambda/lambda/code/pbl5-queries/temp_data/joern_BlackHole.json
2026-04-09 12:54:18.301 | INFO     | pipeline.phase2_engineering:process_commit_history_worker:126 - [CPU Worker] Bắt đầu duyệt PyDriller trên: temp_data/klib
2026-04-09 12:54:21.516 | DEBUG    | pipeline.phase2_engineering:extract_features:92 - [winfsp] Đang phân tích và ghi file: /home/lambda/lambda/code/pbl5-queries/temp_data/joern_winfsp.json
2026-04-09 12:54:21.517 | INFO     | pipeline.phase2_engineering:process_commit_history_worker:126 - [CPU Worker] Bắt đầu duyệt PyDriller trên: temp_data/BlackHole
2026-04-09 12:54:30.755 | DEBUG    | pipeline.phase2_engineering:extract_features:92 - [dokany] Đang phân tích và ghi file: /home/lambda/lambda/code/pbl5-queries/temp_data/joern_dokany.json
2026-04-09 12:54:30.756 | INFO     | pipeline.phase2_engineering:process_commit_history_worker:126 - [CPU Worker] Bắt đầu duyệt PyDriller trên: temp_data/winfsp
2026-04-09 12:54:36.931 | DEBUG    | pipeline.phase2_engineering:extract_features:92 - [openrazer] Đang phân tích và ghi file: /home/lambda/lambda/code/pbl5-queries/temp_data/joern_openrazer.json
2026-04-09 12:54:36.932 | INFO     | pipeline.phase2_engineering:process_commit_history_worker:126 - [CPU Worker] Bắt đầu duyệt PyDriller trên: temp_data/dokany
2026-04-09 12:54:42.665 | DEBUG    | pipeline.phase2_engineering:extract_features:92 - [ViGEmBus] Đang phân tích và ghi file: /home/lambda/lambda/code/pbl5-queries/temp_data/joern_ViGEmBus.json
2026-04-09 12:54:42.666 | INFO     | pipeline.phase2_engineering:process_commit_history_worker:126 - [CPU Worker] Bắt đầu duyệt PyDriller trên: temp_data/openrazer
2026-04-09 12:54:45.435 | DEBUG    | pipeline.phase2_engineering:extract_features:92 - [psycopg2] Đang phân tích và ghi file: /home/lambda/lambda/code/pbl5-queries/temp_data/joern_psycopg2.json
2026-04-09 12:54:45.435 | INFO     | pipeline.phase2_engineering:process_commit_history_worker:126 - [CPU Worker] Bắt đầu duyệt PyDriller trên: temp_data/ViGEmBus
2026-04-09 12:54:49.735 | DEBUG    | pipeline.phase2_engineering:extract_features:92 - [TitanHide] Đang phân tích và ghi file: /home/lambda/lambda/code/pbl5-queries/temp_data/joern_TitanHide.json
2026-04-09 12:54:49.736 | INFO     | pipeline.phase2_engineering:process_commit_history_worker:126 - [CPU Worker] Bắt đầu duyệt PyDriller trên: temp_data/psycopg2
2026-04-09 12:54:53.995 | DEBUG    | pipeline.phase2_engineering:extract_features:92 - [keycloak] Đang phân tích và ghi file: /home/lambda/lambda/code/pbl5-queries/temp_data/joern_keycloak.json
2026-04-09 12:54:53.995 | INFO     | pipeline.phase2_engineering:process_commit_history_worker:126 - [CPU Worker] Bắt đầu duyệt PyDriller trên: temp_data/TitanHide
2026-04-09 12:56:04.379 | DEBUG    | pipeline.phase2_engineering:extract_features:92 - [nacos] Đang phân tích và ghi file: /home/lambda/lambda/code/pbl5-queries/temp_data/joern_nacos.json
2026-04-09 12:56:04.379 | INFO     | pipeline.phase2_engineering:process_commit_history_worker:126 - [CPU Worker] Bắt đầu duyệt PyDriller trên: temp_data/keycloak
2026-04-09 12:56:34.608 | DEBUG    | pipeline.phase2_engineering:extract_features:92 - [apollo] Đang phân tích và ghi file: /home/lambda/lambda/code/pbl5-queries/temp_data/joern_apollo.json
2026-04-09 12:56:34.609 | INFO     | pipeline.phase2_engineering:process_commit_history_worker:126 - [CPU Worker] Bắt đầu duyệt PyDriller trên: temp_data/nacos
2026-04-09 12:56:44.151 | DEBUG    | pipeline.phase2_engineering:extract_features:92 - [thingsboard] Đang phân tích và ghi file: /home/lambda/lambda/code/pbl5-queries/temp_data/joern_thingsboard.json
2026-04-09 12:56:44.151 | INFO     | pipeline.phase2_engineering:process_commit_history_worker:126 - [CPU Worker] Bắt đầu duyệt PyDriller trên: temp_data/apollo
2026-04-09 12:57:05.751 | DEBUG    | pipeline.phase2_engineering:extract_features:92 - [ip2region] Đang phân tích và ghi file: /home/lambda/lambda/code/pbl5-queries/temp_data/joern_ip2region.json
2026-04-09 12:57:09.289 | DEBUG    | pipeline.phase2_engineering:extract_features:92 - [pinpoint] Đang phân tích và ghi file: /home/lambda/lambda/code/pbl5-queries/temp_data/joern_pinpoint.json
2026-04-09 12:57:09.290 | INFO     | pipeline.phase2_engineering:process_commit_history_worker:126 - [CPU Worker] Bắt đầu duyệt PyDriller trên: temp_data/ip2region
2026-04-09 12:57:46.427 | DEBUG    | pipeline.phase2_engineering:extract_features:92 - [kafka-ui] Đang phân tích và ghi file: /home/lambda/lambda/code/pbl5-queries/temp_data/joern_kafka-ui.json
2026-04-09 12:57:46.427 | INFO     | pipeline.phase2_engineering:process_commit_history_worker:126 - [CPU Worker] Bắt đầu duyệt PyDriller trên: temp_data/pinpoint
2026-04-09 12:58:02.708 | DEBUG    | pipeline.phase2_engineering:extract_features:92 - [Activiti] Đang phân tích và ghi file: /home/lambda/lambda/code/pbl5-queries/temp_data/joern_Activiti.json
2026-04-09 12:58:02.709 | INFO     | pipeline.phase2_engineering:process_commit_history_worker:126 - [CPU Worker] Bắt đầu duyệt PyDriller trên: temp_data/kafka-ui
2026-04-09 12:58:27.503 | DEBUG    | pipeline.phase2_engineering:extract_features:92 - [flowable-engine] Đang phân tích và ghi file: /home/lambda/lambda/code/pbl5-queries/temp_data/joern_flowable-engine.json
2026-04-09 12:58:27.506 | INFO     | pipeline.phase2_engineering:process_commit_history_worker:126 - [CPU Worker] Bắt đầu duyệt PyDriller trên: temp_data/Activiti
2026-04-09 12:59:33.392 | DEBUG    | pipeline.phase2_engineering:extract_features:92 - [graylog2-server] Đang phân tích và ghi file: /home/lambda/lambda/code/pbl5-queries/temp_data/joern_graylog2-server.json
2026-04-09 12:59:33.395 | INFO     | pipeline.phase2_engineering:process_commit_history_worker:126 - [CPU Worker] Bắt đầu duyệt PyDriller trên: temp_data/flowable-engine
2026-04-09 13:00:26.195 | DEBUG    | pipeline.phase2_engineering:extract_features:92 - [pig] Đang phân tích và ghi file: /home/lambda/lambda/code/pbl5-queries/temp_data/joern_pig.json
2026-04-09 13:00:26.198 | INFO     | pipeline.phase2_engineering:process_commit_history_worker:126 - [CPU Worker] Bắt đầu duyệt PyDriller trên: temp_data/graylog2-server
2026-04-09 13:01:03.414 | DEBUG    | pipeline.phase2_engineering:extract_features:92 - [Bastillion] Đang phân tích và ghi file: /home/lambda/lambda/code/pbl5-queries/temp_data/joern_Bastillion.json
2026-04-09 13:01:09.122 | DEBUG    | pipeline.phase2_engineering:extract_features:92 - [restcommander] Đang phân tích và ghi file: /home/lambda/lambda/code/pbl5-queries/temp_data/joern_restcommander.json
2026-04-09 13:01:09.125 | INFO     | pipeline.phase2_engineering:process_commit_history_worker:126 - [CPU Worker] Bắt đầu duyệt PyDriller trên: temp_data/Bastillion
2026-04-09 13:01:47.253 | DEBUG    | pipeline.phase2_engineering:extract_features:92 - [DeepfakeHTTP] Đang phân tích và ghi file: /home/lambda/lambda/code/pbl5-queries/temp_data/joern_DeepfakeHTTP.json
2026-04-09 13:01:47.257 | INFO     | pipeline.phase2_engineering:process_commit_history_worker:126 - [CPU Worker] Bắt đầu duyệt PyDriller trên: temp_data/restcommander
2026-04-09 13:01:52.958 | DEBUG    | pipeline.phase2_engineering:extract_features:92 - [android-http-server] Đang phân tích và ghi file: /home/lambda/lambda/code/pbl5-queries/temp_data/joern_android-http-server.json
2026-04-09 13:01:52.961 | INFO     | pipeline.phase2_engineering:process_commit_history_worker:126 - [CPU Worker] Bắt đầu duyệt PyDriller trên: temp_data/DeepfakeHTTP
2026-04-09 13:01:57.993 | DEBUG    | pipeline.phase2_engineering:extract_features:92 - [fluent-http] Đang phân tích và ghi file: /home/lambda/lambda/code/pbl5-queries/temp_data/joern_fluent-http.json
2026-04-09 13:01:57.996 | INFO     | pipeline.phase2_engineering:process_commit_history_worker:126 - [CPU Worker] Bắt đầu duyệt PyDriller trên: temp_data/android-http-server
2026-04-09 13:02:03.328 | DEBUG    | pipeline.phase2_engineering:extract_features:92 - [trino] Đang phân tích và ghi file: /home/lambda/lambda/code/pbl5-queries/temp_data/joern_trino.json
2026-04-09 13:02:03.331 | INFO     | pipeline.phase2_engineering:process_commit_history_worker:126 - [CPU Worker] Bắt đầu duyệt PyDriller trên: temp_data/fluent-http
2026-04-09 13:02:47.368 | INFO     | pipeline.phase2_engineering:process_one:222 - Repo restcommander: Sinh 0 methods dataset qua Phase 2.
2026-04-09 13:04:39.583 | DEBUG    | pipeline.phase2_engineering:extract_features:92 - [starrocks] Đang phân tích và ghi file: /home/lambda/lambda/code/pbl5-queries/temp_data/joern_starrocks.json
2026-04-09 13:04:39.587 | INFO     | pipeline.phase2_engineering:process_commit_history_worker:126 - [CPU Worker] Bắt đầu duyệt PyDriller trên: temp_data/trino
2026-04-09 13:08:33.068 | INFO     | pipeline.phase2_engineering:process_commit_history_worker:126 - [CPU Worker] Bắt đầu duyệt PyDriller trên: temp_data/starrocks
2026-04-09 13:08:33.228 | INFO     | pipeline.phase2_engineering:run_phase2_engineering:232 - Hoàn thành Giai đoạn 2 (Engineering).
2026-04-09 13:08:33.230 | INFO     | __main__:main:44 - >>> START PHASE 3: AI SYNTHESIS
2026-04-09 13:08:33.231 | INFO     | pipeline.phase3_synthesis:run_phase3_synthesis:200 - Không có Repos nào chờ AI Phase 3.
2026-04-09 13:08:33.231 | INFO     | __main__:main:50 - >>> START PHASE 4: VALIDATION
2026-04-09 13:08:33.234 | INFO     | pipeline.phase4_validation:run_phase4_validation:54 - Không có Repos nào chờ Phase 4.
2026-04-09 13:36:25.225 | INFO     | __main__:main:23 - 🔥 KHỞI CHẠY PIPELINE CODE SMELL (ASYNC & MULTIPROCESSING) 🔥
2026-04-09 13:36:25.226 | INFO     | __main__:main:24 - 🚀 Running in WEB mode for AI Labeling
2026-04-09 13:36:25.226 | INFO     | __main__:main:32 - >>> START PHASE 1: DATA ACQUISITION
2026-04-09 13:36:25.226 | INFO     | pipeline.phase1_acquisition:crawl_repositories:106 - Đang fetch repositories với query: language:java management system
2026-04-09 13:36:30.404 | WARNING  | __main__:<module>:59 - Pipeline bị dừng bởi người dùng.
2026-04-09 13:39:24.321 | INFO     | __main__:main:23 - 🔥 KHỞI CHẠY PIPELINE CODE SMELL (ASYNC & MULTIPROCESSING) 🔥
2026-04-09 13:39:24.321 | INFO     | __main__:main:24 - 🚀 Running in WEB mode for AI Labeling
2026-04-09 13:39:24.322 | INFO     | __main__:main:32 - >>> START PHASE 1: DATA ACQUISITION
2026-04-09 13:39:24.322 | INFO     | pipeline.phase1_acquisition:crawl_repositories:106 - Đang fetch repositories với query: language:java management system
2026-04-09 13:39:36.049 | INFO     | pipeline.phase1_acquisition:crawl_repositories:106 - Đang fetch repositories với query: language:java "web server" http
2026-04-09 13:39:36.050 | INFO     | pipeline.phase1_acquisition:crawl_repositories:106 - Đang fetch repositories với query: language:java database engine
2026-04-09 13:39:36.050 | INFO     | pipeline.phase1_acquisition:crawl_repositories:106 - Đang fetch repositories với query: language:C++ "game engine" graphics
2026-04-09 13:39:36.050 | INFO     | pipeline.phase1_acquisition:crawl_repositories:106 - Đang fetch repositories với query: language:C++ "operating system" kernel
2026-04-09 13:39:36.050 | INFO     | pipeline.phase1_acquisition:crawl_repositories:106 - Đang fetch repositories với query: language:C++ computer-vision library
2026-04-09 13:39:36.050 | INFO     | pipeline.phase1_acquisition:crawl_repositories:106 - Đang fetch repositories với query: language:C++ networking tool
2026-04-09 13:39:36.050 | INFO     | pipeline.phase1_acquisition:crawl_repositories:106 - Đang fetch repositories với query: language:C++ driver hardware
2026-04-09 13:39:36.051 | INFO     | pipeline.phase1_acquisition:crawl_repositories:143 - Hoàn thành crawl 1 repos.
2026-04-09 13:39:36.052 | INFO     | pipeline.phase1_acquisition:run_phase1_acquisition:180 - Bắt đầu clone các repo đã thu thập...
2026-04-09 13:39:36.052 | INFO     | pipeline.phase1_acquisition:clone_repository:149 - Đang shallow clone apollo...
2026-04-09 13:39:36.052 | INFO     | pipeline.phase1_acquisition:clone_repository:152 - Repo apollo đã tồn tại, skip clone.
2026-04-09 13:39:36.060 | INFO     | pipeline.phase1_acquisition:run_phase1_acquisition:198 - Hoàn thành Giai đoạn 1 (Data Acquisition).
2026-04-09 13:39:36.061 | INFO     | __main__:main:38 - >>> START PHASE 2: ENGINEERING
2026-04-09 13:39:36.061 | INFO     | pipeline.phase2_engineering:run_phase2_engineering:162 - Phase 2: Bắt đầu xử lý 43 repository.
2026-04-09 13:39:36.139 | DEBUG    | pipeline.phase2_engineering:extract_features:92 - [C-Plus-Plus] Đang phân tích và ghi file: /home/lambda/lambda/code/pbl5-queries/temp_data/joern_C-Plus-Plus.json
2026-04-09 13:39:50.654 | DEBUG    | pipeline.phase2_engineering:extract_features:92 - [cosmos] Đang phân tích và ghi file: /home/lambda/lambda/code/pbl5-queries/temp_data/joern_cosmos.json
2026-04-09 13:39:50.656 | INFO     | pipeline.phase2_engineering:process_commit_history_worker:126 - [CPU Worker] Bắt đầu duyệt PyDriller trên: temp_data/C-Plus-Plus
2026-04-09 13:40:05.178 | DEBUG    | pipeline.phase2_engineering:extract_features:92 - [MyTinySTL] Đang phân tích và ghi file: /home/lambda/lambda/code/pbl5-queries/temp_data/joern_MyTinySTL.json
2026-04-09 13:40:05.179 | INFO     | pipeline.phase2_engineering:process_commit_history_worker:126 - [CPU Worker] Bắt đầu duyệt PyDriller trên: temp_data/cosmos
2026-04-09 13:40:09.873 | WARNING  | __main__:<module>:59 - Pipeline bị dừng bởi người dùng.
2026-04-09 13:40:20.095 | INFO     | __main__:main:23 - 🔥 KHỞI CHẠY PIPELINE CODE SMELL (ASYNC & MULTIPROCESSING) 🔥
2026-04-09 13:40:20.095 | INFO     | __main__:main:24 - 🚀 Running in WEB mode for AI Labeling
2026-04-09 13:40:20.095 | INFO     | __main__:main:32 - >>> START PHASE 1: DATA ACQUISITION
2026-04-09 13:40:20.096 | INFO     | pipeline.phase1_acquisition:crawl_repositories:106 - Đang fetch repositories với query: language:java management system
2026-04-09 13:40:29.275 | INFO     | pipeline.phase1_acquisition:crawl_repositories:106 - Đang fetch repositories với query: language:java "web server" http
2026-04-09 13:40:29.276 | INFO     | pipeline.phase1_acquisition:crawl_repositories:106 - Đang fetch repositories với query: language:java database engine
2026-04-09 13:40:29.276 | INFO     | pipeline.phase1_acquisition:crawl_repositories:106 - Đang fetch repositories với query: language:C++ "game engine" graphics
2026-04-09 13:40:29.276 | INFO     | pipeline.phase1_acquisition:crawl_repositories:106 - Đang fetch repositories với query: language:C++ "operating system" kernel
2026-04-09 13:40:29.276 | INFO     | pipeline.phase1_acquisition:crawl_repositories:106 - Đang fetch repositories với query: language:C++ computer-vision library
2026-04-09 13:40:29.276 | INFO     | pipeline.phase1_acquisition:crawl_repositories:106 - Đang fetch repositories với query: language:C++ networking tool
2026-04-09 13:40:29.276 | INFO     | pipeline.phase1_acquisition:crawl_repositories:106 - Đang fetch repositories với query: language:C++ driver hardware
2026-04-09 13:40:29.277 | INFO     | pipeline.phase1_acquisition:crawl_repositories:143 - Hoàn thành crawl 1 repos.
2026-04-09 13:40:29.278 | INFO     | pipeline.phase1_acquisition:run_phase1_acquisition:180 - Bắt đầu clone các repo đã thu thập...
2026-04-09 13:40:29.278 | INFO     | pipeline.phase1_acquisition:clone_repository:149 - Đang shallow clone apollo...
2026-04-09 13:40:29.278 | INFO     | pipeline.phase1_acquisition:clone_repository:152 - Repo apollo đã tồn tại, skip clone.
2026-04-09 13:40:29.292 | INFO     | pipeline.phase1_acquisition:run_phase1_acquisition:198 - Hoàn thành Giai đoạn 1 (Data Acquisition).
2026-04-09 13:40:29.292 | INFO     | __main__:main:38 - >>> START PHASE 2: ENGINEERING
2026-04-09 13:40:29.293 | INFO     | pipeline.phase2_engineering:run_phase2_engineering:162 - Phase 2: Bắt đầu xử lý 1 repository.
2026-04-09 13:40:29.295 | DEBUG    | pipeline.phase2_engineering:extract_features:92 - [apollo] Đang phân tích và ghi file: /home/lambda/lambda/code/pbl5-queries/temp_data/joern_apollo.json
2026-04-09 13:40:40.330 | INFO     | pipeline.phase2_engineering:process_commit_history_worker:126 - [CPU Worker] Bắt đầu duyệt PyDriller trên: temp_data/apollo
2026-04-09 13:40:40.368 | INFO     | pipeline.phase2_engineering:run_phase2_engineering:232 - Hoàn thành Giai đoạn 2 (Engineering).
2026-04-09 13:40:40.368 | INFO     | __main__:main:44 - >>> START PHASE 3: AI SYNTHESIS
2026-04-09 13:40:40.369 | INFO     | pipeline.phase3_synthesis:run_phase3_synthesis:206 - Phase 3: Bắt đầu gán nhãn cho 1 repository bằng chế độ: WEB
2026-04-09 13:40:40.369 | ERROR    | pipeline.phase3_synthesis:__init__:75 - Thư viện 'camoufox' chưa được cài đặt. Hãy chạy: pip install camoufox
2026-04-09 13:40:40.377 | INFO     | pipeline.phase3_synthesis:run_phase3_synthesis:272 - Hoàn thành Giai đoạn 3 (AI Synthesis).
2026-04-09 13:40:40.377 | INFO     | __main__:main:50 - >>> START PHASE 4: VALIDATION
2026-04-09 13:40:40.378 | INFO     | pipeline.phase4_validation:run_phase4_validation:57 - Phase 4: Bắt đầu Validating logic cho 1 repository.
2026-04-09 13:40:40.384 | INFO     | pipeline.phase4_validation:run_phase4_validation:100 - Hoàn thành Giai đoạn 4 (QA & Refinement).
2026-04-09 13:40:40.384 | INFO     | __main__:main:53 - 🎉 PIPELINE HOÀN TẤT! Dataset cuối cùng tại dataset_output/final_dataset.jsonl
2026-04-09 13:40:55.099 | INFO     | __main__:main:23 - 🔥 KHỞI CHẠY PIPELINE CODE SMELL (ASYNC & MULTIPROCESSING) 🔥
2026-04-09 13:40:55.100 | INFO     | __main__:main:24 - 🚀 Running in WEB mode for AI Labeling
2026-04-09 13:40:55.100 | INFO     | __main__:main:32 - >>> START PHASE 1: DATA ACQUISITION
2026-04-09 13:40:55.100 | INFO     | pipeline.phase1_acquisition:crawl_repositories:106 - Đang fetch repositories với query: language:java management system
2026-04-09 13:41:08.390 | INFO     | pipeline.phase1_acquisition:crawl_repositories:106 - Đang fetch repositories với query: language:java "web server" http
2026-04-09 13:41:08.391 | INFO     | pipeline.phase1_acquisition:crawl_repositories:106 - Đang fetch repositories với query: language:java database engine
2026-04-09 13:41:08.391 | INFO     | pipeline.phase1_acquisition:crawl_repositories:106 - Đang fetch repositories với query: language:C++ "game engine" graphics
2026-04-09 13:41:08.391 | INFO     | pipeline.phase1_acquisition:crawl_repositories:106 - Đang fetch repositories với query: language:C++ "operating system" kernel
2026-04-09 13:41:08.391 | INFO     | pipeline.phase1_acquisition:crawl_repositories:106 - Đang fetch repositories với query: language:C++ computer-vision library
2026-04-09 13:41:08.391 | INFO     | pipeline.phase1_acquisition:crawl_repositories:106 - Đang fetch repositories với query: language:C++ networking tool
2026-04-09 13:41:08.391 | INFO     | pipeline.phase1_acquisition:crawl_repositories:106 - Đang fetch repositories với query: language:C++ driver hardware
2026-04-09 13:41:08.392 | INFO     | pipeline.phase1_acquisition:crawl_repositories:143 - Hoàn thành crawl 1 repos.
2026-04-09 13:41:08.392 | INFO     | pipeline.phase1_acquisition:run_phase1_acquisition:180 - Bắt đầu clone các repo đã thu thập...
2026-04-09 13:41:08.392 | INFO     | pipeline.phase1_acquisition:clone_repository:149 - Đang shallow clone apollo...
2026-04-09 13:41:08.393 | INFO     | pipeline.phase1_acquisition:clone_repository:152 - Repo apollo đã tồn tại, skip clone.
2026-04-09 13:41:08.399 | INFO     | pipeline.phase1_acquisition:run_phase1_acquisition:198 - Hoàn thành Giai đoạn 1 (Data Acquisition).
2026-04-09 13:41:08.399 | INFO     | __main__:main:38 - >>> START PHASE 2: ENGINEERING
2026-04-09 13:41:08.399 | INFO     | pipeline.phase2_engineering:run_phase2_engineering:162 - Phase 2: Bắt đầu xử lý 1 repository.
2026-04-09 13:41:08.401 | DEBUG    | pipeline.phase2_engineering:extract_features:92 - [apollo] Đang phân tích và ghi file: /home/lambda/lambda/code/pbl5-queries/temp_data/joern_apollo.json
2026-04-09 13:41:17.920 | INFO     | pipeline.phase2_engineering:process_commit_history_worker:126 - [CPU Worker] Bắt đầu duyệt PyDriller trên: temp_data/apollo
2026-04-09 13:41:17.961 | INFO     | pipeline.phase2_engineering:run_phase2_engineering:232 - Hoàn thành Giai đoạn 2 (Engineering).
2026-04-09 13:41:17.961 | INFO     | __main__:main:44 - >>> START PHASE 3: AI SYNTHESIS
2026-04-09 13:41:17.962 | INFO     | pipeline.phase3_synthesis:run_phase3_synthesis:203 - Không có Repos nào chờ AI Phase 3.
2026-04-09 13:41:17.962 | INFO     | __main__:main:50 - >>> START PHASE 4: VALIDATION
2026-04-09 13:41:17.963 | INFO     | pipeline.phase4_validation:run_phase4_validation:54 - Không có Repos nào chờ Phase 4.
2026-04-09 13:41:17.963 | INFO     | __main__:main:53 - 🎉 PIPELINE HOÀN TẤT! Dataset cuối cùng tại dataset_output/final_dataset.jsonl
2026-04-09 13:43:34.652 | INFO     | __main__:main:23 - 🔥 KHỞI CHẠY PIPELINE CODE SMELL (ASYNC & MULTIPROCESSING) 🔥
2026-04-09 13:43:34.652 | INFO     | __main__:main:24 - 🚀 Running in WEB mode for AI Labeling
2026-04-09 13:43:34.652 | INFO     | __main__:main:32 - >>> START PHASE 1: DATA ACQUISITION
2026-04-09 13:43:34.652 | INFO     | pipeline.phase1_acquisition:crawl_repositories:106 - Đang fetch repositories với query: language:java management system
2026-04-09 13:43:52.449 | INFO     | pipeline.phase1_acquisition:crawl_repositories:106 - Đang fetch repositories với query: language:java "web server" http
2026-04-09 13:43:52.449 | INFO     | pipeline.phase1_acquisition:crawl_repositories:106 - Đang fetch repositories với query: language:java database engine
2026-04-09 13:43:52.449 | INFO     | pipeline.phase1_acquisition:crawl_repositories:106 - Đang fetch repositories với query: language:C++ "game engine" graphics
2026-04-09 13:43:52.450 | INFO     | pipeline.phase1_acquisition:crawl_repositories:106 - Đang fetch repositories với query: language:C++ "operating system" kernel
2026-04-09 13:43:52.450 | INFO     | pipeline.phase1_acquisition:crawl_repositories:106 - Đang fetch repositories với query: language:C++ computer-vision library
2026-04-09 13:43:52.450 | INFO     | pipeline.phase1_acquisition:crawl_repositories:106 - Đang fetch repositories với query: language:C++ networking tool
2026-04-09 13:43:52.450 | INFO     | pipeline.phase1_acquisition:crawl_repositories:106 - Đang fetch repositories với query: language:C++ driver hardware
2026-04-09 13:43:52.450 | INFO     | pipeline.phase1_acquisition:crawl_repositories:143 - Hoàn thành crawl 1 repos.
2026-04-09 13:43:52.450 | INFO     | pipeline.phase1_acquisition:run_phase1_acquisition:180 - Bắt đầu clone các repo đã thu thập...
2026-04-09 13:43:52.451 | INFO     | pipeline.phase1_acquisition:clone_repository:149 - Đang shallow clone apollo...
2026-04-09 13:46:23.294 | INFO     | pipeline.phase1_acquisition:clone_repository:168 - Clone apollo thành công.
2026-04-09 13:46:23.301 | INFO     | pipeline.phase1_acquisition:run_phase1_acquisition:198 - Hoàn thành Giai đoạn 1 (Data Acquisition).
2026-04-09 13:46:23.301 | INFO     | __main__:main:38 - >>> START PHASE 2: ENGINEERING
2026-04-09 13:46:23.302 | INFO     | pipeline.phase2_engineering:run_phase2_engineering:162 - Phase 2: Bắt đầu xử lý 1 repository.
2026-04-09 13:46:23.304 | DEBUG    | pipeline.phase2_engineering:extract_features:92 - [apollo] Đang phân tích và ghi file: /home/lambda/lambda/code/pbl5-queries/temp_data/joern_apollo.json
2026-04-09 13:46:36.239 | INFO     | pipeline.phase2_engineering:process_commit_history_worker:126 - [CPU Worker] Bắt đầu duyệt PyDriller trên: temp_data/apollo
2026-04-09 13:46:36.286 | INFO     | pipeline.phase2_engineering:run_phase2_engineering:232 - Hoàn thành Giai đoạn 2 (Engineering).
2026-04-09 13:46:36.286 | INFO     | __main__:main:44 - >>> START PHASE 3: AI SYNTHESIS
2026-04-09 13:46:36.287 | INFO     | pipeline.phase3_synthesis:run_phase3_synthesis:206 - Phase 3: Bắt đầu gán nhãn cho 1 repository bằng chế độ: WEB
2026-04-09 13:46:36.287 | ERROR    | pipeline.phase3_synthesis:__init__:75 - Thư viện 'camoufox' chưa được cài đặt. Hãy chạy: pip install camoufox
2026-04-09 13:46:36.294 | INFO     | pipeline.phase3_synthesis:run_phase3_synthesis:272 - Hoàn thành Giai đoạn 3 (AI Synthesis).
2026-04-09 13:46:36.295 | INFO     | __main__:main:50 - >>> START PHASE 4: VALIDATION
2026-04-09 13:46:36.295 | INFO     | pipeline.phase4_validation:run_phase4_validation:57 - Phase 4: Bắt đầu Validating logic cho 1 repository.
2026-04-09 13:46:36.302 | INFO     | pipeline.phase4_validation:run_phase4_validation:100 - Hoàn thành Giai đoạn 4 (QA & Refinement).
2026-04-09 13:46:36.302 | INFO     | __main__:main:53 - 🎉 PIPELINE HOÀN TẤT! Dataset cuối cùng tại dataset_output/final_dataset.jsonl
2026-04-09 13:48:25.304 | INFO     | __main__:main:23 - 🔥 KHỞI CHẠY PIPELINE CODE SMELL (ASYNC & MULTIPROCESSING) 🔥
2026-04-09 13:48:25.304 | INFO     | __main__:main:24 - 🚀 Running in WEB mode for AI Labeling
2026-04-09 13:48:25.304 | INFO     | __main__:main:32 - >>> START PHASE 1: DATA ACQUISITION
2026-04-09 13:48:25.304 | INFO     | pipeline.phase1_acquisition:crawl_repositories:106 - Đang fetch repositories với query: language:java management system
2026-04-09 13:48:34.396 | INFO     | pipeline.phase1_acquisition:crawl_repositories:106 - Đang fetch repositories với query: language:java "web server" http
2026-04-09 13:48:34.396 | INFO     | pipeline.phase1_acquisition:crawl_repositories:106 - Đang fetch repositories với query: language:java database engine
2026-04-09 13:48:34.396 | INFO     | pipeline.phase1_acquisition:crawl_repositories:106 - Đang fetch repositories với query: language:C++ "game engine" graphics
2026-04-09 13:48:34.397 | INFO     | pipeline.phase1_acquisition:crawl_repositories:106 - Đang fetch repositories với query: language:C++ "operating system" kernel
2026-04-09 13:48:34.397 | INFO     | pipeline.phase1_acquisition:crawl_repositories:106 - Đang fetch repositories với query: language:C++ computer-vision library
2026-04-09 13:48:34.397 | INFO     | pipeline.phase1_acquisition:crawl_repositories:106 - Đang fetch repositories với query: language:C++ networking tool
2026-04-09 13:48:34.397 | INFO     | pipeline.phase1_acquisition:crawl_repositories:106 - Đang fetch repositories với query: language:C++ driver hardware
2026-04-09 13:48:34.398 | INFO     | pipeline.phase1_acquisition:crawl_repositories:143 - Hoàn thành crawl 1 repos.
2026-04-09 13:48:34.399 | INFO     | pipeline.phase1_acquisition:run_phase1_acquisition:180 - Bắt đầu clone các repo đã thu thập...
2026-04-09 13:48:34.399 | INFO     | pipeline.phase1_acquisition:clone_repository:149 - Đang shallow clone apollo...
2026-04-09 13:48:34.399 | INFO     | pipeline.phase1_acquisition:clone_repository:152 - Repo apollo đã tồn tại, skip clone.
2026-04-09 13:48:34.406 | INFO     | pipeline.phase1_acquisition:run_phase1_acquisition:198 - Hoàn thành Giai đoạn 1 (Data Acquisition).
2026-04-09 13:48:34.406 | INFO     | __main__:main:38 - >>> START PHASE 2: ENGINEERING
2026-04-09 13:48:34.407 | INFO     | pipeline.phase2_engineering:run_phase2_engineering:162 - Phase 2: Bắt đầu xử lý 1 repository.
2026-04-09 13:48:34.409 | DEBUG    | pipeline.phase2_engineering:extract_features:92 - [apollo] Đang phân tích và ghi file: /home/lambda/lambda/code/pbl5-queries/temp_data/joern_apollo.json
2026-04-09 13:48:44.332 | INFO     | pipeline.phase2_engineering:process_commit_history_worker:126 - [CPU Worker] Bắt đầu duyệt PyDriller trên: temp_data/apollo
2026-04-09 13:48:44.370 | INFO     | pipeline.phase2_engineering:run_phase2_engineering:232 - Hoàn thành Giai đoạn 2 (Engineering).
2026-04-09 13:48:44.370 | INFO     | __main__:main:44 - >>> START PHASE 3: AI SYNTHESIS
2026-04-09 13:48:44.371 | INFO     | pipeline.phase3_synthesis:run_phase3_synthesis:203 - Không có Repos nào chờ AI Phase 3.
2026-04-09 13:48:44.371 | INFO     | __main__:main:50 - >>> START PHASE 4: VALIDATION
2026-04-09 13:48:44.371 | INFO     | pipeline.phase4_validation:run_phase4_validation:54 - Không có Repos nào chờ Phase 4.
2026-04-09 13:48:44.372 | INFO     | __main__:main:53 - 🎉 PIPELINE HOÀN TẤT! Dataset cuối cùng tại dataset_output/final_dataset.jsonl
2026-04-09 13:49:08.889 | INFO     | __main__:main:23 - 🔥 KHỞI CHẠY PIPELINE CODE SMELL (ASYNC & MULTIPROCESSING) 🔥
2026-04-09 13:49:08.889 | INFO     | __main__:main:24 - 🚀 Running in WEB mode for AI Labeling
2026-04-09 13:49:08.889 | INFO     | __main__:main:32 - >>> START PHASE 1: DATA ACQUISITION
2026-04-09 13:49:08.889 | INFO     | pipeline.phase1_acquisition:crawl_repositories:106 - Đang fetch repositories với query: language:java management system
2026-04-09 13:49:20.734 | INFO     | pipeline.phase1_acquisition:crawl_repositories:106 - Đang fetch repositories với query: language:java "web server" http
2026-04-09 13:49:20.735 | INFO     | pipeline.phase1_acquisition:crawl_repositories:106 - Đang fetch repositories với query: language:java database engine
2026-04-09 13:49:20.735 | INFO     | pipeline.phase1_acquisition:crawl_repositories:106 - Đang fetch repositories với query: language:C++ "game engine" graphics
2026-04-09 13:49:20.735 | INFO     | pipeline.phase1_acquisition:crawl_repositories:106 - Đang fetch repositories với query: language:C++ "operating system" kernel
2026-04-09 13:49:20.735 | INFO     | pipeline.phase1_acquisition:crawl_repositories:106 - Đang fetch repositories với query: language:C++ computer-vision library
2026-04-09 13:49:20.735 | INFO     | pipeline.phase1_acquisition:crawl_repositories:106 - Đang fetch repositories với query: language:C++ networking tool
2026-04-09 13:49:20.735 | INFO     | pipeline.phase1_acquisition:crawl_repositories:106 - Đang fetch repositories với query: language:C++ driver hardware
2026-04-09 13:49:20.737 | INFO     | pipeline.phase1_acquisition:crawl_repositories:143 - Hoàn thành crawl 1 repos.
2026-04-09 13:49:20.738 | INFO     | pipeline.phase1_acquisition:run_phase1_acquisition:180 - Bắt đầu clone các repo đã thu thập...
2026-04-09 13:49:20.738 | INFO     | pipeline.phase1_acquisition:clone_repository:149 - Đang shallow clone apollo...
2026-04-09 13:49:20.738 | INFO     | pipeline.phase1_acquisition:clone_repository:152 - Repo apollo đã tồn tại, skip clone.
2026-04-09 13:49:20.760 | INFO     | pipeline.phase1_acquisition:run_phase1_acquisition:198 - Hoàn thành Giai đoạn 1 (Data Acquisition).
2026-04-09 13:49:20.760 | INFO     | __main__:main:38 - >>> START PHASE 2: ENGINEERING
2026-04-09 13:49:20.760 | INFO     | pipeline.phase2_engineering:run_phase2_engineering:162 - Phase 2: Bắt đầu xử lý 1 repository.
2026-04-09 13:49:20.762 | DEBUG    | pipeline.phase2_engineering:extract_features:92 - [apollo] Đang phân tích và ghi file: /home/lambda/lambda/code/pbl5-queries/temp_data/joern_apollo.json
2026-04-09 13:49:30.244 | INFO     | pipeline.phase2_engineering:process_commit_history_worker:126 - [CPU Worker] Bắt đầu duyệt PyDriller trên: temp_data/apollo
2026-04-09 13:49:30.285 | INFO     | pipeline.phase2_engineering:run_phase2_engineering:232 - Hoàn thành Giai đoạn 2 (Engineering).
2026-04-09 13:49:30.285 | INFO     | __main__:main:44 - >>> START PHASE 3: AI SYNTHESIS
2026-04-09 13:49:30.286 | INFO     | pipeline.phase3_synthesis:run_phase3_synthesis:206 - Phase 3: Bắt đầu gán nhãn cho 1 repository bằng chế độ: WEB
2026-04-09 13:49:30.293 | INFO     | pipeline.phase3_synthesis:run_phase3_synthesis:272 - Hoàn thành Giai đoạn 3 (AI Synthesis).
2026-04-09 13:49:30.293 | INFO     | __main__:main:50 - >>> START PHASE 4: VALIDATION
2026-04-09 13:49:30.294 | INFO     | pipeline.phase4_validation:run_phase4_validation:57 - Phase 4: Bắt đầu Validating logic cho 1 repository.
2026-04-09 13:49:30.299 | INFO     | pipeline.phase4_validation:run_phase4_validation:100 - Hoàn thành Giai đoạn 4 (QA & Refinement).
2026-04-09 13:49:30.300 | INFO     | __main__:main:53 - 🎉 PIPELINE HOÀN TẤT! Dataset cuối cùng tại dataset_output/final_dataset.jsonl
2026-04-09 13:51:09.031 | INFO     | __main__:main:23 - 🔥 KHỞI CHẠY PIPELINE CODE SMELL (ASYNC & MULTIPROCESSING) 🔥
2026-04-09 13:51:09.032 | INFO     | __main__:main:24 - 🚀 Running in WEB mode for AI Labeling
2026-04-09 13:51:09.032 | INFO     | __main__:main:32 - >>> START PHASE 1: DATA ACQUISITION
2026-04-09 13:51:09.033 | INFO     | pipeline.phase1_acquisition:crawl_repositories:106 - Đang fetch repositories với query: language:java management system
2026-04-09 13:51:17.624 | INFO     | pipeline.phase1_acquisition:crawl_repositories:106 - Đang fetch repositories với query: language:java "web server" http
2026-04-09 13:51:17.624 | INFO     | pipeline.phase1_acquisition:crawl_repositories:106 - Đang fetch repositories với query: language:java database engine
2026-04-09 13:51:17.624 | INFO     | pipeline.phase1_acquisition:crawl_repositories:106 - Đang fetch repositories với query: language:C++ "game engine" graphics
2026-04-09 13:51:17.624 | INFO     | pipeline.phase1_acquisition:crawl_repositories:106 - Đang fetch repositories với query: language:C++ "operating system" kernel
2026-04-09 13:51:17.624 | INFO     | pipeline.phase1_acquisition:crawl_repositories:106 - Đang fetch repositories với query: language:C++ computer-vision library
2026-04-09 13:51:17.625 | INFO     | pipeline.phase1_acquisition:crawl_repositories:106 - Đang fetch repositories với query: language:C++ networking tool
2026-04-09 13:51:17.625 | INFO     | pipeline.phase1_acquisition:crawl_repositories:106 - Đang fetch repositories với query: language:C++ driver hardware
2026-04-09 13:51:17.625 | INFO     | pipeline.phase1_acquisition:crawl_repositories:143 - Hoàn thành crawl 1 repos.
2026-04-09 13:51:17.625 | INFO     | pipeline.phase1_acquisition:run_phase1_acquisition:180 - Bắt đầu clone các repo đã thu thập...
2026-04-09 13:51:17.626 | INFO     | pipeline.phase1_acquisition:clone_repository:149 - Đang shallow clone apollo...
2026-04-09 13:51:17.626 | INFO     | pipeline.phase1_acquisition:clone_repository:152 - Repo apollo đã tồn tại, skip clone.
2026-04-09 13:51:17.632 | INFO     | pipeline.phase1_acquisition:run_phase1_acquisition:198 - Hoàn thành Giai đoạn 1 (Data Acquisition).
2026-04-09 13:51:17.633 | INFO     | __main__:main:38 - >>> START PHASE 2: ENGINEERING
2026-04-09 13:51:17.633 | INFO     | pipeline.phase2_engineering:run_phase2_engineering:162 - Phase 2: Bắt đầu xử lý 1 repository.
2026-04-09 13:51:17.634 | DEBUG    | pipeline.phase2_engineering:extract_features:92 - [apollo] Đang phân tích và ghi file: /home/lambda/lambda/code/pbl5-queries/temp_data/joern_apollo.json
2026-04-09 13:51:27.377 | INFO     | pipeline.phase2_engineering:process_commit_history_worker:126 - [CPU Worker] Bắt đầu duyệt PyDriller trên: temp_data/apollo
2026-04-09 13:51:27.418 | INFO     | pipeline.phase2_engineering:run_phase2_engineering:232 - Hoàn thành Giai đoạn 2 (Engineering).
2026-04-09 13:51:27.419 | INFO     | __main__:main:44 - >>> START PHASE 3: AI SYNTHESIS
2026-04-09 13:51:27.419 | INFO     | pipeline.phase3_synthesis:run_phase3_synthesis:206 - Phase 3: Bắt đầu gán nhãn cho 1 repository bằng chế độ: WEB
2026-04-09 13:51:27.426 | INFO     | pipeline.phase3_synthesis:run_phase3_synthesis:272 - Hoàn thành Giai đoạn 3 (AI Synthesis).
2026-04-09 13:51:27.427 | INFO     | __main__:main:50 - >>> START PHASE 4: VALIDATION
2026-04-09 13:51:27.427 | INFO     | pipeline.phase4_validation:run_phase4_validation:57 - Phase 4: Bắt đầu Validating logic cho 1 repository.
2026-04-09 13:51:27.434 | INFO     | pipeline.phase4_validation:run_phase4_validation:100 - Hoàn thành Giai đoạn 4 (QA & Refinement).
2026-04-09 13:51:27.434 | INFO     | __main__:main:53 - 🎉 PIPELINE HOÀN TẤT! Dataset cuối cùng tại dataset_output/final_dataset.jsonl
2026-04-09 13:51:54.373 | INFO     | __main__:main:23 - 🔥 KHỞI CHẠY PIPELINE CODE SMELL (ASYNC & MULTIPROCESSING) 🔥
2026-04-09 13:51:54.373 | INFO     | __main__:main:24 - 🚀 Running in WEB mode for AI Labeling
2026-04-09 13:51:54.373 | INFO     | __main__:main:32 - >>> START PHASE 1: DATA ACQUISITION
2026-04-09 13:51:54.373 | INFO     | pipeline.phase1_acquisition:crawl_repositories:106 - Đang fetch repositories với query: language:java management system
2026-04-09 13:52:04.658 | INFO     | pipeline.phase1_acquisition:crawl_repositories:106 - Đang fetch repositories với query: language:java "web server" http
2026-04-09 13:52:04.658 | INFO     | pipeline.phase1_acquisition:crawl_repositories:106 - Đang fetch repositories với query: language:java database engine
2026-04-09 13:52:04.658 | INFO     | pipeline.phase1_acquisition:crawl_repositories:106 - Đang fetch repositories với query: language:C++ "game engine" graphics
2026-04-09 13:52:04.658 | INFO     | pipeline.phase1_acquisition:crawl_repositories:106 - Đang fetch repositories với query: language:C++ "operating system" kernel
2026-04-09 13:52:04.658 | INFO     | pipeline.phase1_acquisition:crawl_repositories:106 - Đang fetch repositories với query: language:C++ computer-vision library
2026-04-09 13:52:04.658 | INFO     | pipeline.phase1_acquisition:crawl_repositories:106 - Đang fetch repositories với query: language:C++ networking tool
2026-04-09 13:52:04.658 | INFO     | pipeline.phase1_acquisition:crawl_repositories:106 - Đang fetch repositories với query: language:C++ driver hardware
2026-04-09 13:52:04.659 | INFO     | pipeline.phase1_acquisition:crawl_repositories:143 - Hoàn thành crawl 1 repos.
2026-04-09 13:52:04.659 | INFO     | pipeline.phase1_acquisition:run_phase1_acquisition:180 - Bắt đầu clone các repo đã thu thập...
2026-04-09 13:52:04.659 | INFO     | pipeline.phase1_acquisition:clone_repository:149 - Đang shallow clone apollo...
2026-04-09 13:52:04.659 | INFO     | pipeline.phase1_acquisition:clone_repository:152 - Repo apollo đã tồn tại, skip clone.
2026-04-09 13:52:04.667 | INFO     | pipeline.phase1_acquisition:run_phase1_acquisition:198 - Hoàn thành Giai đoạn 1 (Data Acquisition).
2026-04-09 13:52:04.667 | INFO     | __main__:main:38 - >>> START PHASE 2: ENGINEERING
2026-04-09 13:52:04.667 | INFO     | pipeline.phase2_engineering:run_phase2_engineering:162 - Phase 2: Bắt đầu xử lý 1 repository.
2026-04-09 13:52:04.669 | DEBUG    | pipeline.phase2_engineering:extract_features:92 - [apollo] Đang phân tích và ghi file: /home/lambda/lambda/code/pbl5-queries/temp_data/joern_apollo.json
2026-04-09 13:52:15.290 | INFO     | pipeline.phase2_engineering:process_commit_history_worker:126 - [CPU Worker] Bắt đầu duyệt PyDriller trên: temp_data/apollo
2026-04-09 13:52:15.334 | INFO     | pipeline.phase2_engineering:run_phase2_engineering:232 - Hoàn thành Giai đoạn 2 (Engineering).
2026-04-09 13:52:15.335 | INFO     | __main__:main:44 - >>> START PHASE 3: AI SYNTHESIS
2026-04-09 13:52:15.336 | INFO     | pipeline.phase3_synthesis:run_phase3_synthesis:206 - Phase 3: Bắt đầu gán nhãn cho 1 repository bằng chế độ: WEB
2026-04-09 13:52:15.343 | INFO     | pipeline.phase3_synthesis:run_phase3_synthesis:272 - Hoàn thành Giai đoạn 3 (AI Synthesis).
2026-04-09 13:52:15.343 | INFO     | __main__:main:50 - >>> START PHASE 4: VALIDATION
2026-04-09 13:52:15.344 | INFO     | pipeline.phase4_validation:run_phase4_validation:57 - Phase 4: Bắt đầu Validating logic cho 1 repository.
2026-04-09 13:52:15.350 | INFO     | pipeline.phase4_validation:run_phase4_validation:100 - Hoàn thành Giai đoạn 4 (QA & Refinement).
2026-04-09 13:52:15.350 | INFO     | __main__:main:53 - 🎉 PIPELINE HOÀN TẤT! Dataset cuối cùng tại dataset_output/final_dataset.jsonl
2026-04-09 13:56:31.745 | INFO     | __main__:main:23 - 🔥 KHỞI CHẠY PIPELINE CODE SMELL (ASYNC & MULTIPROCESSING) 🔥
2026-04-09 13:56:31.745 | INFO     | __main__:main:24 - 🚀 Running in WEB mode for AI Labeling
2026-04-09 13:56:31.745 | INFO     | __main__:main:32 - >>> START PHASE 1: DATA ACQUISITION
2026-04-09 13:56:31.745 | INFO     | pipeline.phase1_acquisition:crawl_repositories:106 - Đang fetch repositories với query: language:java management system
2026-04-09 13:56:42.173 | INFO     | pipeline.phase1_acquisition:crawl_repositories:106 - Đang fetch repositories với query: language:java "web server" http
2026-04-09 13:56:42.174 | INFO     | pipeline.phase1_acquisition:crawl_repositories:106 - Đang fetch repositories với query: language:java database engine
2026-04-09 13:56:42.174 | INFO     | pipeline.phase1_acquisition:crawl_repositories:106 - Đang fetch repositories với query: language:C++ "game engine" graphics
2026-04-09 13:56:42.174 | INFO     | pipeline.phase1_acquisition:crawl_repositories:106 - Đang fetch repositories với query: language:C++ "operating system" kernel
2026-04-09 13:56:42.174 | INFO     | pipeline.phase1_acquisition:crawl_repositories:106 - Đang fetch repositories với query: language:C++ computer-vision library
2026-04-09 13:56:42.174 | INFO     | pipeline.phase1_acquisition:crawl_repositories:106 - Đang fetch repositories với query: language:C++ networking tool
2026-04-09 13:56:42.174 | INFO     | pipeline.phase1_acquisition:crawl_repositories:106 - Đang fetch repositories với query: language:C++ driver hardware
2026-04-09 13:56:42.175 | INFO     | pipeline.phase1_acquisition:crawl_repositories:143 - Hoàn thành crawl 1 repos.
2026-04-09 13:56:42.175 | INFO     | pipeline.phase1_acquisition:run_phase1_acquisition:180 - Bắt đầu clone các repo đã thu thập...
2026-04-09 13:56:42.175 | INFO     | pipeline.phase1_acquisition:clone_repository:149 - Đang shallow clone apollo...
2026-04-09 13:56:42.175 | INFO     | pipeline.phase1_acquisition:clone_repository:152 - Repo apollo đã tồn tại, skip clone.
2026-04-09 13:56:42.182 | INFO     | pipeline.phase1_acquisition:run_phase1_acquisition:198 - Hoàn thành Giai đoạn 1 (Data Acquisition).
2026-04-09 13:56:42.182 | INFO     | __main__:main:38 - >>> START PHASE 2: ENGINEERING
2026-04-09 13:56:42.182 | INFO     | pipeline.phase2_engineering:run_phase2_engineering:162 - Phase 2: Bắt đầu xử lý 1 repository.
2026-04-09 13:56:42.184 | DEBUG    | pipeline.phase2_engineering:extract_features:92 - [apollo] Đang phân tích và ghi file: /home/lambda/lambda/code/pbl5-queries/temp_data/joern_apollo.json
2026-04-09 13:56:51.788 | INFO     | pipeline.phase2_engineering:process_commit_history_worker:126 - [CPU Worker] Bắt đầu duyệt PyDriller trên: temp_data/apollo
2026-04-09 13:56:51.826 | INFO     | pipeline.phase2_engineering:run_phase2_engineering:246 - Hoàn thành Giai đoạn 2 (Engineering).
2026-04-09 13:56:51.827 | INFO     | __main__:main:44 - >>> START PHASE 3: AI SYNTHESIS
2026-04-09 13:56:51.828 | INFO     | pipeline.phase3_synthesis:run_phase3_synthesis:203 - Không có Repos nào chờ AI Phase 3.
2026-04-09 13:56:51.828 | INFO     | __main__:main:50 - >>> START PHASE 4: VALIDATION
2026-04-09 13:56:51.828 | INFO     | pipeline.phase4_validation:run_phase4_validation:54 - Không có Repos nào chờ Phase 4.
2026-04-09 13:56:51.829 | INFO     | __main__:main:53 - 🎉 PIPELINE HOÀN TẤT! Dataset cuối cùng tại dataset_output/final_dataset.jsonl
2026-04-09 14:00:00.896 | INFO     | __main__:main:23 - 🔥 KHỞI CHẠY PIPELINE CODE SMELL (ASYNC & MULTIPROCESSING) 🔥
2026-04-09 14:00:00.897 | INFO     | __main__:main:24 - 🚀 Running in WEB mode for AI Labeling
2026-04-09 14:00:00.897 | INFO     | __main__:main:32 - >>> START PHASE 1: DATA ACQUISITION
2026-04-09 14:00:00.897 | INFO     | pipeline.phase1_acquisition:crawl_repositories:106 - Đang fetch repositories với query: language:java management system
2026-04-09 14:00:08.915 | INFO     | pipeline.phase1_acquisition:crawl_repositories:106 - Đang fetch repositories với query: language:java "web server" http
2026-04-09 14:00:08.916 | INFO     | pipeline.phase1_acquisition:crawl_repositories:106 - Đang fetch repositories với query: language:java database engine
2026-04-09 14:00:08.916 | INFO     | pipeline.phase1_acquisition:crawl_repositories:106 - Đang fetch repositories với query: language:C++ "game engine" graphics
2026-04-09 14:00:08.916 | INFO     | pipeline.phase1_acquisition:crawl_repositories:106 - Đang fetch repositories với query: language:C++ "operating system" kernel
2026-04-09 14:00:08.916 | INFO     | pipeline.phase1_acquisition:crawl_repositories:106 - Đang fetch repositories với query: language:C++ computer-vision library
2026-04-09 14:00:08.916 | INFO     | pipeline.phase1_acquisition:crawl_repositories:106 - Đang fetch repositories với query: language:C++ networking tool
2026-04-09 14:00:08.916 | INFO     | pipeline.phase1_acquisition:crawl_repositories:106 - Đang fetch repositories với query: language:C++ driver hardware
2026-04-09 14:00:08.917 | INFO     | pipeline.phase1_acquisition:crawl_repositories:143 - Hoàn thành crawl 1 repos.
2026-04-09 14:00:08.918 | INFO     | pipeline.phase1_acquisition:run_phase1_acquisition:180 - Bắt đầu clone các repo đã thu thập...
2026-04-09 14:00:08.918 | INFO     | pipeline.phase1_acquisition:clone_repository:149 - Đang shallow clone apollo...
2026-04-09 14:00:08.918 | INFO     | pipeline.phase1_acquisition:clone_repository:152 - Repo apollo đã tồn tại, skip clone.
2026-04-09 14:00:08.925 | INFO     | pipeline.phase1_acquisition:run_phase1_acquisition:198 - Hoàn thành Giai đoạn 1 (Data Acquisition).
2026-04-09 14:00:08.926 | INFO     | __main__:main:38 - >>> START PHASE 2: ENGINEERING
2026-04-09 14:00:08.926 | INFO     | pipeline.phase2_engineering:run_phase2_engineering:162 - Phase 2: Bắt đầu xử lý 1 repository.
2026-04-09 14:00:08.929 | INFO     | pipeline.phase2_engineering:process_one:198 - [apollo] Bước 1: Khởi chạy Joern trích xuất đặc trưng tĩnh...
2026-04-09 14:00:08.929 | DEBUG    | pipeline.phase2_engineering:extract_features:92 - [apollo] Đang phân tích và ghi file: /home/lambda/lambda/code/pbl5-queries/temp_data/joern_apollo.json
2026-04-09 14:00:18.215 | INFO     | pipeline.phase2_engineering:process_one:210 - [apollo] Joern tìm thấy 1287 methods tiềm năng.
2026-04-09 14:00:18.215 | INFO     | pipeline.phase2_engineering:process_one:213 - [apollo] Bước 2: Khởi chạy PyDriller quét lịch sử commit...
2026-04-09 14:00:18.245 | INFO     | pipeline.phase2_engineering:process_commit_history_worker:126 - [CPU Worker] Bắt đầu duyệt PyDriller trên: temp_data/apollo
2026-04-09 14:00:18.271 | ERROR    | pipeline.phase2_engineering:process_one:219 - [apollo] PyDriller worker error: Cmd('git') failed due to: exit code(128)
  cmdline: git diff-tree add571579259ecf59542aac3cad758511f79b0ce 8e4a73e49303537cd320ec2b975661862315306a -r --abbrev=40 --full-index -M -p --no-ext-diff --no-color
2026-04-09 14:00:18.290 | INFO     | pipeline.phase2_engineering:run_phase2_engineering:252 - Hoàn thành Giai đoạn 2 (Engineering).
2026-04-09 14:00:18.291 | INFO     | __main__:main:44 - >>> START PHASE 3: AI SYNTHESIS
2026-04-09 14:00:18.292 | INFO     | pipeline.phase3_synthesis:run_phase3_synthesis:203 - Không có Repos nào chờ AI Phase 3.
2026-04-09 14:00:18.292 | INFO     | __main__:main:50 - >>> START PHASE 4: VALIDATION
2026-04-09 14:00:18.292 | INFO     | pipeline.phase4_validation:run_phase4_validation:54 - Không có Repos nào chờ Phase 4.
2026-04-09 14:00:18.293 | INFO     | __main__:main:53 - 🎉 PIPELINE HOÀN TẤT! Dataset cuối cùng tại dataset_output/final_dataset.jsonl
2026-04-09 14:05:23.526 | INFO     | __main__:main:23 - 🔥 KHỞI CHẠY PIPELINE CODE SMELL (ASYNC & MULTIPROCESSING) 🔥
2026-04-09 14:05:23.526 | INFO     | __main__:main:24 - 🚀 Running in WEB mode for AI Labeling
2026-04-09 14:05:23.526 | INFO     | __main__:main:32 - >>> START PHASE 1: DATA ACQUISITION
2026-04-09 14:05:23.527 | INFO     | pipeline.phase1_acquisition:crawl_repositories:106 - Đang fetch repositories với query: language:java management system
2026-04-09 14:05:32.605 | INFO     | pipeline.phase1_acquisition:crawl_repositories:106 - Đang fetch repositories với query: language:java "web server" http
2026-04-09 14:05:32.606 | INFO     | pipeline.phase1_acquisition:crawl_repositories:106 - Đang fetch repositories với query: language:java database engine
2026-04-09 14:05:32.606 | INFO     | pipeline.phase1_acquisition:crawl_repositories:106 - Đang fetch repositories với query: language:C++ "game engine" graphics
2026-04-09 14:05:32.606 | INFO     | pipeline.phase1_acquisition:crawl_repositories:106 - Đang fetch repositories với query: language:C++ "operating system" kernel
2026-04-09 14:05:32.606 | INFO     | pipeline.phase1_acquisition:crawl_repositories:106 - Đang fetch repositories với query: language:C++ computer-vision library
2026-04-09 14:05:32.606 | INFO     | pipeline.phase1_acquisition:crawl_repositories:106 - Đang fetch repositories với query: language:C++ networking tool
2026-04-09 14:05:32.606 | INFO     | pipeline.phase1_acquisition:crawl_repositories:106 - Đang fetch repositories với query: language:C++ driver hardware
2026-04-09 14:05:32.607 | INFO     | pipeline.phase1_acquisition:crawl_repositories:143 - Hoàn thành crawl 1 repos.
2026-04-09 14:05:32.607 | INFO     | pipeline.phase1_acquisition:run_phase1_acquisition:180 - Bắt đầu clone các repo đã thu thập...
2026-04-09 14:05:32.607 | INFO     | pipeline.phase1_acquisition:clone_repository:149 - Đang shallow clone apollo...
2026-04-09 14:05:32.608 | INFO     | pipeline.phase1_acquisition:clone_repository:152 - Repo apollo đã tồn tại, skip clone.
2026-04-09 14:05:32.615 | INFO     | pipeline.phase1_acquisition:run_phase1_acquisition:198 - Hoàn thành Giai đoạn 1 (Data Acquisition).
2026-04-09 14:05:32.615 | INFO     | __main__:main:38 - >>> START PHASE 2: ENGINEERING
2026-04-09 14:05:32.615 | INFO     | pipeline.phase2_engineering:run_phase2_engineering:169 - Phase 2: Bắt đầu xử lý 1 repository.
2026-04-09 14:05:32.618 | INFO     | pipeline.phase2_engineering:process_one:205 - [apollo] Bước 1: Khởi chạy Joern trích xuất đặc trưng tĩnh...
2026-04-09 14:05:32.619 | DEBUG    | pipeline.phase2_engineering:extract_features:92 - [apollo] Đang phân tích và ghi file: /home/lambda/lambda/code/pbl5-queries/temp_data/joern_apollo.json
2026-04-09 14:05:43.488 | INFO     | pipeline.phase2_engineering:process_one:217 - [apollo] Joern tìm thấy 1287 methods tiềm năng.
2026-04-09 14:05:43.489 | INFO     | pipeline.phase2_engineering:process_one:220 - [apollo] Bước 2: Khởi chạy PyDriller quét lịch sử commit...
2026-04-09 14:05:43.519 | INFO     | pipeline.phase2_engineering:process_commit_history_worker:126 - [CPU Worker] Bắt đầu duyệt PyDriller trên: temp_data/apollo
2026-04-09 14:05:43.547 | ERROR    | pipeline.phase2_engineering:process_one:226 - [apollo] PyDriller worker error: Cmd('git') failed due to: exit code(128)
  cmdline: git diff-tree add571579259ecf59542aac3cad758511f79b0ce 8e4a73e49303537cd320ec2b975661862315306a -r --abbrev=40 --full-index -M -p --no-ext-diff --no-color
2026-04-09 14:05:43.562 | INFO     | pipeline.phase2_engineering:run_phase2_engineering:259 - Hoàn thành Giai đoạn 2 (Engineering).
2026-04-09 14:05:43.562 | INFO     | __main__:main:44 - >>> START PHASE 3: AI SYNTHESIS
2026-04-09 14:05:43.563 | INFO     | pipeline.phase3_synthesis:run_phase3_synthesis:203 - Không có Repos nào chờ AI Phase 3.
2026-04-09 14:05:43.563 | INFO     | __main__:main:50 - >>> START PHASE 4: VALIDATION
2026-04-09 14:05:43.564 | INFO     | pipeline.phase4_validation:run_phase4_validation:54 - Không có Repos nào chờ Phase 4.
2026-04-09 14:05:43.564 | INFO     | __main__:main:53 - 🎉 PIPELINE HOÀN TẤT! Dataset cuối cùng tại dataset_output/final_dataset.jsonl
2026-04-09 14:09:07.421 | INFO     | __main__:main:23 - 🔥 KHỞI CHẠY PIPELINE CODE SMELL (ASYNC & MULTIPROCESSING) 🔥
2026-04-09 14:09:07.421 | INFO     | __main__:main:24 - 🚀 Running in WEB mode for AI Labeling
2026-04-09 14:09:07.421 | INFO     | __main__:main:32 - >>> START PHASE 1: DATA ACQUISITION
2026-04-09 14:09:07.421 | INFO     | pipeline.phase1_acquisition:crawl_repositories:106 - Đang fetch repositories với query: language:java management system
2026-04-09 14:09:16.642 | INFO     | pipeline.phase1_acquisition:crawl_repositories:106 - Đang fetch repositories với query: language:java "web server" http
2026-04-09 14:09:16.643 | INFO     | pipeline.phase1_acquisition:crawl_repositories:106 - Đang fetch repositories với query: language:java database engine
2026-04-09 14:09:16.643 | INFO     | pipeline.phase1_acquisition:crawl_repositories:106 - Đang fetch repositories với query: language:C++ "game engine" graphics
2026-04-09 14:09:16.643 | INFO     | pipeline.phase1_acquisition:crawl_repositories:106 - Đang fetch repositories với query: language:C++ "operating system" kernel
2026-04-09 14:09:16.643 | INFO     | pipeline.phase1_acquisition:crawl_repositories:106 - Đang fetch repositories với query: language:C++ computer-vision library
2026-04-09 14:09:16.643 | INFO     | pipeline.phase1_acquisition:crawl_repositories:106 - Đang fetch repositories với query: language:C++ networking tool
2026-04-09 14:09:16.643 | INFO     | pipeline.phase1_acquisition:crawl_repositories:106 - Đang fetch repositories với query: language:C++ driver hardware
2026-04-09 14:09:16.644 | INFO     | pipeline.phase1_acquisition:crawl_repositories:143 - Hoàn thành crawl 1 repos.
2026-04-09 14:09:16.645 | INFO     | pipeline.phase1_acquisition:run_phase1_acquisition:180 - Bắt đầu clone các repo đã thu thập...
2026-04-09 14:09:16.645 | INFO     | pipeline.phase1_acquisition:clone_repository:149 - Đang shallow clone apollo...
2026-04-09 14:11:36.682 | INFO     | pipeline.phase1_acquisition:clone_repository:168 - Clone apollo thành công.
2026-04-09 14:11:36.690 | INFO     | pipeline.phase1_acquisition:run_phase1_acquisition:198 - Hoàn thành Giai đoạn 1 (Data Acquisition).
2026-04-09 14:11:36.690 | INFO     | __main__:main:38 - >>> START PHASE 2: ENGINEERING
2026-04-09 14:11:36.691 | INFO     | pipeline.phase2_engineering:run_phase2_engineering:169 - Phase 2: Bắt đầu xử lý 1 repository.
2026-04-09 14:11:36.694 | INFO     | pipeline.phase2_engineering:process_one:205 - [apollo] Bước 1: Khởi chạy Joern trích xuất đặc trưng tĩnh...
2026-04-09 14:11:36.694 | DEBUG    | pipeline.phase2_engineering:extract_features:92 - [apollo] Đang phân tích và ghi file: /home/lambda/lambda/code/pbl5-queries/temp_data/joern_apollo.json
2026-04-09 14:11:46.189 | INFO     | pipeline.phase2_engineering:process_one:217 - [apollo] Joern tìm thấy 1287 methods tiềm năng.
2026-04-09 14:11:46.189 | INFO     | pipeline.phase2_engineering:process_one:220 - [apollo] Bước 2: Khởi chạy PyDriller quét lịch sử commit...
2026-04-09 14:11:46.214 | INFO     | pipeline.phase2_engineering:process_commit_history_worker:126 - [CPU Worker] Bắt đầu duyệt PyDriller trên: temp_data/apollo
2026-04-09 14:11:46.244 | ERROR    | pipeline.phase2_engineering:process_one:226 - [apollo] PyDriller worker error: Cmd('git') failed due to: exit code(128)
  cmdline: git diff-tree dc41c934349af28631cc5b2d9b2bdf75eac9d1f3 150955f0b0f8a479cc50bc096a83258f7f349c18 -r --abbrev=40 --full-index -M -p --no-ext-diff --no-color
2026-04-09 14:11:46.264 | INFO     | pipeline.phase2_engineering:run_phase2_engineering:259 - Hoàn thành Giai đoạn 2 (Engineering).
2026-04-09 14:11:46.264 | INFO     | __main__:main:44 - >>> START PHASE 3: AI SYNTHESIS
2026-04-09 14:11:46.265 | INFO     | pipeline.phase3_synthesis:run_phase3_synthesis:203 - Không có Repos nào chờ AI Phase 3.
2026-04-09 14:11:46.265 | INFO     | __main__:main:50 - >>> START PHASE 4: VALIDATION
2026-04-09 14:11:46.266 | INFO     | pipeline.phase4_validation:run_phase4_validation:54 - Không có Repos nào chờ Phase 4.
2026-04-09 14:11:46.266 | INFO     | __main__:main:53 - 🎉 PIPELINE HOÀN TẤT! Dataset cuối cùng tại dataset_output/final_dataset.jsonl
2026-04-09 14:12:40.469 | INFO     | __main__:main:23 - 🔥 KHỞI CHẠY PIPELINE CODE SMELL (ASYNC & MULTIPROCESSING) 🔥
2026-04-09 14:12:40.470 | INFO     | __main__:main:24 - 🚀 Running in WEB mode for AI Labeling
2026-04-09 14:12:40.470 | INFO     | __main__:main:32 - >>> START PHASE 1: DATA ACQUISITION
2026-04-09 14:12:40.470 | INFO     | pipeline.phase1_acquisition:crawl_repositories:106 - Đang fetch repositories với query: language:java management system
2026-04-09 14:12:48.538 | INFO     | pipeline.phase1_acquisition:crawl_repositories:106 - Đang fetch repositories với query: language:java "web server" http
2026-04-09 14:12:48.539 | INFO     | pipeline.phase1_acquisition:crawl_repositories:106 - Đang fetch repositories với query: language:java database engine
2026-04-09 14:12:48.539 | INFO     | pipeline.phase1_acquisition:crawl_repositories:106 - Đang fetch repositories với query: language:C++ "game engine" graphics
2026-04-09 14:12:48.539 | INFO     | pipeline.phase1_acquisition:crawl_repositories:106 - Đang fetch repositories với query: language:C++ "operating system" kernel
2026-04-09 14:12:48.539 | INFO     | pipeline.phase1_acquisition:crawl_repositories:106 - Đang fetch repositories với query: language:C++ computer-vision library
2026-04-09 14:12:48.540 | INFO     | pipeline.phase1_acquisition:crawl_repositories:106 - Đang fetch repositories với query: language:C++ networking tool
2026-04-09 14:12:48.540 | INFO     | pipeline.phase1_acquisition:crawl_repositories:106 - Đang fetch repositories với query: language:C++ driver hardware
2026-04-09 14:12:48.541 | INFO     | pipeline.phase1_acquisition:crawl_repositories:143 - Hoàn thành crawl 1 repos.
2026-04-09 14:12:48.542 | INFO     | pipeline.phase1_acquisition:run_phase1_acquisition:180 - Bắt đầu clone các repo đã thu thập...
2026-04-09 14:12:48.542 | INFO     | pipeline.phase1_acquisition:clone_repository:149 - Đang shallow clone apollo...
2026-04-09 14:18:46.374 | INFO     | pipeline.phase1_acquisition:clone_repository:168 - Clone apollo thành công.
2026-04-09 14:18:46.381 | INFO     | pipeline.phase1_acquisition:run_phase1_acquisition:198 - Hoàn thành Giai đoạn 1 (Data Acquisition).
2026-04-09 14:18:46.381 | INFO     | __main__:main:38 - >>> START PHASE 2: ENGINEERING
2026-04-09 14:18:46.381 | INFO     | pipeline.phase2_engineering:run_phase2_engineering:169 - Phase 2: Bắt đầu xử lý 1 repository.
2026-04-09 14:18:46.383 | INFO     | pipeline.phase2_engineering:process_one:205 - [apollo] Bước 1: Khởi chạy Joern trích xuất đặc trưng tĩnh...
2026-04-09 14:18:46.383 | DEBUG    | pipeline.phase2_engineering:extract_features:92 - [apollo] Đang phân tích và ghi file: /home/lambda/lambda/code/pbl5-queries/temp_data/joern_apollo.json
2026-04-09 14:18:55.983 | INFO     | pipeline.phase2_engineering:process_one:217 - [apollo] Joern tìm thấy 1287 methods tiềm năng.
2026-04-09 14:18:55.983 | INFO     | pipeline.phase2_engineering:process_one:220 - [apollo] Bước 2: Khởi chạy PyDriller quét lịch sử commit...
2026-04-09 14:18:56.019 | INFO     | pipeline.phase2_engineering:process_commit_history_worker:126 - [CPU Worker] Bắt đầu duyệt PyDriller trên: temp_data/apollo
2026-04-09 14:21:08.330 | INFO     | pipeline.phase2_engineering:process_one:231 - [apollo] PyDriller hoàn tất với 10026 methods có thay đổi.
2026-04-09 14:21:08.339 | INFO     | pipeline.phase2_engineering:process_one:249 - Repo apollo: Sinh 0 methods dataset qua Phase 2.
2026-04-09 14:21:08.359 | INFO     | pipeline.phase2_engineering:run_phase2_engineering:259 - Hoàn thành Giai đoạn 2 (Engineering).
2026-04-09 14:21:08.359 | INFO     | __main__:main:44 - >>> START PHASE 3: AI SYNTHESIS
2026-04-09 14:21:08.360 | INFO     | pipeline.phase3_synthesis:run_phase3_synthesis:203 - Không có Repos nào chờ AI Phase 3.
2026-04-09 14:21:08.360 | INFO     | __main__:main:50 - >>> START PHASE 4: VALIDATION
2026-04-09 14:21:08.360 | INFO     | pipeline.phase4_validation:run_phase4_validation:54 - Không có Repos nào chờ Phase 4.
2026-04-09 14:21:08.360 | INFO     | __main__:main:53 - 🎉 PIPELINE HOÀN TẤT! Dataset cuối cùng tại dataset_output/final_dataset.jsonl
2026-04-09 14:57:20.098 | INFO     | __main__:main:23 - 🔥 KHỞI CHẠY PIPELINE CODE SMELL (ASYNC & MULTIPROCESSING) 🔥
2026-04-09 14:57:20.098 | INFO     | __main__:main:24 - 🚀 Running in WEB mode for AI Labeling
2026-04-09 14:57:20.098 | INFO     | __main__:main:32 - >>> START PHASE 1: DATA ACQUISITION
2026-04-09 14:57:20.098 | INFO     | pipeline.phase1_acquisition:crawl_repositories:106 - Đang fetch repositories với query: language:java management system
2026-04-09 14:57:26.348 | INFO     | pipeline.phase1_acquisition:crawl_repositories:106 - Đang fetch repositories với query: language:java "web server" http
2026-04-09 14:57:26.348 | INFO     | pipeline.phase1_acquisition:crawl_repositories:106 - Đang fetch repositories với query: language:java database engine
2026-04-09 14:57:26.348 | INFO     | pipeline.phase1_acquisition:crawl_repositories:106 - Đang fetch repositories với query: language:C++ "game engine" graphics
2026-04-09 14:57:26.349 | INFO     | pipeline.phase1_acquisition:crawl_repositories:106 - Đang fetch repositories với query: language:C++ "operating system" kernel
2026-04-09 14:57:26.349 | INFO     | pipeline.phase1_acquisition:crawl_repositories:106 - Đang fetch repositories với query: language:C++ computer-vision library
2026-04-09 14:57:26.349 | INFO     | pipeline.phase1_acquisition:crawl_repositories:106 - Đang fetch repositories với query: language:C++ networking tool
2026-04-09 14:57:26.349 | INFO     | pipeline.phase1_acquisition:crawl_repositories:106 - Đang fetch repositories với query: language:C++ driver hardware
2026-04-09 14:57:26.350 | INFO     | pipeline.phase1_acquisition:crawl_repositories:143 - Hoàn thành crawl 1 repos.
2026-04-09 14:57:26.350 | INFO     | pipeline.phase1_acquisition:run_phase1_acquisition:180 - Bắt đầu clone các repo đã thu thập...
2026-04-09 14:57:26.351 | INFO     | pipeline.phase1_acquisition:clone_repository:149 - Đang shallow clone apollo...
2026-04-09 14:57:26.351 | INFO     | pipeline.phase1_acquisition:clone_repository:152 - Repo apollo đã tồn tại, skip clone.
2026-04-09 14:57:26.359 | INFO     | pipeline.phase1_acquisition:run_phase1_acquisition:198 - Hoàn thành Giai đoạn 1 (Data Acquisition).
2026-04-09 14:57:26.359 | INFO     | __main__:main:38 - >>> START PHASE 2: ENGINEERING
2026-04-09 14:57:26.360 | INFO     | pipeline.phase2_engineering:run_phase2_engineering:169 - Phase 2: Bắt đầu xử lý 1 repository.
2026-04-09 14:57:26.364 | INFO     | pipeline.phase2_engineering:process_one:205 - [apollo] Bước 1: Khởi chạy Joern trích xuất đặc trưng tĩnh...
2026-04-09 14:57:26.364 | DEBUG    | pipeline.phase2_engineering:extract_features:92 - [apollo] Đang phân tích và ghi file: /home/lambda/lambda/code/pbl5-queries/temp_data/joern_apollo.json
2026-04-09 14:57:26.386 | ERROR    | pipeline.phase2_engineering:extract_features:116 - Lỗi extract joern cpgqls (có thể do OOM): Multiple exceptions: [Errno 111] Connect call failed ('::1', 8080, 0, 0), [Errno 111] Connect call failed ('127.0.0.1', 8080)
2026-04-09 14:57:26.393 | ERROR    | pipeline.phase2_engineering:process_one:208 - [apollo] Joern returned zero methods. Check if Joern server is alive or if the code is parseable.
2026-04-09 14:57:26.399 | INFO     | pipeline.phase2_engineering:run_phase2_engineering:264 - Hoàn thành Giai đoạn 2 (Engineering).
2026-04-09 14:57:26.399 | INFO     | __main__:main:44 - >>> START PHASE 3: AI SYNTHESIS
2026-04-09 14:57:26.400 | INFO     | pipeline.phase3_synthesis:run_phase3_synthesis:206 - Phase 3: Bắt đầu gán nhãn cho 1 repository bằng chế độ: WEB
2026-04-09 14:57:26.407 | INFO     | pipeline.phase3_synthesis:run_phase3_synthesis:272 - Hoàn thành Giai đoạn 3 (AI Synthesis).
2026-04-09 14:57:26.407 | INFO     | __main__:main:50 - >>> START PHASE 4: VALIDATION
2026-04-09 14:57:26.408 | INFO     | pipeline.phase4_validation:run_phase4_validation:57 - Phase 4: Bắt đầu Validating logic cho 1 repository.
2026-04-09 14:57:26.414 | INFO     | pipeline.phase4_validation:run_phase4_validation:100 - Hoàn thành Giai đoạn 4 (QA & Refinement).
2026-04-09 14:57:26.415 | INFO     | __main__:main:53 - 🎉 PIPELINE HOÀN TẤT! Dataset cuối cùng tại dataset_output/final_dataset.jsonl
2026-04-09 14:58:34.195 | INFO     | __main__:main:23 - 🔥 KHỞI CHẠY PIPELINE CODE SMELL (ASYNC & MULTIPROCESSING) 🔥
2026-04-09 14:58:34.195 | INFO     | __main__:main:24 - 🚀 Running in WEB mode for AI Labeling
2026-04-09 14:58:34.195 | INFO     | __main__:main:32 - >>> START PHASE 1: DATA ACQUISITION
2026-04-09 14:58:34.196 | INFO     | pipeline.phase1_acquisition:crawl_repositories:106 - Đang fetch repositories với query: language:java management system
2026-04-09 14:58:41.281 | INFO     | pipeline.phase1_acquisition:crawl_repositories:106 - Đang fetch repositories với query: language:java "web server" http
2026-04-09 14:58:41.281 | INFO     | pipeline.phase1_acquisition:crawl_repositories:106 - Đang fetch repositories với query: language:java database engine
2026-04-09 14:58:41.281 | INFO     | pipeline.phase1_acquisition:crawl_repositories:106 - Đang fetch repositories với query: language:C++ "game engine" graphics
2026-04-09 14:58:41.282 | INFO     | pipeline.phase1_acquisition:crawl_repositories:106 - Đang fetch repositories với query: language:C++ "operating system" kernel
2026-04-09 14:58:41.282 | INFO     | pipeline.phase1_acquisition:crawl_repositories:106 - Đang fetch repositories với query: language:C++ computer-vision library
2026-04-09 14:58:41.282 | INFO     | pipeline.phase1_acquisition:crawl_repositories:106 - Đang fetch repositories với query: language:C++ networking tool
2026-04-09 14:58:41.282 | INFO     | pipeline.phase1_acquisition:crawl_repositories:106 - Đang fetch repositories với query: language:C++ driver hardware
2026-04-09 14:58:41.282 | INFO     | pipeline.phase1_acquisition:crawl_repositories:143 - Hoàn thành crawl 1 repos.
2026-04-09 14:58:41.283 | INFO     | pipeline.phase1_acquisition:run_phase1_acquisition:180 - Bắt đầu clone các repo đã thu thập...
2026-04-09 14:58:41.283 | INFO     | pipeline.phase1_acquisition:clone_repository:149 - Đang shallow clone apollo...
2026-04-09 14:58:41.283 | INFO     | pipeline.phase1_acquisition:clone_repository:152 - Repo apollo đã tồn tại, skip clone.
2026-04-09 14:58:41.290 | INFO     | pipeline.phase1_acquisition:run_phase1_acquisition:198 - Hoàn thành Giai đoạn 1 (Data Acquisition).
2026-04-09 14:58:41.290 | INFO     | __main__:main:38 - >>> START PHASE 2: ENGINEERING
2026-04-09 14:58:41.291 | INFO     | pipeline.phase2_engineering:run_phase2_engineering:169 - Phase 2: Bắt đầu xử lý 1 repository.
2026-04-09 14:58:41.293 | INFO     | pipeline.phase2_engineering:process_one:205 - [apollo] Bước 1: Khởi chạy Joern trích xuất đặc trưng tĩnh...
2026-04-09 14:58:41.293 | DEBUG    | pipeline.phase2_engineering:extract_features:92 - [apollo] Đang phân tích và ghi file: /home/lambda/lambda/code/pbl5-queries/temp_data/joern_apollo.json
2026-04-09 14:58:50.066 | INFO     | pipeline.phase2_engineering:process_one:219 - [apollo] Joern tìm thấy 1235 methods tiềm năng.
2026-04-09 14:58:50.067 | INFO     | pipeline.phase2_engineering:process_one:222 - [apollo] Bước 2: Khởi chạy PyDriller quét lịch sử commit...
2026-04-09 14:58:50.088 | INFO     | pipeline.phase2_engineering:process_commit_history_worker:126 - [CPU Worker] Bắt đầu duyệt PyDriller trên: temp_data/apollo
2026-04-09 15:00:15.214 | INFO     | pipeline.phase2_engineering:process_one:233 - [apollo] PyDriller hoàn tất với 10026 methods có thay đổi.
2026-04-09 15:00:15.222 | INFO     | pipeline.phase2_engineering:process_one:254 - Repo apollo: Sinh 1 methods dataset qua Phase 2.
2026-04-09 15:00:15.234 | INFO     | pipeline.phase2_engineering:run_phase2_engineering:264 - Hoàn thành Giai đoạn 2 (Engineering).
2026-04-09 15:00:15.234 | INFO     | __main__:main:44 - >>> START PHASE 3: AI SYNTHESIS
2026-04-09 15:00:15.234 | INFO     | pipeline.phase3_synthesis:run_phase3_synthesis:203 - Không có Repos nào chờ AI Phase 3.
2026-04-09 15:00:15.234 | INFO     | __main__:main:50 - >>> START PHASE 4: VALIDATION
2026-04-09 15:00:15.235 | INFO     | pipeline.phase4_validation:run_phase4_validation:54 - Không có Repos nào chờ Phase 4.
2026-04-09 15:00:15.235 | INFO     | __main__:main:53 - 🎉 PIPELINE HOÀN TẤT! Dataset cuối cùng tại dataset_output/final_dataset.jsonl
2026-04-09 15:03:06.073 | INFO     | __main__:main:23 - 🔥 KHỞI CHẠY PIPELINE CODE SMELL (ASYNC & MULTIPROCESSING) 🔥
2026-04-09 15:03:06.073 | INFO     | __main__:main:24 - 🚀 Running in WEB mode for AI Labeling
2026-04-09 15:03:06.073 | INFO     | __main__:main:32 - >>> START PHASE 1: DATA ACQUISITION
2026-04-09 15:03:06.073 | INFO     | pipeline.phase1_acquisition:crawl_repositories:106 - Đang fetch repositories với query: language:java management system
2026-04-09 15:03:13.232 | INFO     | pipeline.phase1_acquisition:crawl_repositories:106 - Đang fetch repositories với query: language:java "web server" http
2026-04-09 15:03:13.232 | INFO     | pipeline.phase1_acquisition:crawl_repositories:106 - Đang fetch repositories với query: language:java database engine
2026-04-09 15:03:13.232 | INFO     | pipeline.phase1_acquisition:crawl_repositories:106 - Đang fetch repositories với query: language:C++ "game engine" graphics
2026-04-09 15:03:13.233 | INFO     | pipeline.phase1_acquisition:crawl_repositories:106 - Đang fetch repositories với query: language:C++ "operating system" kernel
2026-04-09 15:03:13.233 | INFO     | pipeline.phase1_acquisition:crawl_repositories:106 - Đang fetch repositories với query: language:C++ computer-vision library
2026-04-09 15:03:13.233 | INFO     | pipeline.phase1_acquisition:crawl_repositories:106 - Đang fetch repositories với query: language:C++ networking tool
2026-04-09 15:03:13.233 | INFO     | pipeline.phase1_acquisition:crawl_repositories:106 - Đang fetch repositories với query: language:C++ driver hardware
2026-04-09 15:03:13.233 | INFO     | pipeline.phase1_acquisition:crawl_repositories:143 - Hoàn thành crawl 1 repos.
2026-04-09 15:03:13.234 | INFO     | pipeline.phase1_acquisition:run_phase1_acquisition:180 - Bắt đầu clone các repo đã thu thập...
2026-04-09 15:03:13.234 | INFO     | pipeline.phase1_acquisition:clone_repository:149 - Đang shallow clone apollo...
2026-04-09 15:03:13.234 | INFO     | pipeline.phase1_acquisition:clone_repository:152 - Repo apollo đã tồn tại, skip clone.
2026-04-09 15:03:13.241 | INFO     | pipeline.phase1_acquisition:run_phase1_acquisition:198 - Hoàn thành Giai đoạn 1 (Data Acquisition).
2026-04-09 15:03:13.242 | INFO     | __main__:main:38 - >>> START PHASE 2: ENGINEERING
2026-04-09 15:03:13.242 | INFO     | pipeline.phase2_engineering:run_phase2_engineering:174 - Phase 2: Bắt đầu xử lý 1 repository.
2026-04-09 15:03:13.245 | INFO     | pipeline.phase2_engineering:process_one:210 - [apollo] Bước 1: Khởi chạy Joern trích xuất đặc trưng tĩnh...
2026-04-09 15:03:13.246 | DEBUG    | pipeline.phase2_engineering:extract_features:92 - [apollo] Đang phân tích và ghi file: /home/lambda/lambda/code/pbl5-queries/temp_data/joern_apollo.json
2026-04-09 15:03:19.668 | INFO     | pipeline.phase2_engineering:process_one:223 - [apollo] Joern tìm thấy 1287 methods tiềm năng.
2026-04-09 15:03:19.668 | INFO     | pipeline.phase2_engineering:process_one:226 - [apollo] Bước 2: Khởi chạy PyDriller quét lịch sử commit...
2026-04-09 15:03:19.681 | INFO     | pipeline.phase2_engineering:process_commit_history_worker:126 - [CPU Worker] Bắt đầu duyệt PyDriller trên: temp_data/apollo
2026-04-09 15:04:44.644 | INFO     | pipeline.phase2_engineering:process_one:237 - [apollo] PyDriller hoàn tất với 11917 methods có thay đổi.
2026-04-09 15:04:44.651 | INFO     | pipeline.phase2_engineering:process_one:258 - Repo apollo: Sinh 1 methods dataset qua Phase 2.
2026-04-09 15:04:44.663 | INFO     | pipeline.phase2_engineering:run_phase2_engineering:268 - Hoàn thành Giai đoạn 2 (Engineering).
2026-04-09 15:04:44.664 | INFO     | __main__:main:44 - >>> START PHASE 3: AI SYNTHESIS
2026-04-09 15:04:44.664 | INFO     | pipeline.phase3_synthesis:run_phase3_synthesis:206 - Phase 3: Bắt đầu gán nhãn cho 1 repository bằng chế độ: WEB
2026-04-09 15:04:44.664 | INFO     | pipeline.phase3_synthesis:run_phase3_synthesis:257 - [apollo] Tiến hành gán nhãn Web (Camoufox) cho 1 methods...
2026-04-09 15:04:44.664 | INFO     | pipeline.phase3_synthesis:init_browser:80 - Initializing Camoufox Browser (Headless Mode)...
2026-04-09 15:04:44.664 | ERROR    | pipeline.phase3_synthesis:process_method_file:197 - Lỗi AI API file 107374184804.json (Repo apollo): It looks like you are using Playwright Sync API inside the asyncio loop.
Please use the Async API instead.
2026-04-09 15:04:44.670 | INFO     | pipeline.phase3_synthesis:run_phase3_synthesis:272 - Hoàn thành Giai đoạn 3 (AI Synthesis).
2026-04-09 15:04:44.670 | INFO     | __main__:main:50 - >>> START PHASE 4: VALIDATION
2026-04-09 15:04:44.671 | INFO     | pipeline.phase4_validation:run_phase4_validation:57 - Phase 4: Bắt đầu Validating logic cho 1 repository.
2026-04-09 15:04:44.676 | INFO     | pipeline.phase4_validation:run_phase4_validation:100 - Hoàn thành Giai đoạn 4 (QA & Refinement).
2026-04-09 15:04:44.676 | INFO     | __main__:main:53 - 🎉 PIPELINE HOÀN TẤT! Dataset cuối cùng tại dataset_output/final_dataset.jsonl
2026-04-09 15:05:44.696 | INFO     | __main__:main:23 - 🔥 KHỞI CHẠY PIPELINE CODE SMELL (ASYNC & MULTIPROCESSING) 🔥
2026-04-09 15:05:44.696 | INFO     | __main__:main:24 - 🚀 Running in WEB mode for AI Labeling
2026-04-09 15:05:44.696 | INFO     | __main__:main:32 - >>> START PHASE 1: DATA ACQUISITION
2026-04-09 15:05:44.696 | INFO     | pipeline.phase1_acquisition:crawl_repositories:106 - Đang fetch repositories với query: language:java management system
2026-04-09 15:05:52.063 | INFO     | pipeline.phase1_acquisition:crawl_repositories:106 - Đang fetch repositories với query: language:java "web server" http
2026-04-09 15:05:52.063 | INFO     | pipeline.phase1_acquisition:crawl_repositories:106 - Đang fetch repositories với query: language:java database engine
2026-04-09 15:05:52.063 | INFO     | pipeline.phase1_acquisition:crawl_repositories:106 - Đang fetch repositories với query: language:C++ "game engine" graphics
2026-04-09 15:05:52.063 | INFO     | pipeline.phase1_acquisition:crawl_repositories:106 - Đang fetch repositories với query: language:C++ "operating system" kernel
2026-04-09 15:05:52.064 | INFO     | pipeline.phase1_acquisition:crawl_repositories:106 - Đang fetch repositories với query: language:C++ computer-vision library
2026-04-09 15:05:52.064 | INFO     | pipeline.phase1_acquisition:crawl_repositories:106 - Đang fetch repositories với query: language:C++ networking tool
2026-04-09 15:05:52.064 | INFO     | pipeline.phase1_acquisition:crawl_repositories:106 - Đang fetch repositories với query: language:C++ driver hardware
2026-04-09 15:05:52.064 | INFO     | pipeline.phase1_acquisition:crawl_repositories:143 - Hoàn thành crawl 1 repos.
2026-04-09 15:05:52.065 | INFO     | pipeline.phase1_acquisition:run_phase1_acquisition:180 - Bắt đầu clone các repo đã thu thập...
2026-04-09 15:05:52.065 | INFO     | pipeline.phase1_acquisition:clone_repository:149 - Đang shallow clone apollo...
2026-04-09 15:05:52.065 | INFO     | pipeline.phase1_acquisition:clone_repository:152 - Repo apollo đã tồn tại, skip clone.
2026-04-09 15:05:52.072 | INFO     | pipeline.phase1_acquisition:run_phase1_acquisition:198 - Hoàn thành Giai đoạn 1 (Data Acquisition).
2026-04-09 15:05:52.073 | INFO     | __main__:main:38 - >>> START PHASE 2: ENGINEERING
2026-04-09 15:05:52.073 | INFO     | pipeline.phase2_engineering:run_phase2_engineering:174 - Phase 2: Bắt đầu xử lý 1 repository.
2026-04-09 15:05:52.076 | INFO     | pipeline.phase2_engineering:process_one:210 - [apollo] Bước 1: Khởi chạy Joern trích xuất đặc trưng tĩnh...
2026-04-09 15:05:52.077 | DEBUG    | pipeline.phase2_engineering:extract_features:92 - [apollo] Đang phân tích và ghi file: /home/lambda/lambda/code/pbl5-queries/temp_data/joern_apollo.json
2026-04-09 15:05:57.994 | INFO     | pipeline.phase2_engineering:process_one:223 - [apollo] Joern tìm thấy 1287 methods tiềm năng.
2026-04-09 15:05:57.994 | INFO     | pipeline.phase2_engineering:process_one:226 - [apollo] Bước 2: Khởi chạy PyDriller quét lịch sử commit...
2026-04-09 15:05:58.006 | INFO     | pipeline.phase2_engineering:process_commit_history_worker:126 - [CPU Worker] Bắt đầu duyệt PyDriller trên: temp_data/apollo
2026-04-09 15:07:25.995 | INFO     | pipeline.phase2_engineering:process_one:237 - [apollo] PyDriller hoàn tất với 11917 methods có thay đổi.
2026-04-09 15:07:25.997 | WARNING  | pipeline.phase2_engineering:process_one:255 - [apollo] Debug Match: Sinh được 1 methods. Kiểm tra format:
2026-04-09 15:07:25.997 | WARNING  | pipeline.phase2_engineering:process_one:256 - Sample Joern keys: [('apollo-adminservice/src/main/java/com/ctrip/framework/apollo/adminservice/AdminServiceAssemblyConfiguration.java', 'adminServiceAssemblySecurityFilterChain'), ('apollo-adminservice/src/main/java/com/ctrip/framework/apollo/adminservice/AdminServiceAutoConfiguration.java', 'adminServiceAuthenticationFilter'), ('apollo-adminservice/src/main/java/com/ctrip/framework/apollo/adminservice/AdminServiceHealthIndicator.java', 'health'), ('apollo-adminservice/src/main/java/com/ctrip/framework/apollo/adminservice/aop/NamespaceAcquireLockAspect.java', 'requireLockAdvice'), ('apollo-adminservice/src/main/java/com/ctrip/framework/apollo/adminservice/aop/NamespaceAcquireLockAspect.java', 'acquireLock')]
2026-04-09 15:07:25.998 | WARNING  | pipeline.phase2_engineering:process_one:257 - Sample PyDriller keys: [('apollo-server/src/main/java/com/ctrip/apollo/ConfigServerApplication.java', 'ConfigServerApplication::main'), ('apollo-metaserver/src/main/java/com/ctrip/apollo/metaserver/MetaServerApplication.java', 'MetaServerApplication::main'), ('apollo-portal/src/main/java/com/ctrip/apollo/portal/PortalApplication.java', 'PortalApplication::main'), ('apollo-portal/src/main/java/com/ctrip/apollo/portal/controller/SampleController.java', 'SampleController::home'), ('apollo-portal/src/main/java/com/ctrip/apollo/portal/controller/AppController.java', 'AppController::list')]
2026-04-09 15:07:26.003 | INFO     | pipeline.phase2_engineering:process_one:260 - Repo apollo: Sinh 1 methods dataset qua Phase 2.
2026-04-09 15:07:26.022 | INFO     | pipeline.phase2_engineering:run_phase2_engineering:270 - Hoàn thành Giai đoạn 2 (Engineering).
2026-04-09 15:07:26.022 | INFO     | __main__:main:44 - >>> START PHASE 3: AI SYNTHESIS
2026-04-09 15:07:26.023 | INFO     | pipeline.phase3_synthesis:run_phase3_synthesis:210 - Phase 3: Bắt đầu gán nhãn cho 1 repository bằng chế độ: WEB
2026-04-09 15:07:26.024 | INFO     | pipeline.phase3_synthesis:run_phase3_synthesis:261 - [apollo] Tiến hành gán nhãn Web (Camoufox) cho 1 methods...
2026-04-09 15:07:26.024 | INFO     | pipeline.phase3_synthesis:init_browser:83 - Initializing Camoufox Browser (Headless Mode)...
2026-04-09 15:07:58.728 | ERROR    | pipeline.phase3_synthesis:process_method_file:201 - Lỗi AI API file 107374184804.json (Repo apollo): Locator.click: Timeout 30000ms exceeded.
Call log:
  - waiting for locator("div[contenteditable='true']").first
    - waiting for navigation to finish...
    - navigated to "https://chat.deepseek.com/"

2026-04-09 15:09:32.718 | INFO     | __main__:main:23 - 🔥 KHỞI CHẠY PIPELINE CODE SMELL (ASYNC & MULTIPROCESSING) 🔥
2026-04-09 15:09:32.718 | INFO     | __main__:main:24 - 🚀 Running in WEB mode for AI Labeling
2026-04-09 15:09:32.718 | INFO     | __main__:main:32 - >>> START PHASE 1: DATA ACQUISITION
2026-04-09 15:09:32.718 | INFO     | pipeline.phase1_acquisition:crawl_repositories:106 - Đang fetch repositories với query: language:java management system
2026-04-09 15:09:39.031 | INFO     | pipeline.phase1_acquisition:crawl_repositories:106 - Đang fetch repositories với query: language:java "web server" http
2026-04-09 15:09:39.031 | INFO     | pipeline.phase1_acquisition:crawl_repositories:106 - Đang fetch repositories với query: language:java database engine
2026-04-09 15:09:39.031 | INFO     | pipeline.phase1_acquisition:crawl_repositories:106 - Đang fetch repositories với query: language:C++ "game engine" graphics
2026-04-09 15:09:39.031 | INFO     | pipeline.phase1_acquisition:crawl_repositories:106 - Đang fetch repositories với query: language:C++ "operating system" kernel
2026-04-09 15:09:39.032 | INFO     | pipeline.phase1_acquisition:crawl_repositories:106 - Đang fetch repositories với query: language:C++ computer-vision library
2026-04-09 15:09:39.032 | INFO     | pipeline.phase1_acquisition:crawl_repositories:106 - Đang fetch repositories với query: language:C++ networking tool
2026-04-09 15:09:39.032 | INFO     | pipeline.phase1_acquisition:crawl_repositories:106 - Đang fetch repositories với query: language:C++ driver hardware
2026-04-09 15:09:39.032 | INFO     | pipeline.phase1_acquisition:crawl_repositories:143 - Hoàn thành crawl 1 repos.
2026-04-09 15:09:39.033 | INFO     | pipeline.phase1_acquisition:run_phase1_acquisition:180 - Bắt đầu clone các repo đã thu thập...
2026-04-09 15:09:39.033 | INFO     | pipeline.phase1_acquisition:clone_repository:149 - Đang shallow clone apollo...
2026-04-09 15:09:39.033 | INFO     | pipeline.phase1_acquisition:clone_repository:152 - Repo apollo đã tồn tại, skip clone.
2026-04-09 15:09:39.041 | INFO     | pipeline.phase1_acquisition:run_phase1_acquisition:198 - Hoàn thành Giai đoạn 1 (Data Acquisition).
2026-04-09 15:09:39.041 | INFO     | __main__:main:38 - >>> START PHASE 2: ENGINEERING
2026-04-09 15:09:39.042 | INFO     | pipeline.phase2_engineering:run_phase2_engineering:177 - Phase 2: Bắt đầu xử lý 1 repository.
2026-04-09 15:09:39.045 | INFO     | pipeline.phase2_engineering:process_one:213 - [apollo] Bước 1: Khởi chạy Joern trích xuất đặc trưng tĩnh...
2026-04-09 15:09:39.045 | DEBUG    | pipeline.phase2_engineering:extract_features:92 - [apollo] Đang phân tích và ghi file: /home/lambda/lambda/code/pbl5-queries/temp_data/joern_apollo.json
2026-04-09 15:09:45.371 | INFO     | pipeline.phase2_engineering:process_one:226 - [apollo] Joern tìm thấy 1287 methods tiềm năng.
2026-04-09 15:09:45.371 | INFO     | pipeline.phase2_engineering:process_one:229 - [apollo] Bước 2: Khởi chạy PyDriller quét lịch sử commit...
2026-04-09 15:09:45.386 | INFO     | pipeline.phase2_engineering:process_commit_history_worker:126 - [CPU Worker] Bắt đầu duyệt PyDriller trên: temp_data/apollo
2026-04-09 15:11:50.829 | INFO     | pipeline.phase2_engineering:process_one:240 - [apollo] PyDriller hoàn tất với 11682 methods có thay đổi.
2026-04-09 15:11:50.954 | INFO     | pipeline.phase2_engineering:process_one:263 - Repo apollo: Sinh 1239 methods dataset qua Phase 2.
2026-04-09 15:11:50.971 | INFO     | pipeline.phase2_engineering:run_phase2_engineering:273 - Hoàn thành Giai đoạn 2 (Engineering).
2026-04-09 15:11:50.972 | INFO     | __main__:main:44 - >>> START PHASE 3: AI SYNTHESIS
2026-04-09 15:11:50.972 | INFO     | pipeline.phase3_synthesis:run_phase3_synthesis:213 - Phase 3: Bắt đầu gán nhãn cho 1 repository bằng chế độ: WEB
2026-04-09 15:11:50.975 | INFO     | pipeline.phase3_synthesis:run_phase3_synthesis:264 - [apollo] Tiến hành gán nhãn Web (Camoufox) cho 1239 methods...
2026-04-09 15:11:50.975 | INFO     | pipeline.phase3_synthesis:init_browser:83 - Initializing Camoufox Browser (Headless Mode)...
2026-04-09 15:12:25.409 | ERROR    | pipeline.phase3_synthesis:process_method_file:204 - Lỗi AI API file 107374184804.json (Repo apollo): Locator.wait_for: Timeout 30000ms exceeded.
Call log:
  - waiting for locator("div[contenteditable='true']").first to be visible
    - waiting for navigation to finish...
    - navigated to "https://chat.deepseek.com/"

2026-04-09 15:12:55.425 | ERROR    | pipeline.phase3_synthesis:process_method_file:204 - Lỗi AI API file 107374184732.json (Repo apollo): Locator.wait_for: Timeout 30000ms exceeded.
Call log:
  - waiting for locator("div[contenteditable='true']").first to be visible

2026-04-09 15:13:25.441 | ERROR    | pipeline.phase3_synthesis:process_method_file:204 - Lỗi AI API file 107374183401.json (Repo apollo): Locator.wait_for: Timeout 30000ms exceeded.
Call log:
  - waiting for locator("div[contenteditable='true']").first to be visible

2026-04-09 15:13:55.457 | ERROR    | pipeline.phase3_synthesis:process_method_file:204 - Lỗi AI API file 107374183542.json (Repo apollo): Locator.wait_for: Timeout 30000ms exceeded.
Call log:
  - waiting for locator("div[contenteditable='true']").first to be visible

2026-04-09 15:14:25.473 | ERROR    | pipeline.phase3_synthesis:process_method_file:204 - Lỗi AI API file 107374183453.json (Repo apollo): Locator.wait_for: Timeout 30000ms exceeded.
Call log:
  - waiting for locator("div[contenteditable='true']").first to be visible

2026-04-09 15:14:55.489 | ERROR    | pipeline.phase3_synthesis:process_method_file:204 - Lỗi AI API file 107374184145.json (Repo apollo): Locator.wait_for: Timeout 30000ms exceeded.
Call log:
  - waiting for locator("div[contenteditable='true']").first to be visible

2026-04-09 15:15:25.506 | ERROR    | pipeline.phase3_synthesis:process_method_file:204 - Lỗi AI API file 107374184143.json (Repo apollo): Locator.wait_for: Timeout 30000ms exceeded.
Call log:
  - waiting for locator("div[contenteditable='true']").first to be visible

2026-04-09 15:15:55.521 | ERROR    | pipeline.phase3_synthesis:process_method_file:204 - Lỗi AI API file 107374184168.json (Repo apollo): Locator.wait_for: Timeout 30000ms exceeded.
Call log:
  - waiting for locator("div[contenteditable='true']").first to be visible

2026-04-09 15:16:25.536 | ERROR    | pipeline.phase3_synthesis:process_method_file:204 - Lỗi AI API file 107374184357.json (Repo apollo): Locator.wait_for: Timeout 30000ms exceeded.
Call log:
  - waiting for locator("div[contenteditable='true']").first to be visible

2026-04-09 15:16:55.551 | ERROR    | pipeline.phase3_synthesis:process_method_file:204 - Lỗi AI API file 107374183077.json (Repo apollo): Locator.wait_for: Timeout 30000ms exceeded.
Call log:
  - waiting for locator("div[contenteditable='true']").first to be visible

2026-04-09 15:17:25.565 | ERROR    | pipeline.phase3_synthesis:process_method_file:204 - Lỗi AI API file 107374183151.json (Repo apollo): Locator.wait_for: Timeout 30000ms exceeded.
Call log:
  - waiting for locator("div[contenteditable='true']").first to be visible

2026-04-09 15:17:55.578 | ERROR    | pipeline.phase3_synthesis:process_method_file:204 - Lỗi AI API file 107374183158.json (Repo apollo): Locator.wait_for: Timeout 30000ms exceeded.
Call log:
  - waiting for locator("div[contenteditable='true']").first to be visible

2026-04-09 15:18:25.595 | ERROR    | pipeline.phase3_synthesis:process_method_file:204 - Lỗi AI API file 107374183487.json (Repo apollo): Locator.wait_for: Timeout 30000ms exceeded.
Call log:
  - waiting for locator("div[contenteditable='true']").first to be visible

2026-04-09 15:18:55.609 | ERROR    | pipeline.phase3_synthesis:process_method_file:204 - Lỗi AI API file 107374184169.json (Repo apollo): Locator.wait_for: Timeout 30000ms exceeded.
Call log:
  - waiting for locator("div[contenteditable='true']").first to be visible

2026-04-09 15:19:25.625 | ERROR    | pipeline.phase3_synthesis:process_method_file:204 - Lỗi AI API file 107374182443.json (Repo apollo): Locator.wait_for: Timeout 30000ms exceeded.
Call log:
  - waiting for locator("div[contenteditable='true']").first to be visible

2026-04-09 15:19:55.640 | ERROR    | pipeline.phase3_synthesis:process_method_file:204 - Lỗi AI API file 107374182456.json (Repo apollo): Locator.wait_for: Timeout 30000ms exceeded.
Call log:
  - waiting for locator("div[contenteditable='true']").first to be visible

2026-04-09 15:20:25.652 | ERROR    | pipeline.phase3_synthesis:process_method_file:204 - Lỗi AI API file 107374182477.json (Repo apollo): Locator.wait_for: Timeout 30000ms exceeded.
Call log:
  - waiting for locator("div[contenteditable='true']").first to be visible

2026-04-09 15:20:55.667 | ERROR    | pipeline.phase3_synthesis:process_method_file:204 - Lỗi AI API file 107374182481.json (Repo apollo): Locator.wait_for: Timeout 30000ms exceeded.
Call log:
  - waiting for locator("div[contenteditable='true']").first to be visible

2026-04-09 15:21:25.680 | ERROR    | pipeline.phase3_synthesis:process_method_file:204 - Lỗi AI API file 107374182476.json (Repo apollo): Locator.wait_for: Timeout 30000ms exceeded.
Call log:
  - waiting for locator("div[contenteditable='true']").first to be visible

2026-04-09 15:21:55.695 | ERROR    | pipeline.phase3_synthesis:process_method_file:204 - Lỗi AI API file 107374182486.json (Repo apollo): Locator.wait_for: Timeout 30000ms exceeded.
Call log:
  - waiting for locator("div[contenteditable='true']").first to be visible

2026-04-09 15:22:25.707 | ERROR    | pipeline.phase3_synthesis:process_method_file:204 - Lỗi AI API file 107374182497.json (Repo apollo): Locator.wait_for: Timeout 30000ms exceeded.
Call log:
  - waiting for locator("div[contenteditable='true']").first to be visible

2026-04-09 15:23:13.665 | INFO     | __main__:main:23 - 🔥 KHỞI CHẠY PIPELINE CODE SMELL (ASYNC & MULTIPROCESSING) 🔥
2026-04-09 15:23:13.665 | INFO     | __main__:main:24 - 🚀 Running in WEB mode for AI Labeling
2026-04-09 15:23:13.665 | INFO     | __main__:main:32 - >>> START PHASE 1: DATA ACQUISITION
2026-04-09 15:23:13.665 | INFO     | pipeline.phase1_acquisition:crawl_repositories:106 - Đang fetch repositories với query: language:java management system
2026-04-09 15:23:21.284 | INFO     | pipeline.phase1_acquisition:crawl_repositories:106 - Đang fetch repositories với query: language:java "web server" http
2026-04-09 15:23:21.285 | INFO     | pipeline.phase1_acquisition:crawl_repositories:106 - Đang fetch repositories với query: language:java database engine
2026-04-09 15:23:21.285 | INFO     | pipeline.phase1_acquisition:crawl_repositories:106 - Đang fetch repositories với query: language:C++ "game engine" graphics
2026-04-09 15:23:21.285 | INFO     | pipeline.phase1_acquisition:crawl_repositories:106 - Đang fetch repositories với query: language:C++ "operating system" kernel
2026-04-09 15:23:21.285 | INFO     | pipeline.phase1_acquisition:crawl_repositories:106 - Đang fetch repositories với query: language:C++ computer-vision library
2026-04-09 15:23:21.285 | INFO     | pipeline.phase1_acquisition:crawl_repositories:106 - Đang fetch repositories với query: language:C++ networking tool
2026-04-09 15:23:21.285 | INFO     | pipeline.phase1_acquisition:crawl_repositories:106 - Đang fetch repositories với query: language:C++ driver hardware
2026-04-09 15:23:21.286 | INFO     | pipeline.phase1_acquisition:crawl_repositories:143 - Hoàn thành crawl 1 repos.
2026-04-09 15:23:21.286 | INFO     | pipeline.phase1_acquisition:run_phase1_acquisition:180 - Bắt đầu clone các repo đã thu thập...
2026-04-09 15:23:21.286 | INFO     | pipeline.phase1_acquisition:clone_repository:149 - Đang shallow clone apollo...
2026-04-09 15:23:21.287 | INFO     | pipeline.phase1_acquisition:clone_repository:152 - Repo apollo đã tồn tại, skip clone.
2026-04-09 15:23:21.294 | INFO     | pipeline.phase1_acquisition:run_phase1_acquisition:198 - Hoàn thành Giai đoạn 1 (Data Acquisition).
2026-04-09 15:23:21.294 | INFO     | __main__:main:38 - >>> START PHASE 2: ENGINEERING
2026-04-09 15:23:21.294 | INFO     | pipeline.phase2_engineering:run_phase2_engineering:177 - Phase 2: Bắt đầu xử lý 1 repository.
2026-04-09 15:23:21.297 | INFO     | pipeline.phase2_engineering:process_one:213 - [apollo] Bước 1: Khởi chạy Joern trích xuất đặc trưng tĩnh...
2026-04-09 15:23:21.298 | DEBUG    | pipeline.phase2_engineering:extract_features:92 - [apollo] Đang phân tích và ghi file: /home/lambda/lambda/code/pbl5-queries/temp_data/joern_apollo.json
2026-04-09 15:23:27.511 | INFO     | pipeline.phase2_engineering:process_one:226 - [apollo] Joern tìm thấy 1287 methods tiềm năng.
2026-04-09 15:23:27.511 | INFO     | pipeline.phase2_engineering:process_one:229 - [apollo] Bước 2: Khởi chạy PyDriller quét lịch sử commit...
2026-04-09 15:23:27.525 | INFO     | pipeline.phase2_engineering:process_commit_history_worker:126 - [CPU Worker] Bắt đầu duyệt PyDriller trên: temp_data/apollo
2026-04-09 15:24:53.467 | INFO     | pipeline.phase2_engineering:process_one:240 - [apollo] PyDriller hoàn tất với 11682 methods có thay đổi.
2026-04-09 15:24:53.534 | INFO     | pipeline.phase2_engineering:process_one:263 - Repo apollo: Sinh 1239 methods dataset qua Phase 2.
2026-04-09 15:24:53.546 | INFO     | pipeline.phase2_engineering:run_phase2_engineering:273 - Hoàn thành Giai đoạn 2 (Engineering).
2026-04-09 15:24:53.546 | INFO     | __main__:main:44 - >>> START PHASE 3: AI SYNTHESIS
2026-04-09 15:24:53.547 | INFO     | pipeline.phase3_synthesis:run_phase3_synthesis:213 - Phase 3: Bắt đầu gán nhãn cho 1 repository bằng chế độ: WEB
2026-04-09 15:24:53.548 | INFO     | pipeline.phase3_synthesis:run_phase3_synthesis:264 - [apollo] Tiến hành gán nhãn Web (Camoufox) cho 1239 methods...
2026-04-09 15:24:53.548 | INFO     | pipeline.phase3_synthesis:init_browser:83 - Initializing Camoufox Browser (Headless Mode)...
2026-04-09 15:25:26.915 | ERROR    | pipeline.phase3_synthesis:process_method_file:204 - Lỗi AI API file 107374184804.json (Repo apollo): Locator.wait_for: Timeout 30000ms exceeded.
Call log:
  - waiting for locator("div[contenteditable='true']").first to be visible

2026-04-09 15:25:56.930 | ERROR    | pipeline.phase3_synthesis:process_method_file:204 - Lỗi AI API file 107374184732.json (Repo apollo): Locator.wait_for: Timeout 30000ms exceeded.
Call log:
  - waiting for locator("div[contenteditable='true']").first to be visible
    - waiting for" https://chat.deepseek.com/api/v0/users/oauth/google/authorize?os=web&device_id=&shumei_verification=&hcaptcha_token=" navigation to finish...
    - navigated to "https://accounts.google.com/v3/signin/identifier?opparams=%253F&access_type=offline&client_id=205977709770-3d0am349pfuhpv45soo1qt5o6h7cbofk.apps.googleusercontent.com&o2v=1&prompt=consent&redirect_ur…"

2026-04-09 15:26:26.948 | ERROR    | pipeline.phase3_synthesis:process_method_file:204 - Lỗi AI API file 107374183401.json (Repo apollo): Locator.wait_for: Timeout 30000ms exceeded.
Call log:
  - waiting for locator("div[contenteditable='true']").first to be visible
    - waiting for" https://accounts.google.com.vn/accounts/SetSID?ssdc=1&sidt=ALWU2ctHDrOUCPzNFdlFDjLKQRKQnFWc9HONq4y1GDXa8L1DZH%2B7FwwagoA17xhWvp3vJZMRuq7XKfjaHwHHA328Ar7AfEh4LiN9MBopL6W26CyrDR5m2DVIrh14%2BpfH06KLaws3…" navigation to finish...
    - navigated to "https://accounts.google.com.vn/accounts/SetSID?ssdc=1&sidt=ALWU2ctHDrOUCPzNFdlFDjLKQRKQnFWc9HONq4y1GDXa8L1DZH%2B7FwwagoA17xhWvp3vJZMRuq7XKfjaHwHHA328Ar7AfEh4LiN9MBopL6W26CyrDR5m2DVIrh14%2BpfH06KLaws3…"
    - waiting for" https://accounts.google.com/signin/oauth/id?authuser=0&part=AJi8hAPOV7P9wwKHWeO1Zkubo3kA6NXhaIRMnS34vrV7Qev6ZP-H2BdvRrSJaTghC4OwOqmFLtNujL3yy_zWZ9e5eAk1ZMMKHSeb5qiBHteJ2LkYXiamz834C6q57dj3Ynb3ULunVpw…" navigation to finish...
    - navigated to "https://accounts.google.com/signin/oauth/id?authuser=0&part=AJi8hAPOV7P9wwKHWeO1Zkubo3kA6NXhaIRMnS34vrV7Qev6ZP-H2BdvRrSJaTghC4OwOqmFLtNujL3yy_zWZ9e5eAk1ZMMKHSeb5qiBHteJ2LkYXiamz834C6q57dj3Ynb3ULunVpw…"

2026-04-09 15:26:59.449 | INFO     | __main__:main:23 - 🔥 KHỞI CHẠY PIPELINE CODE SMELL (ASYNC & MULTIPROCESSING) 🔥
2026-04-09 15:26:59.449 | INFO     | __main__:main:24 - 🚀 Running in WEB mode for AI Labeling
2026-04-09 15:26:59.449 | INFO     | __main__:main:32 - >>> START PHASE 1: DATA ACQUISITION
2026-04-09 15:26:59.449 | INFO     | pipeline.phase1_acquisition:crawl_repositories:106 - Đang fetch repositories với query: language:java management system
2026-04-09 15:27:06.866 | INFO     | pipeline.phase1_acquisition:crawl_repositories:106 - Đang fetch repositories với query: language:java "web server" http
2026-04-09 15:27:06.867 | INFO     | pipeline.phase1_acquisition:crawl_repositories:106 - Đang fetch repositories với query: language:java database engine
2026-04-09 15:27:06.867 | INFO     | pipeline.phase1_acquisition:crawl_repositories:106 - Đang fetch repositories với query: language:C++ "game engine" graphics
2026-04-09 15:27:06.867 | INFO     | pipeline.phase1_acquisition:crawl_repositories:106 - Đang fetch repositories với query: language:C++ "operating system" kernel
2026-04-09 15:27:06.867 | INFO     | pipeline.phase1_acquisition:crawl_repositories:106 - Đang fetch repositories với query: language:C++ computer-vision library
2026-04-09 15:27:06.867 | INFO     | pipeline.phase1_acquisition:crawl_repositories:106 - Đang fetch repositories với query: language:C++ networking tool
2026-04-09 15:27:06.867 | INFO     | pipeline.phase1_acquisition:crawl_repositories:106 - Đang fetch repositories với query: language:C++ driver hardware
2026-04-09 15:27:06.868 | INFO     | pipeline.phase1_acquisition:crawl_repositories:143 - Hoàn thành crawl 1 repos.
2026-04-09 15:27:06.869 | INFO     | pipeline.phase1_acquisition:run_phase1_acquisition:180 - Bắt đầu clone các repo đã thu thập...
2026-04-09 15:27:06.869 | INFO     | pipeline.phase1_acquisition:clone_repository:149 - Đang shallow clone apollo...
2026-04-09 15:27:06.869 | INFO     | pipeline.phase1_acquisition:clone_repository:152 - Repo apollo đã tồn tại, skip clone.
2026-04-09 15:27:06.877 | INFO     | pipeline.phase1_acquisition:run_phase1_acquisition:198 - Hoàn thành Giai đoạn 1 (Data Acquisition).
2026-04-09 15:27:06.877 | INFO     | __main__:main:38 - >>> START PHASE 2: ENGINEERING
2026-04-09 15:27:06.877 | INFO     | pipeline.phase2_engineering:run_phase2_engineering:174 - Không có Repos nào cần chạy Phase 2.
2026-04-09 15:27:06.877 | INFO     | __main__:main:44 - >>> START PHASE 3: AI SYNTHESIS
2026-04-09 15:27:06.877 | INFO     | pipeline.phase3_synthesis:run_phase3_synthesis:213 - Phase 3: Bắt đầu gán nhãn cho 1 repository bằng chế độ: WEB
2026-04-09 15:27:06.880 | INFO     | pipeline.phase3_synthesis:run_phase3_synthesis:264 - [apollo] Tiến hành gán nhãn Web (Camoufox) cho 1239 methods...
2026-04-09 15:27:06.880 | INFO     | pipeline.phase3_synthesis:init_browser:83 - Initializing Camoufox Browser (Headless Mode)...
2026-04-09 15:27:40.362 | ERROR    | pipeline.phase3_synthesis:process_method_file:204 - Lỗi AI API file 107374184804.json (Repo apollo): Locator.wait_for: Timeout 30000ms exceeded.
Call log:
  - waiting for locator("div[contenteditable='true']").first to be visible
    - waiting for navigation to finish...
    - navigated to "https://chat.deepseek.com/"
    - waiting for" https://chat.deepseek.com/api/v0/users/oauth/google/authorize?os=web&device_id=&shumei_verification=&hcaptcha_token=" navigation to finish...
    - navigated to "https://accounts.google.com/v3/signin/identifier?opparams=%253F&access_type=offline&client_id=205977709770-3d0am349pfuhpv45soo1qt5o6h7cbofk.apps.googleusercontent.com&o2v=1&prompt=consent&redirect_ur…"
    - waiting for" https://accounts.google.com.vn/accounts/SetSID?ssdc=1&sidt=ALWU2csRfOYYrYMKuztttWadXr6yHVV3d/U2EfdfdCJFylePEr1w6AFGh2VmCPw0FJfQlr2q2StOXxeEZWMau%2B2Hi2vWNJk1lDQU5SgdUh1iebKQmazHOs3QR27UzWhpyu4gmTPRBp…" navigation to finish...
    - navigated to "https://accounts.google.com.vn/accounts/SetSID?ssdc=1&sidt=ALWU2csRfOYYrYMKuztttWadXr6yHVV3d/U2EfdfdCJFylePEr1w6AFGh2VmCPw0FJfQlr2q2StOXxeEZWMau%2B2Hi2vWNJk1lDQU5SgdUh1iebKQmazHOs3QR27UzWhpyu4gmTPRBp…"
    - waiting for" https://accounts.google.com/signin/oauth/id?authuser=0&part=AJi8hAOdThSGTuy5wTGdrjXjk5WOI6uLcB0divvoTSQQmAjng2Iye9fgL1WDKi9SGsYS-YVTRlVsUBhxJh-DY0SuCBnWlv9seWLTxm6hv6GW_RZe_ZZLX0uwbWLQxUqEevuxw_XZmr0…" navigation to finish...

2026-04-09 15:28:10.376 | ERROR    | pipeline.phase3_synthesis:process_method_file:204 - Lỗi AI API file 107374184732.json (Repo apollo): Locator.wait_for: Timeout 30000ms exceeded.
Call log:
  - waiting for locator("div[contenteditable='true']").first to be visible
    - waiting for" https://accounts.google.com/signin/oauth/id?authuser=0&part=AJi8hAOdThSGTuy5wTGdrjXjk5WOI6uLcB0divvoTSQQmAjng2Iye9fgL1WDKi9SGsYS-YVTRlVsUBhxJh-DY0SuCBnWlv9seWLTxm6hv6GW_RZe_ZZLX0uwbWLQxUqEevuxw_XZmr0…" navigation to finish...
    - navigated to "https://accounts.google.com/signin/oauth/id?authuser=0&part=AJi8hAOdThSGTuy5wTGdrjXjk5WOI6uLcB0divvoTSQQmAjng2Iye9fgL1WDKi9SGsYS-YVTRlVsUBhxJh-DY0SuCBnWlv9seWLTxm6hv6GW_RZe_ZZLX0uwbWLQxUqEevuxw_XZmr0…"
    - waiting for" https://accounts.google.com/signin/oauth/consent?as=S941026641%3A1775723234946543&authuser=0&client_id=205977709770-3d0am349pfuhpv45soo1qt5o6h7cbofk.apps.googleusercontent.com&flowName=GeneralOAuthFl…" navigation to finish...
    - navigated to "https://chat.deepseek.com/authorized?provider=GOOGLE&nonce=cb49be8045f968923d430f3ee0c04ee107ba9c195370e5f4a3a8bc3375658c5d&new=0&case=1"

2026-04-09 15:31:35.946 | ERROR    | pipeline.phase3_synthesis:process_method_file:204 - Lỗi AI API file 107374182456.json (Repo apollo): Locator.click: Timeout 30000ms exceeded.
Call log:
  - waiting for locator("textarea").first
    - locator resolved to <textarea rows="2" name="search" autocomplete="off" placeholder="Message DeepSeek" class="_27c9245 ds-scroll-area ds-scroll-area--show-on-focus-within d96f2d2a"></textarea>
  - attempting click action
    - waiting for element to be visible, enabled and stable
    - element is visible, enabled and stable
    - scrolling into view if needed
    - done scrolling
    - performing click action

2026-04-09 15:32:05.975 | ERROR    | pipeline.phase3_synthesis:process_method_file:204 - Lỗi AI API file 107374182477.json (Repo apollo): Locator.click: Timeout 30000ms exceeded.
Call log:
  - waiting for locator("textarea").first
    - locator resolved to <textarea rows="2" name="search" autocomplete="off" placeholder="Message DeepSeek" class="_27c9245 ds-scroll-area ds-scroll-area--show-on-focus-within d96f2d2a"></textarea>
  - attempting click action
    - waiting for element to be visible, enabled and stable
    - element is visible, enabled and stable
    - scrolling into view if needed
    - done scrolling
    - performing click action

2026-04-09 15:32:36.013 | ERROR    | pipeline.phase3_synthesis:process_method_file:204 - Lỗi AI API file 107374182481.json (Repo apollo): Locator.click: Timeout 30000ms exceeded.
Call log:
  - waiting for locator("textarea").first
    - locator resolved to <textarea rows="2" name="search" autocomplete="off" placeholder="Message DeepSeek" class="_27c9245 ds-scroll-area ds-scroll-area--show-on-focus-within d96f2d2a"></textarea>
  - attempting click action
    - waiting for element to be visible, enabled and stable
    - element is visible, enabled and stable
    - scrolling into view if needed
    - done scrolling
    - performing click action

